nodes,group_size,rep,mode,payload_bytes,op_id,root,group_idx,size,legs,start_ns,complete_ns,duration_ns,matrix_path
16,4,0,baseline,2048,1,2,0,2048,3,0,3751,3751,mtu_sweep/bcast_n16_g4_r0_m2048.cm
16,4,0,mcast,2048,1,2,0,2048,3,0,3413,3413,mtu_sweep/bcast_n16_g4_r0_m2048.cm
16,4,0,baseline,4096,1,2,0,4096,3,0,4258,4258,mtu_sweep/bcast_n16_g4_r0_m4096.cm
16,4,0,mcast,4096,1,2,0,4096,3,0,3582,3582,mtu_sweep/bcast_n16_g4_r0_m4096.cm
16,4,0,baseline,16384,1,2,0,16384,3,0,7299,7299,mtu_sweep/bcast_n16_g4_r0_m16384.cm
16,4,0,mcast,16384,1,2,0,16384,3,0,4596,4596,mtu_sweep/bcast_n16_g4_r0_m16384.cm
16,4,0,baseline,65536,1,2,0,65536,3,0,19464,19464,mtu_sweep/bcast_n16_g4_r0_m65536.cm
16,4,0,mcast,65536,1,2,0,65536,3,0,8651,8651,mtu_sweep/bcast_n16_g4_r0_m65536.cm
16,4,0,baseline,262144,1,2,0,262144,3,0,66773,66773,mtu_sweep/bcast_n16_g4_r0_m262144.cm
16,4,0,mcast,262144,1,2,0,262144,3,0,24364,24364,mtu_sweep/bcast_n16_g4_r0_m262144.cm
16,4,0,baseline,1048576,1,2,0,1048576,3,0,255333,255333,mtu_sweep/bcast_n16_g4_r0_m1048576.cm
16,4,0,mcast,1048576,1,2,0,1048576,3,0,87217,87217,mtu_sweep/bcast_n16_g4_r0_m1048576.cm
16,4,1,baseline,2048,1,13,0,2048,3,0,3582,3582,mtu_sweep/bcast_n16_g4_r1_m2048.cm
16,4,1,mcast,2048,1,13,0,2048,3,0,3413,3413,mtu_sweep/bcast_n16_g4_r1_m2048.cm
16,4,1,baseline,4096,1,13,0,4096,3,0,4089,4089,mtu_sweep/bcast_n16_g4_r1_m4096.cm
16,4,1,mcast,4096,1,13,0,4096,3,0,3582,3582,mtu_sweep/bcast_n16_g4_r1_m4096.cm
16,4,1,baseline,16384,1,13,0,16384,3,0,7130,7130,mtu_sweep/bcast_n16_g4_r1_m16384.cm
16,4,1,mcast,16384,1,13,0,16384,3,0,4596,4596,mtu_sweep/bcast_n16_g4_r1_m16384.cm
16,4,1,baseline,65536,1,13,0,65536,3,0,19296,19296,mtu_sweep/bcast_n16_g4_r1_m65536.cm
16,4,1,mcast,65536,1,13,0,65536,3,0,8651,8651,mtu_sweep/bcast_n16_g4_r1_m65536.cm
16,4,1,baseline,262144,1,13,0,262144,3,0,66604,66604,mtu_sweep/bcast_n16_g4_r1_m262144.cm
16,4,1,mcast,262144,1,13,0,262144,3,0,24364,24364,mtu_sweep/bcast_n16_g4_r1_m262144.cm
16,4,1,baseline,1048576,1,13,0,1048576,3,0,255164,255164,mtu_sweep/bcast_n16_g4_r1_m1048576.cm
16,4,1,mcast,1048576,1,13,0,1048576,3,0,87217,87217,mtu_sweep/bcast_n16_g4_r1_m1048576.cm
16,4,2,baseline,2048,1,14,0,2048,3,0,3751,3751,mtu_sweep/bcast_n16_g4_r2_m2048.cm
16,4,2,mcast,2048,1,14,0,2048,3,0,3413,3413,mtu_sweep/bcast_n16_g4_r2_m2048.cm
16,4,2,baseline,4096,1,14,0,4096,3,0,4258,4258,mtu_sweep/bcast_n16_g4_r2_m4096.cm
16,4,2,mcast,4096,1,14,0,4096,3,0,3582,3582,mtu_sweep/bcast_n16_g4_r2_m4096.cm
16,4,2,baseline,16384,1,14,0,16384,3,0,7299,7299,mtu_sweep/bcast_n16_g4_r2_m16384.cm
16,4,2,mcast,16384,1,14,0,16384,3,0,4596,4596,mtu_sweep/bcast_n16_g4_r2_m16384.cm
16,4,2,baseline,65536,1,14,0,65536,3,0,19464,19464,mtu_sweep/bcast_n16_g4_r2_m65536.cm
16,4,2,mcast,65536,1,14,0,65536,3,0,8651,8651,mtu_sweep/bcast_n16_g4_r2_m65536.cm
16,4,2,baseline,262144,1,14,0,262144,3,0,66773,66773,mtu_sweep/bcast_n16_g4_r2_m262144.cm
16,4,2,mcast,262144,1,14,0,262144,3,0,24364,24364,mtu_sweep/bcast_n16_g4_r2_m262144.cm
16,4,2,baseline,1048576,1,14,0,1048576,3,0,255333,255333,mtu_sweep/bcast_n16_g4_r2_m1048576.cm
16,4,2,mcast,1048576,1,14,0,1048576,3,0,87217,87217,mtu_sweep/bcast_n16_g4_r2_m1048576.cm
16,4,3,baseline,2048,1,4,0,2048,3,0,3582,3582,mtu_sweep/bcast_n16_g4_r3_m2048.cm
16,4,3,mcast,2048,1,4,0,2048,3,0,3413,3413,mtu_sweep/bcast_n16_g4_r3_m2048.cm
16,4,3,baseline,4096,1,4,0,4096,3,0,4089,4089,mtu_sweep/bcast_n16_g4_r3_m4096.cm
16,4,3,mcast,4096,1,4,0,4096,3,0,3582,3582,mtu_sweep/bcast_n16_g4_r3_m4096.cm
16,4,3,baseline,16384,1,4,0,16384,3,0,7130,7130,mtu_sweep/bcast_n16_g4_r3_m16384.cm
16,4,3,mcast,16384,1,4,0,16384,3,0,4596,4596,mtu_sweep/bcast_n16_g4_r3_m16384.cm
16,4,3,baseline,65536,1,4,0,65536,3,0,19296,19296,mtu_sweep/bcast_n16_g4_r3_m65536.cm
16,4,3,mcast,65536,1,4,0,65536,3,0,8651,8651,mtu_sweep/bcast_n16_g4_r3_m65536.cm
16,4,3,baseline,262144,1,4,0,262144,3,0,66604,66604,mtu_sweep/bcast_n16_g4_r3_m262144.cm
16,4,3,mcast,262144,1,4,0,262144,3,0,24364,24364,mtu_sweep/bcast_n16_g4_r3_m262144.cm
16,4,3,baseline,1048576,1,4,0,1048576,3,0,255164,255164,mtu_sweep/bcast_n16_g4_r3_m1048576.cm
16,4,3,mcast,1048576,1,4,0,1048576,3,0,87217,87217,mtu_sweep/bcast_n16_g4_r3_m1048576.cm
16,4,4,baseline,2048,1,4,0,2048,3,0,3582,3582,mtu_sweep/bcast_n16_g4_r4_m2048.cm
16,4,4,mcast,2048,1,4,0,2048,3,0,3413,3413,mtu_sweep/bcast_n16_g4_r4_m2048.cm
16,4,4,baseline,4096,1,4,0,4096,3,0,4089,4089,mtu_sweep/bcast_n16_g4_r4_m4096.cm
16,4,4,mcast,4096,1,4,0,4096,3,0,3582,3582,mtu_sweep/bcast_n16_g4_r4_m4096.cm
16,4,4,baseline,16384,1,4,0,16384,3,0,7130,7130,mtu_sweep/bcast_n16_g4_r4_m16384.cm
16,4,4,mcast,16384,1,4,0,16384,3,0,4596,4596,mtu_sweep/bcast_n16_g4_r4_m16384.cm
16,4,4,baseline,65536,1,4,0,65536,3,0,19296,19296,mtu_sweep/bcast_n16_g4_r4_m65536.cm
16,4,4,mcast,65536,1,4,0,65536,3,0,8651,8651,mtu_sweep/bcast_n16_g4_r4_m65536.cm
16,4,4,baseline,262144,1,4,0,262144,3,0,66604,66604,mtu_sweep/bcast_n16_g4_r4_m262144.cm
16,4,4,mcast,262144,1,4,0,262144,3,0,24364,24364,mtu_sweep/bcast_n16_g4_r4_m262144.cm
16,4,4,baseline,1048576,1,4,0,1048576,3,0,255164,255164,mtu_sweep/bcast_n16_g4_r4_m1048576.cm
16,4,4,mcast,1048576,1,4,0,1048576,3,0,87217,87217,mtu_sweep/bcast_n16_g4_r4_m1048576.cm
16,4,5,baseline,2048,1,8,0,2048,3,0,3751,3751,mtu_sweep/bcast_n16_g4_r5_m2048.cm
16,4,5,mcast,2048,1,8,0,2048,3,0,3413,3413,mtu_sweep/bcast_n16_g4_r5_m2048.cm
16,4,5,baseline,4096,1,8,0,4096,3,0,4258,4258,mtu_sweep/bcast_n16_g4_r5_m4096.cm
16,4,5,mcast,4096,1,8,0,4096,3,0,3582,3582,mtu_sweep/bcast_n16_g4_r5_m4096.cm
16,4,5,baseline,16384,1,8,0,16384,3,0,7299,7299,mtu_sweep/bcast_n16_g4_r5_m16384.cm
16,4,5,mcast,16384,1,8,0,16384,3,0,4596,4596,mtu_sweep/bcast_n16_g4_r5_m16384.cm
16,4,5,baseline,65536,1,8,0,65536,3,0,19464,19464,mtu_sweep/bcast_n16_g4_r5_m65536.cm
16,4,5,mcast,65536,1,8,0,65536,3,0,8651,8651,mtu_sweep/bcast_n16_g4_r5_m65536.cm
16,4,5,baseline,262144,1,8,0,262144,3,0,66773,66773,mtu_sweep/bcast_n16_g4_r5_m262144.cm
16,4,5,mcast,262144,1,8,0,262144,3,0,24364,24364,mtu_sweep/bcast_n16_g4_r5_m262144.cm
16,4,5,baseline,1048576,1,8,0,1048576,3,0,255333,255333,mtu_sweep/bcast_n16_g4_r5_m1048576.cm
16,4,5,mcast,1048576,1,8,0,1048576,3,0,87217,87217,mtu_sweep/bcast_n16_g4_r5_m1048576.cm
16,4,6,baseline,2048,1,9,0,2048,3,0,3751,3751,mtu_sweep/bcast_n16_g4_r6_m2048.cm
16,4,6,mcast,2048,1,9,0,2048,3,0,3413,3413,mtu_sweep/bcast_n16_g4_r6_m2048.cm
16,4,6,baseline,4096,1,9,0,4096,3,0,4258,4258,mtu_sweep/bcast_n16_g4_r6_m4096.cm
16,4,6,mcast,4096,1,9,0,4096,3,0,3582,3582,mtu_sweep/bcast_n16_g4_r6_m4096.cm
16,4,6,baseline,16384,1,9,0,16384,3,0,7299,7299,mtu_sweep/bcast_n16_g4_r6_m16384.cm
16,4,6,mcast,16384,1,9,0,16384,3,0,4596,4596,mtu_sweep/bcast_n16_g4_r6_m16384.cm
16,4,6,baseline,65536,1,9,0,65536,3,0,19464,19464,mtu_sweep/bcast_n16_g4_r6_m65536.cm
16,4,6,mcast,65536,1,9,0,65536,3,0,8651,8651,mtu_sweep/bcast_n16_g4_r6_m65536.cm
16,4,6,baseline,262144,1,9,0,262144,3,0,66773,66773,mtu_sweep/bcast_n16_g4_r6_m262144.cm
16,4,6,mcast,262144,1,9,0,262144,3,0,24364,24364,mtu_sweep/bcast_n16_g4_r6_m262144.cm
16,4,6,baseline,1048576,1,9,0,1048576,3,0,255333,255333,mtu_sweep/bcast_n16_g4_r6_m1048576.cm
16,4,6,mcast,1048576,1,9,0,1048576,3,0,87217,87217,mtu_sweep/bcast_n16_g4_r6_m1048576.cm
16,4,7,baseline,2048,1,5,0,2048,3,0,3582,3582,mtu_sweep/bcast_n16_g4_r7_m2048.cm
16,4,7,mcast,2048,1,5,0,2048,3,0,3413,3413,mtu_sweep/bcast_n16_g4_r7_m2048.cm
16,4,7,baseline,4096,1,5,0,4096,3,0,4089,4089,mtu_sweep/bcast_n16_g4_r7_m4096.cm
16,4,7,mcast,4096,1,5,0,4096,3,0,3582,3582,mtu_sweep/bcast_n16_g4_r7_m4096.cm
16,4,7,baseline,16384,1,5,0,16384,3,0,7130,7130,mtu_sweep/bcast_n16_g4_r7_m16384.cm
16,4,7,mcast,16384,1,5,0,16384,3,0,4596,4596,mtu_sweep/bcast_n16_g4_r7_m16384.cm
16,4,7,baseline,65536,1,5,0,65536,3,0,19296,19296,mtu_sweep/bcast_n16_g4_r7_m65536.cm
16,4,7,mcast,65536,1,5,0,65536,3,0,8651,8651,mtu_sweep/bcast_n16_g4_r7_m65536.cm
16,4,7,baseline,262144,1,5,0,262144,3,0,66604,66604,mtu_sweep/bcast_n16_g4_r7_m262144.cm
16,4,7,mcast,262144,1,5,0,262144,3,0,24364,24364,mtu_sweep/bcast_n16_g4_r7_m262144.cm
16,4,7,baseline,1048576,1,5,0,1048576,3,0,255164,255164,mtu_sweep/bcast_n16_g4_r7_m1048576.cm
16,4,7,mcast,1048576,1,5,0,1048576,3,0,87217,87217,mtu_sweep/bcast_n16_g4_r7_m1048576.cm
16,4,8,baseline,2048,1,12,0,2048,3,0,3582,3582,mtu_sweep/bcast_n16_g4_r8_m2048.cm
16,4,8,mcast,2048,1,12,0,2048,3,0,3413,3413,mtu_sweep/bcast_n16_g4_r8_m2048.cm
16,4,8,baseline,4096,1,12,0,4096,3,0,4089,4089,mtu_sweep/bcast_n16_g4_r8_m4096.cm
16,4,8,mcast,4096,1,12,0,4096,3,0,3582,3582,mtu_sweep/bcast_n16_g4_r8_m4096.cm
16,4,8,baseline,16384,1,12,0,16384,3,0,7130,7130,mtu_sweep/bcast_n16_g4_r8_m16384.cm
16,4,8,mcast,16384,1,12,0,16384,3,0,4596,4596,mtu_sweep/bcast_n16_g4_r8_m16384.cm
16,4,8,baseline,65536,1,12,0,65536,3,0,19296,19296,mtu_sweep/bcast_n16_g4_r8_m65536.cm
16,4,8,mcast,65536,1,12,0,65536,3,0,8651,8651,mtu_sweep/bcast_n16_g4_r8_m65536.cm
16,4,8,baseline,262144,1,12,0,262144,3,0,66604,66604,mtu_sweep/bcast_n16_g4_r8_m262144.cm
16,4,8,mcast,262144,1,12,0,262144,3,0,24364,24364,mtu_sweep/bcast_n16_g4_r8_m262144.cm
16,4,8,baseline,1048576,1,12,0,1048576,3,0,255164,255164,mtu_sweep/bcast_n16_g4_r8_m1048576.cm
16,4,8,mcast,1048576,1,12,0,1048576,3,0,87217,87217,mtu_sweep/bcast_n16_g4_r8_m1048576.cm
16,4,9,baseline,2048,1,13,0,2048,3,0,3582,3582,mtu_sweep/bcast_n16_g4_r9_m2048.cm
16,4,9,mcast,2048,1,13,0,2048,3,0,3413,3413,mtu_sweep/bcast_n16_g4_r9_m2048.cm
16,4,9,baseline,4096,1,13,0,4096,3,0,4089,4089,mtu_sweep/bcast_n16_g4_r9_m4096.cm
16,4,9,mcast,4096,1,13,0,4096,3,0,3582,3582,mtu_sweep/bcast_n16_g4_r9_m4096.cm
16,4,9,baseline,16384,1,13,0,16384,3,0,7130,7130,mtu_sweep/bcast_n16_g4_r9_m16384.cm
16,4,9,mcast,16384,1,13,0,16384,3,0,4596,4596,mtu_sweep/bcast_n16_g4_r9_m16384.cm
16,4,9,baseline,65536,1,13,0,65536,3,0,19296,19296,mtu_sweep/bcast_n16_g4_r9_m65536.cm
16,4,9,mcast,65536,1,13,0,65536,3,0,8651,8651,mtu_sweep/bcast_n16_g4_r9_m65536.cm
16,4,9,baseline,262144,1,13,0,262144,3,0,66604,66604,mtu_sweep/bcast_n16_g4_r9_m262144.cm
16,4,9,mcast,262144,1,13,0,262144,3,0,24364,24364,mtu_sweep/bcast_n16_g4_r9_m262144.cm
16,4,9,baseline,1048576,1,13,0,1048576,3,0,255164,255164,mtu_sweep/bcast_n16_g4_r9_m1048576.cm
16,4,9,mcast,1048576,1,13,0,1048576,3,0,87217,87217,mtu_sweep/bcast_n16_g4_r9_m1048576.cm
16,4,10,baseline,2048,1,13,0,2048,3,0,3751,3751,mtu_sweep/bcast_n16_g4_r10_m2048.cm
16,4,10,mcast,2048,1,13,0,2048,3,0,3413,3413,mtu_sweep/bcast_n16_g4_r10_m2048.cm
16,4,10,baseline,4096,1,13,0,4096,3,0,4258,4258,mtu_sweep/bcast_n16_g4_r10_m4096.cm
16,4,10,mcast,4096,1,13,0,4096,3,0,3582,3582,mtu_sweep/bcast_n16_g4_r10_m4096.cm
16,4,10,baseline,16384,1,13,0,16384,3,0,7299,7299,mtu_sweep/bcast_n16_g4_r10_m16384.cm
16,4,10,mcast,16384,1,13,0,16384,3,0,4596,4596,mtu_sweep/bcast_n16_g4_r10_m16384.cm
16,4,10,baseline,65536,1,13,0,65536,3,0,19464,19464,mtu_sweep/bcast_n16_g4_r10_m65536.cm
16,4,10,mcast,65536,1,13,0,65536,3,0,8651,8651,mtu_sweep/bcast_n16_g4_r10_m65536.cm
16,4,10,baseline,262144,1,13,0,262144,3,0,66773,66773,mtu_sweep/bcast_n16_g4_r10_m262144.cm
16,4,10,mcast,262144,1,13,0,262144,3,0,24364,24364,mtu_sweep/bcast_n16_g4_r10_m262144.cm
16,4,10,baseline,1048576,1,13,0,1048576,3,0,255333,255333,mtu_sweep/bcast_n16_g4_r10_m1048576.cm
16,4,10,mcast,1048576,1,13,0,1048576,3,0,87217,87217,mtu_sweep/bcast_n16_g4_r10_m1048576.cm
16,4,11,baseline,2048,1,3,0,2048,3,0,3582,3582,mtu_sweep/bcast_n16_g4_r11_m2048.cm
16,4,11,mcast,2048,1,3,0,2048,3,0,3413,3413,mtu_sweep/bcast_n16_g4_r11_m2048.cm
16,4,11,baseline,4096,1,3,0,4096,3,0,4089,4089,mtu_sweep/bcast_n16_g4_r11_m4096.cm
16,4,11,mcast,4096,1,3,0,4096,3,0,3582,3582,mtu_sweep/bcast_n16_g4_r11_m4096.cm
16,4,11,baseline,16384,1,3,0,16384,3,0,7130,7130,mtu_sweep/bcast_n16_g4_r11_m16384.cm
16,4,11,mcast,16384,1,3,0,16384,3,0,4596,4596,mtu_sweep/bcast_n16_g4_r11_m16384.cm
16,4,11,baseline,65536,1,3,0,65536,3,0,19296,19296,mtu_sweep/bcast_n16_g4_r11_m65536.cm
16,4,11,mcast,65536,1,3,0,65536,3,0,8651,8651,mtu_sweep/bcast_n16_g4_r11_m65536.cm
16,4,11,baseline,262144,1,3,0,262144,3,0,66604,66604,mtu_sweep/bcast_n16_g4_r11_m262144.cm
16,4,11,mcast,262144,1,3,0,262144,3,0,24364,24364,mtu_sweep/bcast_n16_g4_r11_m262144.cm
16,4,11,baseline,1048576,1,3,0,1048576,3,0,255164,255164,mtu_sweep/bcast_n16_g4_r11_m1048576.cm
16,4,11,mcast,1048576,1,3,0,1048576,3,0,87217,87217,mtu_sweep/bcast_n16_g4_r11_m1048576.cm
16,4,12,baseline,2048,1,6,0,2048,3,0,3751,3751,mtu_sweep/bcast_n16_g4_r12_m2048.cm
16,4,12,mcast,2048,1,6,0,2048,3,0,3413,3413,mtu_sweep/bcast_n16_g4_r12_m2048.cm
16,4,12,baseline,4096,1,6,0,4096,3,0,4258,4258,mtu_sweep/bcast_n16_g4_r12_m4096.cm
16,4,12,mcast,4096,1,6,0,4096,3,0,3582,3582,mtu_sweep/bcast_n16_g4_r12_m4096.cm
16,4,12,baseline,16384,1,6,0,16384,3,0,7299,7299,mtu_sweep/bcast_n16_g4_r12_m16384.cm
16,4,12,mcast,16384,1,6,0,16384,3,0,4596,4596,mtu_sweep/bcast_n16_g4_r12_m16384.cm
16,4,12,baseline,65536,1,6,0,65536,3,0,19464,19464,mtu_sweep/bcast_n16_g4_r12_m65536.cm
16,4,12,mcast,65536,1,6,0,65536,3,0,8651,8651,mtu_sweep/bcast_n16_g4_r12_m65536.cm
16,4,12,baseline,262144,1,6,0,262144,3,0,66773,66773,mtu_sweep/bcast_n16_g4_r12_m262144.cm
16,4,12,mcast,262144,1,6,0,262144,3,0,24364,24364,mtu_sweep/bcast_n16_g4_r12_m262144.cm
16,4,12,baseline,1048576,1,6,0,1048576,3,0,255333,255333,mtu_sweep/bcast_n16_g4_r12_m1048576.cm
16,4,12,mcast,1048576,1,6,0,1048576,3,0,87217,87217,mtu_sweep/bcast_n16_g4_r12_m1048576.cm
16,4,13,baseline,2048,1,6,0,2048,3,0,3582,3582,mtu_sweep/bcast_n16_g4_r13_m2048.cm
16,4,13,mcast,2048,1,6,0,2048,3,0,3413,3413,mtu_sweep/bcast_n16_g4_r13_m2048.cm
16,4,13,baseline,4096,1,6,0,4096,3,0,4089,4089,mtu_sweep/bcast_n16_g4_r13_m4096.cm
16,4,13,mcast,4096,1,6,0,4096,3,0,3582,3582,mtu_sweep/bcast_n16_g4_r13_m4096.cm
16,4,13,baseline,16384,1,6,0,16384,3,0,7130,7130,mtu_sweep/bcast_n16_g4_r13_m16384.cm
16,4,13,mcast,16384,1,6,0,16384,3,0,4596,4596,mtu_sweep/bcast_n16_g4_r13_m16384.cm
16,4,13,baseline,65536,1,6,0,65536,3,0,19296,19296,mtu_sweep/bcast_n16_g4_r13_m65536.cm
16,4,13,mcast,65536,1,6,0,65536,3,0,8651,8651,mtu_sweep/bcast_n16_g4_r13_m65536.cm
16,4,13,baseline,262144,1,6,0,262144,3,0,66604,66604,mtu_sweep/bcast_n16_g4_r13_m262144.cm
16,4,13,mcast,262144,1,6,0,262144,3,0,24364,24364,mtu_sweep/bcast_n16_g4_r13_m262144.cm
16,4,13,baseline,1048576,1,6,0,1048576,3,0,255164,255164,mtu_sweep/bcast_n16_g4_r13_m1048576.cm
16,4,13,mcast,1048576,1,6,0,1048576,3,0,87217,87217,mtu_sweep/bcast_n16_g4_r13_m1048576.cm
16,4,14,baseline,2048,1,10,0,2048,3,0,3582,3582,mtu_sweep/bcast_n16_g4_r14_m2048.cm
16,4,14,mcast,2048,1,10,0,2048,3,0,3413,3413,mtu_sweep/bcast_n16_g4_r14_m2048.cm
16,4,14,baseline,4096,1,10,0,4096,3,0,4089,4089,mtu_sweep/bcast_n16_g4_r14_m4096.cm
16,4,14,mcast,4096,1,10,0,4096,3,0,3582,3582,mtu_sweep/bcast_n16_g4_r14_m4096.cm
16,4,14,baseline,16384,1,10,0,16384,3,0,7130,7130,mtu_sweep/bcast_n16_g4_r14_m16384.cm
16,4,14,mcast,16384,1,10,0,16384,3,0,4596,4596,mtu_sweep/bcast_n16_g4_r14_m16384.cm
16,4,14,baseline,65536,1,10,0,65536,3,0,19296,19296,mtu_sweep/bcast_n16_g4_r14_m65536.cm
16,4,14,mcast,65536,1,10,0,65536,3,0,8651,8651,mtu_sweep/bcast_n16_g4_r14_m65536.cm
16,4,14,baseline,262144,1,10,0,262144,3,0,66604,66604,mtu_sweep/bcast_n16_g4_r14_m262144.cm
16,4,14,mcast,262144,1,10,0,262144,3,0,24364,24364,mtu_sweep/bcast_n16_g4_r14_m262144.cm
16,4,14,baseline,1048576,1,10,0,1048576,3,0,255164,255164,mtu_sweep/bcast_n16_g4_r14_m1048576.cm
16,4,14,mcast,1048576,1,10,0,1048576,3,0,87217,87217,mtu_sweep/bcast_n16_g4_r14_m1048576.cm
16,4,15,baseline,2048,1,3,0,2048,3,0,3751,3751,mtu_sweep/bcast_n16_g4_r15_m2048.cm
16,4,15,mcast,2048,1,3,0,2048,3,0,3413,3413,mtu_sweep/bcast_n16_g4_r15_m2048.cm
16,4,15,baseline,4096,1,3,0,4096,3,0,4258,4258,mtu_sweep/bcast_n16_g4_r15_m4096.cm
16,4,15,mcast,4096,1,3,0,4096,3,0,3582,3582,mtu_sweep/bcast_n16_g4_r15_m4096.cm
16,4,15,baseline,16384,1,3,0,16384,3,0,7299,7299,mtu_sweep/bcast_n16_g4_r15_m16384.cm
16,4,15,mcast,16384,1,3,0,16384,3,0,4596,4596,mtu_sweep/bcast_n16_g4_r15_m16384.cm
16,4,15,baseline,65536,1,3,0,65536,3,0,19464,19464,mtu_sweep/bcast_n16_g4_r15_m65536.cm
16,4,15,mcast,65536,1,3,0,65536,3,0,8651,8651,mtu_sweep/bcast_n16_g4_r15_m65536.cm
16,4,15,baseline,262144,1,3,0,262144,3,0,66773,66773,mtu_sweep/bcast_n16_g4_r15_m262144.cm
16,4,15,mcast,262144,1,3,0,262144,3,0,24364,24364,mtu_sweep/bcast_n16_g4_r15_m262144.cm
16,4,15,baseline,1048576,1,3,0,1048576,3,0,255333,255333,mtu_sweep/bcast_n16_g4_r15_m1048576.cm
16,4,15,mcast,1048576,1,3,0,1048576,3,0,87217,87217,mtu_sweep/bcast_n16_g4_r15_m1048576.cm
16,4,16,baseline,2048,1,12,0,2048,3,0,3582,3582,mtu_sweep/bcast_n16_g4_r16_m2048.cm
16,4,16,mcast,2048,1,12,0,2048,3,0,3413,3413,mtu_sweep/bcast_n16_g4_r16_m2048.cm
16,4,16,baseline,4096,1,12,0,4096,3,0,4089,4089,mtu_sweep/bcast_n16_g4_r16_m4096.cm
16,4,16,mcast,4096,1,12,0,4096,3,0,3582,3582,mtu_sweep/bcast_n16_g4_r16_m4096.cm
16,4,16,baseline,16384,1,12,0,16384,3,0,7130,7130,mtu_sweep/bcast_n16_g4_r16_m16384.cm
16,4,16,mcast,16384,1,12,0,16384,3,0,4596,4596,mtu_sweep/bcast_n16_g4_r16_m16384.cm
16,4,16,baseline,65536,1,12,0,65536,3,0,19296,19296,mtu_sweep/bcast_n16_g4_r16_m65536.cm
16,4,16,mcast,65536,1,12,0,65536,3,0,8651,8651,mtu_sweep/bcast_n16_g4_r16_m65536.cm
16,4,16,baseline,262144,1,12,0,262144,3,0,66604,66604,mtu_sweep/bcast_n16_g4_r16_m262144.cm
16,4,16,mcast,262144,1,12,0,262144,3,0,24364,24364,mtu_sweep/bcast_n16_g4_r16_m262144.cm
16,4,16,baseline,1048576,1,12,0,1048576,3,0,255164,255164,mtu_sweep/bcast_n16_g4_r16_m1048576.cm
16,4,16,mcast,1048576,1,12,0,1048576,3,0,87217,87217,mtu_sweep/bcast_n16_g4_r16_m1048576.cm
16,4,17,baseline,2048,1,8,0,2048,3,0,3751,3751,mtu_sweep/bcast_n16_g4_r17_m2048.cm
16,4,17,mcast,2048,1,8,0,2048,3,0,3413,3413,mtu_sweep/bcast_n16_g4_r17_m2048.cm
16,4,17,baseline,4096,1,8,0,4096,3,0,4258,4258,mtu_sweep/bcast_n16_g4_r17_m4096.cm
16,4,17,mcast,4096,1,8,0,4096,3,0,3582,3582,mtu_sweep/bcast_n16_g4_r17_m4096.cm
16,4,17,baseline,16384,1,8,0,16384,3,0,7299,7299,mtu_sweep/bcast_n16_g4_r17_m16384.cm
16,4,17,mcast,16384,1,8,0,16384,3,0,4596,4596,mtu_sweep/bcast_n16_g4_r17_m16384.cm
16,4,17,baseline,65536,1,8,0,65536,3,0,19464,19464,mtu_sweep/bcast_n16_g4_r17_m65536.cm
16,4,17,mcast,65536,1,8,0,65536,3,0,8651,8651,mtu_sweep/bcast_n16_g4_r17_m65536.cm
16,4,17,baseline,262144,1,8,0,262144,3,0,66773,66773,mtu_sweep/bcast_n16_g4_r17_m262144.cm
16,4,17,mcast,262144,1,8,0,262144,3,0,24364,24364,mtu_sweep/bcast_n16_g4_r17_m262144.cm
16,4,17,baseline,1048576,1,8,0,1048576,3,0,255333,255333,mtu_sweep/bcast_n16_g4_r17_m1048576.cm
16,4,17,mcast,1048576,1,8,0,1048576,3,0,87217,87217,mtu_sweep/bcast_n16_g4_r17_m1048576.cm
16,4,18,baseline,2048,1,10,0,2048,3,0,3751,3751,mtu_sweep/bcast_n16_g4_r18_m2048.cm
16,4,18,mcast,2048,1,10,0,2048,3,0,3413,3413,mtu_sweep/bcast_n16_g4_r18_m2048.cm
16,4,18,baseline,4096,1,10,0,4096,3,0,4258,4258,mtu_sweep/bcast_n16_g4_r18_m4096.cm
16,4,18,mcast,4096,1,10,0,4096,3,0,3582,3582,mtu_sweep/bcast_n16_g4_r18_m4096.cm
16,4,18,baseline,16384,1,10,0,16384,3,0,7299,7299,mtu_sweep/bcast_n16_g4_r18_m16384.cm
16,4,18,mcast,16384,1,10,0,16384,3,0,4596,4596,mtu_sweep/bcast_n16_g4_r18_m16384.cm
16,4,18,baseline,65536,1,10,0,65536,3,0,19464,19464,mtu_sweep/bcast_n16_g4_r18_m65536.cm
16,4,18,mcast,65536,1,10,0,65536,3,0,8651,8651,mtu_sweep/bcast_n16_g4_r18_m65536.cm
16,4,18,baseline,262144,1,10,0,262144,3,0,66773,66773,mtu_sweep/bcast_n16_g4_r18_m262144.cm
16,4,18,mcast,262144,1,10,0,262144,3,0,24364,24364,mtu_sweep/bcast_n16_g4_r18_m262144.cm
16,4,18,baseline,1048576,1,10,0,1048576,3,0,255333,255333,mtu_sweep/bcast_n16_g4_r18_m1048576.cm
16,4,18,mcast,1048576,1,10,0,1048576,3,0,87217,87217,mtu_sweep/bcast_n16_g4_r18_m1048576.cm
16,4,19,baseline,2048,1,7,0,2048,3,0,3751,3751,mtu_sweep/bcast_n16_g4_r19_m2048.cm
16,4,19,mcast,2048,1,7,0,2048,3,0,3413,3413,mtu_sweep/bcast_n16_g4_r19_m2048.cm
16,4,19,baseline,4096,1,7,0,4096,3,0,4258,4258,mtu_sweep/bcast_n16_g4_r19_m4096.cm
16,4,19,mcast,4096,1,7,0,4096,3,0,3582,3582,mtu_sweep/bcast_n16_g4_r19_m4096.cm
16,4,19,baseline,16384,1,7,0,16384,3,0,7299,7299,mtu_sweep/bcast_n16_g4_r19_m16384.cm
16,4,19,mcast,16384,1,7,0,16384,3,0,4596,4596,mtu_sweep/bcast_n16_g4_r19_m16384.cm
16,4,19,baseline,65536,1,7,0,65536,3,0,19464,19464,mtu_sweep/bcast_n16_g4_r19_m65536.cm
16,4,19,mcast,65536,1,7,0,65536,3,0,8651,8651,mtu_sweep/bcast_n16_g4_r19_m65536.cm
16,4,19,baseline,262144,1,7,0,262144,3,0,66773,66773,mtu_sweep/bcast_n16_g4_r19_m262144.cm
16,4,19,mcast,262144,1,7,0,262144,3,0,24364,24364,mtu_sweep/bcast_n16_g4_r19_m262144.cm
16,4,19,baseline,1048576,1,7,0,1048576,3,0,255333,255333,mtu_sweep/bcast_n16_g4_r19_m1048576.cm
16,4,19,mcast,1048576,1,7,0,1048576,3,0,87217,87217,mtu_sweep/bcast_n16_g4_r19_m1048576.cm
16,4,20,baseline,2048,1,4,0,2048,3,0,3413,3413,mtu_sweep/bcast_n16_g4_r20_m2048.cm
16,4,20,mcast,2048,1,4,0,2048,3,0,3413,3413,mtu_sweep/bcast_n16_g4_r20_m2048.cm
16,4,20,baseline,4096,1,4,0,4096,3,0,3582,3582,mtu_sweep/bcast_n16_g4_r20_m4096.cm
16,4,20,mcast,4096,1,4,0,4096,3,0,3582,3582,mtu_sweep/bcast_n16_g4_r20_m4096.cm
16,4,20,baseline,16384,1,4,0,16384,3,0,6624,6624,mtu_sweep/bcast_n16_g4_r20_m16384.cm
16,4,20,mcast,16384,1,4,0,16384,3,0,4596,4596,mtu_sweep/bcast_n16_g4_r20_m16384.cm
16,4,20,baseline,65536,1,4,0,65536,3,0,18789,18789,mtu_sweep/bcast_n16_g4_r20_m65536.cm
16,4,20,mcast,65536,1,4,0,65536,3,0,8651,8651,mtu_sweep/bcast_n16_g4_r20_m65536.cm
16,4,20,baseline,262144,1,4,0,262144,3,0,65928,65928,mtu_sweep/bcast_n16_g4_r20_m262144.cm
16,4,20,mcast,262144,1,4,0,262144,3,0,24364,24364,mtu_sweep/bcast_n16_g4_r20_m262144.cm
16,4,20,baseline,1048576,1,4,0,1048576,3,0,254488,254488,mtu_sweep/bcast_n16_g4_r20_m1048576.cm
16,4,20,mcast,1048576,1,4,0,1048576,3,0,87217,87217,mtu_sweep/bcast_n16_g4_r20_m1048576.cm
16,4,21,baseline,2048,1,8,0,2048,3,0,3751,3751,mtu_sweep/bcast_n16_g4_r21_m2048.cm
16,4,21,mcast,2048,1,8,0,2048,3,0,3413,3413,mtu_sweep/bcast_n16_g4_r21_m2048.cm
16,4,21,baseline,4096,1,8,0,4096,3,0,4258,4258,mtu_sweep/bcast_n16_g4_r21_m4096.cm
16,4,21,mcast,4096,1,8,0,4096,3,0,3582,3582,mtu_sweep/bcast_n16_g4_r21_m4096.cm
16,4,21,baseline,16384,1,8,0,16384,3,0,7299,7299,mtu_sweep/bcast_n16_g4_r21_m16384.cm
16,4,21,mcast,16384,1,8,0,16384,3,0,4596,4596,mtu_sweep/bcast_n16_g4_r21_m16384.cm
16,4,21,baseline,65536,1,8,0,65536,3,0,19464,19464,mtu_sweep/bcast_n16_g4_r21_m65536.cm
16,4,21,mcast,65536,1,8,0,65536,3,0,8651,8651,mtu_sweep/bcast_n16_g4_r21_m65536.cm
16,4,21,baseline,262144,1,8,0,262144,3,0,66773,66773,mtu_sweep/bcast_n16_g4_r21_m262144.cm
16,4,21,mcast,262144,1,8,0,262144,3,0,24364,24364,mtu_sweep/bcast_n16_g4_r21_m262144.cm
16,4,21,baseline,1048576,1,8,0,1048576,3,0,255333,255333,mtu_sweep/bcast_n16_g4_r21_m1048576.cm
16,4,21,mcast,1048576,1,8,0,1048576,3,0,87217,87217,mtu_sweep/bcast_n16_g4_r21_m1048576.cm
16,4,22,baseline,2048,1,12,0,2048,3,0,3751,3751,mtu_sweep/bcast_n16_g4_r22_m2048.cm
16,4,22,mcast,2048,1,12,0,2048,3,0,3413,3413,mtu_sweep/bcast_n16_g4_r22_m2048.cm
16,4,22,baseline,4096,1,12,0,4096,3,0,4258,4258,mtu_sweep/bcast_n16_g4_r22_m4096.cm
16,4,22,mcast,4096,1,12,0,4096,3,0,3582,3582,mtu_sweep/bcast_n16_g4_r22_m4096.cm
16,4,22,baseline,16384,1,12,0,16384,3,0,7299,7299,mtu_sweep/bcast_n16_g4_r22_m16384.cm
16,4,22,mcast,16384,1,12,0,16384,3,0,4596,4596,mtu_sweep/bcast_n16_g4_r22_m16384.cm
16,4,22,baseline,65536,1,12,0,65536,3,0,19464,19464,mtu_sweep/bcast_n16_g4_r22_m65536.cm
16,4,22,mcast,65536,1,12,0,65536,3,0,8651,8651,mtu_sweep/bcast_n16_g4_r22_m65536.cm
16,4,22,baseline,262144,1,12,0,262144,3,0,66773,66773,mtu_sweep/bcast_n16_g4_r22_m262144.cm
16,4,22,mcast,262144,1,12,0,262144,3,0,24364,24364,mtu_sweep/bcast_n16_g4_r22_m262144.cm
16,4,22,baseline,1048576,1,12,0,1048576,3,0,255333,255333,mtu_sweep/bcast_n16_g4_r22_m1048576.cm
16,4,22,mcast,1048576,1,12,0,1048576,3,0,87217,87217,mtu_sweep/bcast_n16_g4_r22_m1048576.cm
16,4,23,baseline,2048,1,9,0,2048,3,0,3582,3582,mtu_sweep/bcast_n16_g4_r23_m2048.cm
16,4,23,mcast,2048,1,9,0,2048,3,0,3413,3413,mtu_sweep/bcast_n16_g4_r23_m2048.cm
16,4,23,baseline,4096,1,9,0,4096,3,0,4089,4089,mtu_sweep/bcast_n16_g4_r23_m4096.cm
16,4,23,mcast,4096,1,9,0,4096,3,0,3582,3582,mtu_sweep/bcast_n16_g4_r23_m4096.cm
16,4,23,baseline,16384,1,9,0,16384,3,0,7130,7130,mtu_sweep/bcast_n16_g4_r23_m16384.cm
16,4,23,mcast,16384,1,9,0,16384,3,0,4596,4596,mtu_sweep/bcast_n16_g4_r23_m16384.cm
16,4,23,baseline,65536,1,9,0,65536,3,0,19296,19296,mtu_sweep/bcast_n16_g4_r23_m65536.cm
16,4,23,mcast,65536,1,9,0,65536,3,0,8651,8651,mtu_sweep/bcast_n16_g4_r23_m65536.cm
16,4,23,baseline,262144,1,9,0,262144,3,0,66604,66604,mtu_sweep/bcast_n16_g4_r23_m262144.cm
16,4,23,mcast,262144,1,9,0,262144,3,0,24364,24364,mtu_sweep/bcast_n16_g4_r23_m262144.cm
16,4,23,baseline,1048576,1,9,0,1048576,3,0,255164,255164,mtu_sweep/bcast_n16_g4_r23_m1048576.cm
16,4,23,mcast,1048576,1,9,0,1048576,3,0,87217,87217,mtu_sweep/bcast_n16_g4_r23_m1048576.cm
16,4,24,baseline,2048,1,9,0,2048,3,0,3751,3751,mtu_sweep/bcast_n16_g4_r24_m2048.cm
16,4,24,mcast,2048,1,9,0,2048,3,0,3413,3413,mtu_sweep/bcast_n16_g4_r24_m2048.cm
16,4,24,baseline,4096,1,9,0,4096,3,0,4258,4258,mtu_sweep/bcast_n16_g4_r24_m4096.cm
16,4,24,mcast,4096,1,9,0,4096,3,0,3582,3582,mtu_sweep/bcast_n16_g4_r24_m4096.cm
16,4,24,baseline,16384,1,9,0,16384,3,0,7299,7299,mtu_sweep/bcast_n16_g4_r24_m16384.cm
16,4,24,mcast,16384,1,9,0,16384,3,0,4596,4596,mtu_sweep/bcast_n16_g4_r24_m16384.cm
16,4,24,baseline,65536,1,9,0,65536,3,0,19464,19464,mtu_sweep/bcast_n16_g4_r24_m65536.cm
16,4,24,mcast,65536,1,9,0,65536,3,0,8651,8651,mtu_sweep/bcast_n16_g4_r24_m65536.cm
16,4,24,baseline,262144,1,9,0,262144,3,0,66773,66773,mtu_sweep/bcast_n16_g4_r24_m262144.cm
16,4,24,mcast,262144,1,9,0,262144,3,0,24364,24364,mtu_sweep/bcast_n16_g4_r24_m262144.cm
16,4,24,baseline,1048576,1,9,0,1048576,3,0,255333,255333,mtu_sweep/bcast_n16_g4_r24_m1048576.cm
16,4,24,mcast,1048576,1,9,0,1048576,3,0,87217,87217,mtu_sweep/bcast_n16_g4_r24_m1048576.cm
16,4,25,baseline,2048,1,6,0,2048,3,0,3751,3751,mtu_sweep/bcast_n16_g4_r25_m2048.cm
16,4,25,mcast,2048,1,6,0,2048,3,0,3413,3413,mtu_sweep/bcast_n16_g4_r25_m2048.cm
16,4,25,baseline,4096,1,6,0,4096,3,0,4258,4258,mtu_sweep/bcast_n16_g4_r25_m4096.cm
16,4,25,mcast,4096,1,6,0,4096,3,0,3582,3582,mtu_sweep/bcast_n16_g4_r25_m4096.cm
16,4,25,baseline,16384,1,6,0,16384,3,0,7299,7299,mtu_sweep/bcast_n16_g4_r25_m16384.cm
16,4,25,mcast,16384,1,6,0,16384,3,0,4596,4596,mtu_sweep/bcast_n16_g4_r25_m16384.cm
16,4,25,baseline,65536,1,6,0,65536,3,0,19464,19464,mtu_sweep/bcast_n16_g4_r25_m65536.cm
16,4,25,mcast,65536,1,6,0,65536,3,0,8651,8651,mtu_sweep/bcast_n16_g4_r25_m65536.cm
16,4,25,baseline,262144,1,6,0,262144,3,0,66773,66773,mtu_sweep/bcast_n16_g4_r25_m262144.cm
16,4,25,mcast,262144,1,6,0,262144,3,0,24364,24364,mtu_sweep/bcast_n16_g4_r25_m262144.cm
16,4,25,baseline,1048576,1,6,0,1048576,3,0,255333,255333,mtu_sweep/bcast_n16_g4_r25_m1048576.cm
16,4,25,mcast,1048576,1,6,0,1048576,3,0,87217,87217,mtu_sweep/bcast_n16_g4_r25_m1048576.cm
16,4,26,baseline,2048,1,8,0,2048,3,0,3751,3751,mtu_sweep/bcast_n16_g4_r26_m2048.cm
16,4,26,mcast,2048,1,8,0,2048,3,0,3413,3413,mtu_sweep/bcast_n16_g4_r26_m2048.cm
16,4,26,baseline,4096,1,8,0,4096,3,0,4258,4258,mtu_sweep/bcast_n16_g4_r26_m4096.cm
16,4,26,mcast,4096,1,8,0,4096,3,0,3582,3582,mtu_sweep/bcast_n16_g4_r26_m4096.cm
16,4,26,baseline,16384,1,8,0,16384,3,0,7299,7299,mtu_sweep/bcast_n16_g4_r26_m16384.cm
16,4,26,mcast,16384,1,8,0,16384,3,0,4596,4596,mtu_sweep/bcast_n16_g4_r26_m16384.cm
16,4,26,baseline,65536,1,8,0,65536,3,0,19464,19464,mtu_sweep/bcast_n16_g4_r26_m65536.cm
16,4,26,mcast,65536,1,8,0,65536,3,0,8651,8651,mtu_sweep/bcast_n16_g4_r26_m65536.cm
16,4,26,baseline,262144,1,8,0,262144,3,0,66773,66773,mtu_sweep/bcast_n16_g4_r26_m262144.cm
16,4,26,mcast,262144,1,8,0,262144,3,0,24364,24364,mtu_sweep/bcast_n16_g4_r26_m262144.cm
16,4,26,baseline,1048576,1,8,0,1048576,3,0,255333,255333,mtu_sweep/bcast_n16_g4_r26_m1048576.cm
16,4,26,mcast,1048576,1,8,0,1048576,3,0,87217,87217,mtu_sweep/bcast_n16_g4_r26_m1048576.cm
16,4,27,baseline,2048,1,14,0,2048,3,0,3751,3751,mtu_sweep/bcast_n16_g4_r27_m2048.cm
16,4,27,mcast,2048,1,14,0,2048,3,0,3413,3413,mtu_sweep/bcast_n16_g4_r27_m2048.cm
16,4,27,baseline,4096,1,14,0,4096,3,0,4258,4258,mtu_sweep/bcast_n16_g4_r27_m4096.cm
16,4,27,mcast,4096,1,14,0,4096,3,0,3582,3582,mtu_sweep/bcast_n16_g4_r27_m4096.cm
16,4,27,baseline,16384,1,14,0,16384,3,0,7299,7299,mtu_sweep/bcast_n16_g4_r27_m16384.cm
16,4,27,mcast,16384,1,14,0,16384,3,0,4596,4596,mtu_sweep/bcast_n16_g4_r27_m16384.cm
16,4,27,baseline,65536,1,14,0,65536,3,0,19464,19464,mtu_sweep/bcast_n16_g4_r27_m65536.cm
16,4,27,mcast,65536,1,14,0,65536,3,0,8651,8651,mtu_sweep/bcast_n16_g4_r27_m65536.cm
16,4,27,baseline,262144,1,14,0,262144,3,0,66773,66773,mtu_sweep/bcast_n16_g4_r27_m262144.cm
16,4,27,mcast,262144,1,14,0,262144,3,0,24364,24364,mtu_sweep/bcast_n16_g4_r27_m262144.cm
16,4,27,baseline,1048576,1,14,0,1048576,3,0,255333,255333,mtu_sweep/bcast_n16_g4_r27_m1048576.cm
16,4,27,mcast,1048576,1,14,0,1048576,3,0,87217,87217,mtu_sweep/bcast_n16_g4_r27_m1048576.cm
16,4,28,baseline,2048,1,1,0,2048,3,0,3751,3751,mtu_sweep/bcast_n16_g4_r28_m2048.cm
16,4,28,mcast,2048,1,1,0,2048,3,0,3413,3413,mtu_sweep/bcast_n16_g4_r28_m2048.cm
16,4,28,baseline,4096,1,1,0,4096,3,0,4258,4258,mtu_sweep/bcast_n16_g4_r28_m4096.cm
16,4,28,mcast,4096,1,1,0,4096,3,0,3582,3582,mtu_sweep/bcast_n16_g4_r28_m4096.cm
16,4,28,baseline,16384,1,1,0,16384,3,0,7299,7299,mtu_sweep/bcast_n16_g4_r28_m16384.cm
16,4,28,mcast,16384,1,1,0,16384,3,0,4596,4596,mtu_sweep/bcast_n16_g4_r28_m16384.cm
16,4,28,baseline,65536,1,1,0,65536,3,0,19464,19464,mtu_sweep/bcast_n16_g4_r28_m65536.cm
16,4,28,mcast,65536,1,1,0,65536,3,0,8651,8651,mtu_sweep/bcast_n16_g4_r28_m65536.cm
16,4,28,baseline,262144,1,1,0,262144,3,0,66773,66773,mtu_sweep/bcast_n16_g4_r28_m262144.cm
16,4,28,mcast,262144,1,1,0,262144,3,0,24364,24364,mtu_sweep/bcast_n16_g4_r28_m262144.cm
16,4,28,baseline,1048576,1,1,0,1048576,3,0,255333,255333,mtu_sweep/bcast_n16_g4_r28_m1048576.cm
16,4,28,mcast,1048576,1,1,0,1048576,3,0,87217,87217,mtu_sweep/bcast_n16_g4_r28_m1048576.cm
16,4,29,baseline,2048,1,8,0,2048,3,0,3751,3751,mtu_sweep/bcast_n16_g4_r29_m2048.cm
16,4,29,mcast,2048,1,8,0,2048,3,0,3413,3413,mtu_sweep/bcast_n16_g4_r29_m2048.cm
16,4,29,baseline,4096,1,8,0,4096,3,0,4258,4258,mtu_sweep/bcast_n16_g4_r29_m4096.cm
16,4,29,mcast,4096,1,8,0,4096,3,0,3582,3582,mtu_sweep/bcast_n16_g4_r29_m4096.cm
16,4,29,baseline,16384,1,8,0,16384,3,0,7299,7299,mtu_sweep/bcast_n16_g4_r29_m16384.cm
16,4,29,mcast,16384,1,8,0,16384,3,0,4596,4596,mtu_sweep/bcast_n16_g4_r29_m16384.cm
16,4,29,baseline,65536,1,8,0,65536,3,0,19464,19464,mtu_sweep/bcast_n16_g4_r29_m65536.cm
16,4,29,mcast,65536,1,8,0,65536,3,0,8651,8651,mtu_sweep/bcast_n16_g4_r29_m65536.cm
16,4,29,baseline,262144,1,8,0,262144,3,0,66773,66773,mtu_sweep/bcast_n16_g4_r29_m262144.cm
16,4,29,mcast,262144,1,8,0,262144,3,0,24364,24364,mtu_sweep/bcast_n16_g4_r29_m262144.cm
16,4,29,baseline,1048576,1,8,0,1048576,3,0,255333,255333,mtu_sweep/bcast_n16_g4_r29_m1048576.cm
16,4,29,mcast,1048576,1,8,0,1048576,3,0,87217,87217,mtu_sweep/bcast_n16_g4_r29_m1048576.cm
16,16,0,baseline,2048,1,10,0,2048,15,0,5779,5779,mtu_sweep/bcast_n16_g16_r0_m2048.cm
16,16,0,mcast,2048,1,10,0,2048,15,0,3413,3413,mtu_sweep/bcast_n16_g16_r0_m2048.cm
16,16,0,baseline,4096,1,10,0,4096,15,0,8313,8313,mtu_sweep/bcast_n16_g16_r0_m4096.cm
16,16,0,mcast,4096,1,10,0,4096,15,0,3582,3582,mtu_sweep/bcast_n16_g16_r0_m4096.cm
16,16,0,baseline,16384,1,10,0,16384,15,0,23520,23520,mtu_sweep/bcast_n16_g16_r0_m16384.cm
16,16,0,mcast,16384,1,10,0,16384,15,0,4596,4596,mtu_sweep/bcast_n16_g16_r0_m16384.cm
16,16,0,baseline,65536,1,10,0,65536,15,0,84345,84345,mtu_sweep/bcast_n16_g16_r0_m65536.cm
16,16,0,mcast,65536,1,10,0,65536,15,0,8651,8651,mtu_sweep/bcast_n16_g16_r0_m65536.cm
16,16,0,baseline,262144,1,10,0,262144,15,0,320213,320213,mtu_sweep/bcast_n16_g16_r0_m262144.cm
16,16,0,mcast,262144,1,10,0,262144,15,0,24364,24364,mtu_sweep/bcast_n16_g16_r0_m262144.cm
16,16,0,baseline,1048576,1,10,0,1048576,15,0,1263010,1263010,mtu_sweep/bcast_n16_g16_r0_m1048576.cm
16,16,0,mcast,1048576,1,10,0,1048576,15,0,87217,87217,mtu_sweep/bcast_n16_g16_r0_m1048576.cm
16,16,1,baseline,2048,1,11,0,2048,15,0,5779,5779,mtu_sweep/bcast_n16_g16_r1_m2048.cm
16,16,1,mcast,2048,1,11,0,2048,15,0,3413,3413,mtu_sweep/bcast_n16_g16_r1_m2048.cm
16,16,1,baseline,4096,1,11,0,4096,15,0,8313,8313,mtu_sweep/bcast_n16_g16_r1_m4096.cm
16,16,1,mcast,4096,1,11,0,4096,15,0,3582,3582,mtu_sweep/bcast_n16_g16_r1_m4096.cm
16,16,1,baseline,16384,1,11,0,16384,15,0,23520,23520,mtu_sweep/bcast_n16_g16_r1_m16384.cm
16,16,1,mcast,16384,1,11,0,16384,15,0,4596,4596,mtu_sweep/bcast_n16_g16_r1_m16384.cm
16,16,1,baseline,65536,1,11,0,65536,15,0,84345,84345,mtu_sweep/bcast_n16_g16_r1_m65536.cm
16,16,1,mcast,65536,1,11,0,65536,15,0,8651,8651,mtu_sweep/bcast_n16_g16_r1_m65536.cm
16,16,1,baseline,262144,1,11,0,262144,15,0,320213,320213,mtu_sweep/bcast_n16_g16_r1_m262144.cm
16,16,1,mcast,262144,1,11,0,262144,15,0,24364,24364,mtu_sweep/bcast_n16_g16_r1_m262144.cm
16,16,1,baseline,1048576,1,11,0,1048576,15,0,1263010,1263010,mtu_sweep/bcast_n16_g16_r1_m1048576.cm
16,16,1,mcast,1048576,1,11,0,1048576,15,0,87217,87217,mtu_sweep/bcast_n16_g16_r1_m1048576.cm
16,16,2,baseline,2048,1,13,0,2048,15,0,5779,5779,mtu_sweep/bcast_n16_g16_r2_m2048.cm
16,16,2,mcast,2048,1,13,0,2048,15,0,3413,3413,mtu_sweep/bcast_n16_g16_r2_m2048.cm
16,16,2,baseline,4096,1,13,0,4096,15,0,8313,8313,mtu_sweep/bcast_n16_g16_r2_m4096.cm
16,16,2,mcast,4096,1,13,0,4096,15,0,3582,3582,mtu_sweep/bcast_n16_g16_r2_m4096.cm
16,16,2,baseline,16384,1,13,0,16384,15,0,23520,23520,mtu_sweep/bcast_n16_g16_r2_m16384.cm
16,16,2,mcast,16384,1,13,0,16384,15,0,4596,4596,mtu_sweep/bcast_n16_g16_r2_m16384.cm
16,16,2,baseline,65536,1,13,0,65536,15,0,84345,84345,mtu_sweep/bcast_n16_g16_r2_m65536.cm
16,16,2,mcast,65536,1,13,0,65536,15,0,8651,8651,mtu_sweep/bcast_n16_g16_r2_m65536.cm
16,16,2,baseline,262144,1,13,0,262144,15,0,320213,320213,mtu_sweep/bcast_n16_g16_r2_m262144.cm
16,16,2,mcast,262144,1,13,0,262144,15,0,24364,24364,mtu_sweep/bcast_n16_g16_r2_m262144.cm
16,16,2,baseline,1048576,1,13,0,1048576,15,0,1263010,1263010,mtu_sweep/bcast_n16_g16_r2_m1048576.cm
16,16,2,mcast,1048576,1,13,0,1048576,15,0,87217,87217,mtu_sweep/bcast_n16_g16_r2_m1048576.cm
16,16,3,baseline,2048,1,3,0,2048,15,0,5610,5610,mtu_sweep/bcast_n16_g16_r3_m2048.cm
16,16,3,mcast,2048,1,3,0,2048,15,0,3413,3413,mtu_sweep/bcast_n16_g16_r3_m2048.cm
16,16,3,baseline,4096,1,3,0,4096,15,0,8144,8144,mtu_sweep/bcast_n16_g16_r3_m4096.cm
16,16,3,mcast,4096,1,3,0,4096,15,0,3582,3582,mtu_sweep/bcast_n16_g16_r3_m4096.cm
16,16,3,baseline,16384,1,3,0,16384,15,0,23351,23351,mtu_sweep/bcast_n16_g16_r3_m16384.cm
16,16,3,mcast,16384,1,3,0,16384,15,0,4596,4596,mtu_sweep/bcast_n16_g16_r3_m16384.cm
16,16,3,baseline,65536,1,3,0,65536,15,0,84176,84176,mtu_sweep/bcast_n16_g16_r3_m65536.cm
16,16,3,mcast,65536,1,3,0,65536,15,0,8651,8651,mtu_sweep/bcast_n16_g16_r3_m65536.cm
16,16,3,baseline,262144,1,3,0,262144,15,0,320044,320044,mtu_sweep/bcast_n16_g16_r3_m262144.cm
16,16,3,mcast,262144,1,3,0,262144,15,0,24364,24364,mtu_sweep/bcast_n16_g16_r3_m262144.cm
16,16,3,baseline,1048576,1,3,0,1048576,15,0,1262841,1262841,mtu_sweep/bcast_n16_g16_r3_m1048576.cm
16,16,3,mcast,1048576,1,3,0,1048576,15,0,87217,87217,mtu_sweep/bcast_n16_g16_r3_m1048576.cm
16,16,4,baseline,2048,1,11,0,2048,15,0,5779,5779,mtu_sweep/bcast_n16_g16_r4_m2048.cm
16,16,4,mcast,2048,1,11,0,2048,15,0,3413,3413,mtu_sweep/bcast_n16_g16_r4_m2048.cm
16,16,4,baseline,4096,1,11,0,4096,15,0,8313,8313,mtu_sweep/bcast_n16_g16_r4_m4096.cm
16,16,4,mcast,4096,1,11,0,4096,15,0,3582,3582,mtu_sweep/bcast_n16_g16_r4_m4096.cm
16,16,4,baseline,16384,1,11,0,16384,15,0,23520,23520,mtu_sweep/bcast_n16_g16_r4_m16384.cm
16,16,4,mcast,16384,1,11,0,16384,15,0,4596,4596,mtu_sweep/bcast_n16_g16_r4_m16384.cm
16,16,4,baseline,65536,1,11,0,65536,15,0,84345,84345,mtu_sweep/bcast_n16_g16_r4_m65536.cm
16,16,4,mcast,65536,1,11,0,65536,15,0,8651,8651,mtu_sweep/bcast_n16_g16_r4_m65536.cm
16,16,4,baseline,262144,1,11,0,262144,15,0,320213,320213,mtu_sweep/bcast_n16_g16_r4_m262144.cm
16,16,4,mcast,262144,1,11,0,262144,15,0,24364,24364,mtu_sweep/bcast_n16_g16_r4_m262144.cm
16,16,4,baseline,1048576,1,11,0,1048576,15,0,1263010,1263010,mtu_sweep/bcast_n16_g16_r4_m1048576.cm
16,16,4,mcast,1048576,1,11,0,1048576,15,0,87217,87217,mtu_sweep/bcast_n16_g16_r4_m1048576.cm
16,16,5,baseline,2048,1,5,0,2048,15,0,5779,5779,mtu_sweep/bcast_n16_g16_r5_m2048.cm
16,16,5,mcast,2048,1,5,0,2048,15,0,3413,3413,mtu_sweep/bcast_n16_g16_r5_m2048.cm
16,16,5,baseline,4096,1,5,0,4096,15,0,8313,8313,mtu_sweep/bcast_n16_g16_r5_m4096.cm
16,16,5,mcast,4096,1,5,0,4096,15,0,3582,3582,mtu_sweep/bcast_n16_g16_r5_m4096.cm
16,16,5,baseline,16384,1,5,0,16384,15,0,23520,23520,mtu_sweep/bcast_n16_g16_r5_m16384.cm
16,16,5,mcast,16384,1,5,0,16384,15,0,4596,4596,mtu_sweep/bcast_n16_g16_r5_m16384.cm
16,16,5,baseline,65536,1,5,0,65536,15,0,84345,84345,mtu_sweep/bcast_n16_g16_r5_m65536.cm
16,16,5,mcast,65536,1,5,0,65536,15,0,8651,8651,mtu_sweep/bcast_n16_g16_r5_m65536.cm
16,16,5,baseline,262144,1,5,0,262144,15,0,320213,320213,mtu_sweep/bcast_n16_g16_r5_m262144.cm
16,16,5,mcast,262144,1,5,0,262144,15,0,24364,24364,mtu_sweep/bcast_n16_g16_r5_m262144.cm
16,16,5,baseline,1048576,1,5,0,1048576,15,0,1263010,1263010,mtu_sweep/bcast_n16_g16_r5_m1048576.cm
16,16,5,mcast,1048576,1,5,0,1048576,15,0,87217,87217,mtu_sweep/bcast_n16_g16_r5_m1048576.cm
16,16,6,baseline,2048,1,14,0,2048,15,0,5610,5610,mtu_sweep/bcast_n16_g16_r6_m2048.cm
16,16,6,mcast,2048,1,14,0,2048,15,0,3413,3413,mtu_sweep/bcast_n16_g16_r6_m2048.cm
16,16,6,baseline,4096,1,14,0,4096,15,0,8144,8144,mtu_sweep/bcast_n16_g16_r6_m4096.cm
16,16,6,mcast,4096,1,14,0,4096,15,0,3582,3582,mtu_sweep/bcast_n16_g16_r6_m4096.cm
16,16,6,baseline,16384,1,14,0,16384,15,0,23351,23351,mtu_sweep/bcast_n16_g16_r6_m16384.cm
16,16,6,mcast,16384,1,14,0,16384,15,0,4596,4596,mtu_sweep/bcast_n16_g16_r6_m16384.cm
16,16,6,baseline,65536,1,14,0,65536,15,0,84176,84176,mtu_sweep/bcast_n16_g16_r6_m65536.cm
16,16,6,mcast,65536,1,14,0,65536,15,0,8651,8651,mtu_sweep/bcast_n16_g16_r6_m65536.cm
16,16,6,baseline,262144,1,14,0,262144,15,0,320044,320044,mtu_sweep/bcast_n16_g16_r6_m262144.cm
16,16,6,mcast,262144,1,14,0,262144,15,0,24364,24364,mtu_sweep/bcast_n16_g16_r6_m262144.cm
16,16,6,baseline,1048576,1,14,0,1048576,15,0,1262841,1262841,mtu_sweep/bcast_n16_g16_r6_m1048576.cm
16,16,6,mcast,1048576,1,14,0,1048576,15,0,87217,87217,mtu_sweep/bcast_n16_g16_r6_m1048576.cm
16,16,7,baseline,2048,1,1,0,2048,15,0,5610,5610,mtu_sweep/bcast_n16_g16_r7_m2048.cm
16,16,7,mcast,2048,1,1,0,2048,15,0,3413,3413,mtu_sweep/bcast_n16_g16_r7_m2048.cm
16,16,7,baseline,4096,1,1,0,4096,15,0,8144,8144,mtu_sweep/bcast_n16_g16_r7_m4096.cm
16,16,7,mcast,4096,1,1,0,4096,15,0,3582,3582,mtu_sweep/bcast_n16_g16_r7_m4096.cm
16,16,7,baseline,16384,1,1,0,16384,15,0,23351,23351,mtu_sweep/bcast_n16_g16_r7_m16384.cm
16,16,7,mcast,16384,1,1,0,16384,15,0,4596,4596,mtu_sweep/bcast_n16_g16_r7_m16384.cm
16,16,7,baseline,65536,1,1,0,65536,15,0,84176,84176,mtu_sweep/bcast_n16_g16_r7_m65536.cm
16,16,7,mcast,65536,1,1,0,65536,15,0,8651,8651,mtu_sweep/bcast_n16_g16_r7_m65536.cm
16,16,7,baseline,262144,1,1,0,262144,15,0,320044,320044,mtu_sweep/bcast_n16_g16_r7_m262144.cm
16,16,7,mcast,262144,1,1,0,262144,15,0,24364,24364,mtu_sweep/bcast_n16_g16_r7_m262144.cm
16,16,7,baseline,1048576,1,1,0,1048576,15,0,1262841,1262841,mtu_sweep/bcast_n16_g16_r7_m1048576.cm
16,16,7,mcast,1048576,1,1,0,1048576,15,0,87217,87217,mtu_sweep/bcast_n16_g16_r7_m1048576.cm
16,16,8,baseline,2048,1,4,0,2048,15,0,5779,5779,mtu_sweep/bcast_n16_g16_r8_m2048.cm
16,16,8,mcast,2048,1,4,0,2048,15,0,3413,3413,mtu_sweep/bcast_n16_g16_r8_m2048.cm
16,16,8,baseline,4096,1,4,0,4096,15,0,8313,8313,mtu_sweep/bcast_n16_g16_r8_m4096.cm
16,16,8,mcast,4096,1,4,0,4096,15,0,3582,3582,mtu_sweep/bcast_n16_g16_r8_m4096.cm
16,16,8,baseline,16384,1,4,0,16384,15,0,23520,23520,mtu_sweep/bcast_n16_g16_r8_m16384.cm
16,16,8,mcast,16384,1,4,0,16384,15,0,4596,4596,mtu_sweep/bcast_n16_g16_r8_m16384.cm
16,16,8,baseline,65536,1,4,0,65536,15,0,84345,84345,mtu_sweep/bcast_n16_g16_r8_m65536.cm
16,16,8,mcast,65536,1,4,0,65536,15,0,8651,8651,mtu_sweep/bcast_n16_g16_r8_m65536.cm
16,16,8,baseline,262144,1,4,0,262144,15,0,320213,320213,mtu_sweep/bcast_n16_g16_r8_m262144.cm
16,16,8,mcast,262144,1,4,0,262144,15,0,24364,24364,mtu_sweep/bcast_n16_g16_r8_m262144.cm
16,16,8,baseline,1048576,1,4,0,1048576,15,0,1263010,1263010,mtu_sweep/bcast_n16_g16_r8_m1048576.cm
16,16,8,mcast,1048576,1,4,0,1048576,15,0,87217,87217,mtu_sweep/bcast_n16_g16_r8_m1048576.cm
16,16,9,baseline,2048,1,7,0,2048,15,0,5441,5441,mtu_sweep/bcast_n16_g16_r9_m2048.cm
16,16,9,mcast,2048,1,7,0,2048,15,0,3413,3413,mtu_sweep/bcast_n16_g16_r9_m2048.cm
16,16,9,baseline,4096,1,7,0,4096,15,0,7975,7975,mtu_sweep/bcast_n16_g16_r9_m4096.cm
16,16,9,mcast,4096,1,7,0,4096,15,0,3582,3582,mtu_sweep/bcast_n16_g16_r9_m4096.cm
16,16,9,baseline,16384,1,7,0,16384,15,0,23182,23182,mtu_sweep/bcast_n16_g16_r9_m16384.cm
16,16,9,mcast,16384,1,7,0,16384,15,0,4596,4596,mtu_sweep/bcast_n16_g16_r9_m16384.cm
16,16,9,baseline,65536,1,7,0,65536,15,0,84007,84007,mtu_sweep/bcast_n16_g16_r9_m65536.cm
16,16,9,mcast,65536,1,7,0,65536,15,0,8651,8651,mtu_sweep/bcast_n16_g16_r9_m65536.cm
16,16,9,baseline,262144,1,7,0,262144,15,0,319875,319875,mtu_sweep/bcast_n16_g16_r9_m262144.cm
16,16,9,mcast,262144,1,7,0,262144,15,0,24364,24364,mtu_sweep/bcast_n16_g16_r9_m262144.cm
16,16,9,baseline,1048576,1,7,0,1048576,15,0,1262672,1262672,mtu_sweep/bcast_n16_g16_r9_m1048576.cm
16,16,9,mcast,1048576,1,7,0,1048576,15,0,87217,87217,mtu_sweep/bcast_n16_g16_r9_m1048576.cm
16,16,10,baseline,2048,1,15,0,2048,15,0,5779,5779,mtu_sweep/bcast_n16_g16_r10_m2048.cm
16,16,10,mcast,2048,1,15,0,2048,15,0,3413,3413,mtu_sweep/bcast_n16_g16_r10_m2048.cm
16,16,10,baseline,4096,1,15,0,4096,15,0,8313,8313,mtu_sweep/bcast_n16_g16_r10_m4096.cm
16,16,10,mcast,4096,1,15,0,4096,15,0,3582,3582,mtu_sweep/bcast_n16_g16_r10_m4096.cm
16,16,10,baseline,16384,1,15,0,16384,15,0,23520,23520,mtu_sweep/bcast_n16_g16_r10_m16384.cm
16,16,10,mcast,16384,1,15,0,16384,15,0,4596,4596,mtu_sweep/bcast_n16_g16_r10_m16384.cm
16,16,10,baseline,65536,1,15,0,65536,15,0,84345,84345,mtu_sweep/bcast_n16_g16_r10_m65536.cm
16,16,10,mcast,65536,1,15,0,65536,15,0,8651,8651,mtu_sweep/bcast_n16_g16_r10_m65536.cm
16,16,10,baseline,262144,1,15,0,262144,15,0,320213,320213,mtu_sweep/bcast_n16_g16_r10_m262144.cm
16,16,10,mcast,262144,1,15,0,262144,15,0,24364,24364,mtu_sweep/bcast_n16_g16_r10_m262144.cm
16,16,10,baseline,1048576,1,15,0,1048576,15,0,1263010,1263010,mtu_sweep/bcast_n16_g16_r10_m1048576.cm
16,16,10,mcast,1048576,1,15,0,1048576,15,0,87217,87217,mtu_sweep/bcast_n16_g16_r10_m1048576.cm
16,16,11,baseline,2048,1,6,0,2048,15,0,5779,5779,mtu_sweep/bcast_n16_g16_r11_m2048.cm
16,16,11,mcast,2048,1,6,0,2048,15,0,3413,3413,mtu_sweep/bcast_n16_g16_r11_m2048.cm
16,16,11,baseline,4096,1,6,0,4096,15,0,8313,8313,mtu_sweep/bcast_n16_g16_r11_m4096.cm
16,16,11,mcast,4096,1,6,0,4096,15,0,3582,3582,mtu_sweep/bcast_n16_g16_r11_m4096.cm
16,16,11,baseline,16384,1,6,0,16384,15,0,23520,23520,mtu_sweep/bcast_n16_g16_r11_m16384.cm
16,16,11,mcast,16384,1,6,0,16384,15,0,4596,4596,mtu_sweep/bcast_n16_g16_r11_m16384.cm
16,16,11,baseline,65536,1,6,0,65536,15,0,84345,84345,mtu_sweep/bcast_n16_g16_r11_m65536.cm
16,16,11,mcast,65536,1,6,0,65536,15,0,8651,8651,mtu_sweep/bcast_n16_g16_r11_m65536.cm
16,16,11,baseline,262144,1,6,0,262144,15,0,320213,320213,mtu_sweep/bcast_n16_g16_r11_m262144.cm
16,16,11,mcast,262144,1,6,0,262144,15,0,24364,24364,mtu_sweep/bcast_n16_g16_r11_m262144.cm
16,16,11,baseline,1048576,1,6,0,1048576,15,0,1263010,1263010,mtu_sweep/bcast_n16_g16_r11_m1048576.cm
16,16,11,mcast,1048576,1,6,0,1048576,15,0,87217,87217,mtu_sweep/bcast_n16_g16_r11_m1048576.cm
16,16,12,baseline,2048,1,5,0,2048,15,0,5779,5779,mtu_sweep/bcast_n16_g16_r12_m2048.cm
16,16,12,mcast,2048,1,5,0,2048,15,0,3413,3413,mtu_sweep/bcast_n16_g16_r12_m2048.cm
16,16,12,baseline,4096,1,5,0,4096,15,0,8313,8313,mtu_sweep/bcast_n16_g16_r12_m4096.cm
16,16,12,mcast,4096,1,5,0,4096,15,0,3582,3582,mtu_sweep/bcast_n16_g16_r12_m4096.cm
16,16,12,baseline,16384,1,5,0,16384,15,0,23520,23520,mtu_sweep/bcast_n16_g16_r12_m16384.cm
16,16,12,mcast,16384,1,5,0,16384,15,0,4596,4596,mtu_sweep/bcast_n16_g16_r12_m16384.cm
16,16,12,baseline,65536,1,5,0,65536,15,0,84345,84345,mtu_sweep/bcast_n16_g16_r12_m65536.cm
16,16,12,mcast,65536,1,5,0,65536,15,0,8651,8651,mtu_sweep/bcast_n16_g16_r12_m65536.cm
16,16,12,baseline,262144,1,5,0,262144,15,0,320213,320213,mtu_sweep/bcast_n16_g16_r12_m262144.cm
16,16,12,mcast,262144,1,5,0,262144,15,0,24364,24364,mtu_sweep/bcast_n16_g16_r12_m262144.cm
16,16,12,baseline,1048576,1,5,0,1048576,15,0,1263010,1263010,mtu_sweep/bcast_n16_g16_r12_m1048576.cm
16,16,12,mcast,1048576,1,5,0,1048576,15,0,87217,87217,mtu_sweep/bcast_n16_g16_r12_m1048576.cm
16,16,13,baseline,2048,1,6,0,2048,15,0,5610,5610,mtu_sweep/bcast_n16_g16_r13_m2048.cm
16,16,13,mcast,2048,1,6,0,2048,15,0,3413,3413,mtu_sweep/bcast_n16_g16_r13_m2048.cm
16,16,13,baseline,4096,1,6,0,4096,15,0,8144,8144,mtu_sweep/bcast_n16_g16_r13_m4096.cm
16,16,13,mcast,4096,1,6,0,4096,15,0,3582,3582,mtu_sweep/bcast_n16_g16_r13_m4096.cm
16,16,13,baseline,16384,1,6,0,16384,15,0,23351,23351,mtu_sweep/bcast_n16_g16_r13_m16384.cm
16,16,13,mcast,16384,1,6,0,16384,15,0,4596,4596,mtu_sweep/bcast_n16_g16_r13_m16384.cm
16,16,13,baseline,65536,1,6,0,65536,15,0,84176,84176,mtu_sweep/bcast_n16_g16_r13_m65536.cm
16,16,13,mcast,65536,1,6,0,65536,15,0,8651,8651,mtu_sweep/bcast_n16_g16_r13_m65536.cm
16,16,13,baseline,262144,1,6,0,262144,15,0,320044,320044,mtu_sweep/bcast_n16_g16_r13_m262144.cm
16,16,13,mcast,262144,1,6,0,262144,15,0,24364,24364,mtu_sweep/bcast_n16_g16_r13_m262144.cm
16,16,13,baseline,1048576,1,6,0,1048576,15,0,1262841,1262841,mtu_sweep/bcast_n16_g16_r13_m1048576.cm
16,16,13,mcast,1048576,1,6,0,1048576,15,0,87217,87217,mtu_sweep/bcast_n16_g16_r13_m1048576.cm
16,16,14,baseline,2048,1,4,0,2048,15,0,5779,5779,mtu_sweep/bcast_n16_g16_r14_m2048.cm
16,16,14,mcast,2048,1,4,0,2048,15,0,3413,3413,mtu_sweep/bcast_n16_g16_r14_m2048.cm
16,16,14,baseline,4096,1,4,0,4096,15,0,8313,8313,mtu_sweep/bcast_n16_g16_r14_m4096.cm
16,16,14,mcast,4096,1,4,0,4096,15,0,3582,3582,mtu_sweep/bcast_n16_g16_r14_m4096.cm
16,16,14,baseline,16384,1,4,0,16384,15,0,23520,23520,mtu_sweep/bcast_n16_g16_r14_m16384.cm
16,16,14,mcast,16384,1,4,0,16384,15,0,4596,4596,mtu_sweep/bcast_n16_g16_r14_m16384.cm
16,16,14,baseline,65536,1,4,0,65536,15,0,84345,84345,mtu_sweep/bcast_n16_g16_r14_m65536.cm
16,16,14,mcast,65536,1,4,0,65536,15,0,8651,8651,mtu_sweep/bcast_n16_g16_r14_m65536.cm
16,16,14,baseline,262144,1,4,0,262144,15,0,320213,320213,mtu_sweep/bcast_n16_g16_r14_m262144.cm
16,16,14,mcast,262144,1,4,0,262144,15,0,24364,24364,mtu_sweep/bcast_n16_g16_r14_m262144.cm
16,16,14,baseline,1048576,1,4,0,1048576,15,0,1263010,1263010,mtu_sweep/bcast_n16_g16_r14_m1048576.cm
16,16,14,mcast,1048576,1,4,0,1048576,15,0,87217,87217,mtu_sweep/bcast_n16_g16_r14_m1048576.cm
16,16,15,baseline,2048,1,6,0,2048,15,0,5779,5779,mtu_sweep/bcast_n16_g16_r15_m2048.cm
16,16,15,mcast,2048,1,6,0,2048,15,0,3413,3413,mtu_sweep/bcast_n16_g16_r15_m2048.cm
16,16,15,baseline,4096,1,6,0,4096,15,0,8313,8313,mtu_sweep/bcast_n16_g16_r15_m4096.cm
16,16,15,mcast,4096,1,6,0,4096,15,0,3582,3582,mtu_sweep/bcast_n16_g16_r15_m4096.cm
16,16,15,baseline,16384,1,6,0,16384,15,0,23520,23520,mtu_sweep/bcast_n16_g16_r15_m16384.cm
16,16,15,mcast,16384,1,6,0,16384,15,0,4596,4596,mtu_sweep/bcast_n16_g16_r15_m16384.cm
16,16,15,baseline,65536,1,6,0,65536,15,0,84345,84345,mtu_sweep/bcast_n16_g16_r15_m65536.cm
16,16,15,mcast,65536,1,6,0,65536,15,0,8651,8651,mtu_sweep/bcast_n16_g16_r15_m65536.cm
16,16,15,baseline,262144,1,6,0,262144,15,0,320213,320213,mtu_sweep/bcast_n16_g16_r15_m262144.cm
16,16,15,mcast,262144,1,6,0,262144,15,0,24364,24364,mtu_sweep/bcast_n16_g16_r15_m262144.cm
16,16,15,baseline,1048576,1,6,0,1048576,15,0,1263010,1263010,mtu_sweep/bcast_n16_g16_r15_m1048576.cm
16,16,15,mcast,1048576,1,6,0,1048576,15,0,87217,87217,mtu_sweep/bcast_n16_g16_r15_m1048576.cm
16,16,16,baseline,2048,1,8,0,2048,15,0,5610,5610,mtu_sweep/bcast_n16_g16_r16_m2048.cm
16,16,16,mcast,2048,1,8,0,2048,15,0,3413,3413,mtu_sweep/bcast_n16_g16_r16_m2048.cm
16,16,16,baseline,4096,1,8,0,4096,15,0,8144,8144,mtu_sweep/bcast_n16_g16_r16_m4096.cm
16,16,16,mcast,4096,1,8,0,4096,15,0,3582,3582,mtu_sweep/bcast_n16_g16_r16_m4096.cm
16,16,16,baseline,16384,1,8,0,16384,15,0,23351,23351,mtu_sweep/bcast_n16_g16_r16_m16384.cm
16,16,16,mcast,16384,1,8,0,16384,15,0,4596,4596,mtu_sweep/bcast_n16_g16_r16_m16384.cm
16,16,16,baseline,65536,1,8,0,65536,15,0,84176,84176,mtu_sweep/bcast_n16_g16_r16_m65536.cm
16,16,16,mcast,65536,1,8,0,65536,15,0,8651,8651,mtu_sweep/bcast_n16_g16_r16_m65536.cm
16,16,16,baseline,262144,1,8,0,262144,15,0,320044,320044,mtu_sweep/bcast_n16_g16_r16_m262144.cm
16,16,16,mcast,262144,1,8,0,262144,15,0,24364,24364,mtu_sweep/bcast_n16_g16_r16_m262144.cm
16,16,16,baseline,1048576,1,8,0,1048576,15,0,1262841,1262841,mtu_sweep/bcast_n16_g16_r16_m1048576.cm
16,16,16,mcast,1048576,1,8,0,1048576,15,0,87217,87217,mtu_sweep/bcast_n16_g16_r16_m1048576.cm
16,16,17,baseline,2048,1,15,0,2048,15,0,5610,5610,mtu_sweep/bcast_n16_g16_r17_m2048.cm
16,16,17,mcast,2048,1,15,0,2048,15,0,3413,3413,mtu_sweep/bcast_n16_g16_r17_m2048.cm
16,16,17,baseline,4096,1,15,0,4096,15,0,8144,8144,mtu_sweep/bcast_n16_g16_r17_m4096.cm
16,16,17,mcast,4096,1,15,0,4096,15,0,3582,3582,mtu_sweep/bcast_n16_g16_r17_m4096.cm
16,16,17,baseline,16384,1,15,0,16384,15,0,23351,23351,mtu_sweep/bcast_n16_g16_r17_m16384.cm
16,16,17,mcast,16384,1,15,0,16384,15,0,4596,4596,mtu_sweep/bcast_n16_g16_r17_m16384.cm
16,16,17,baseline,65536,1,15,0,65536,15,0,84176,84176,mtu_sweep/bcast_n16_g16_r17_m65536.cm
16,16,17,mcast,65536,1,15,0,65536,15,0,8651,8651,mtu_sweep/bcast_n16_g16_r17_m65536.cm
16,16,17,baseline,262144,1,15,0,262144,15,0,320044,320044,mtu_sweep/bcast_n16_g16_r17_m262144.cm
16,16,17,mcast,262144,1,15,0,262144,15,0,24364,24364,mtu_sweep/bcast_n16_g16_r17_m262144.cm
16,16,17,baseline,1048576,1,15,0,1048576,15,0,1262841,1262841,mtu_sweep/bcast_n16_g16_r17_m1048576.cm
16,16,17,mcast,1048576,1,15,0,1048576,15,0,87217,87217,mtu_sweep/bcast_n16_g16_r17_m1048576.cm
16,16,18,baseline,2048,1,2,0,2048,15,0,5610,5610,mtu_sweep/bcast_n16_g16_r18_m2048.cm
16,16,18,mcast,2048,1,2,0,2048,15,0,3413,3413,mtu_sweep/bcast_n16_g16_r18_m2048.cm
16,16,18,baseline,4096,1,2,0,4096,15,0,8144,8144,mtu_sweep/bcast_n16_g16_r18_m4096.cm
16,16,18,mcast,4096,1,2,0,4096,15,0,3582,3582,mtu_sweep/bcast_n16_g16_r18_m4096.cm
16,16,18,baseline,16384,1,2,0,16384,15,0,23351,23351,mtu_sweep/bcast_n16_g16_r18_m16384.cm
16,16,18,mcast,16384,1,2,0,16384,15,0,4596,4596,mtu_sweep/bcast_n16_g16_r18_m16384.cm
16,16,18,baseline,65536,1,2,0,65536,15,0,84176,84176,mtu_sweep/bcast_n16_g16_r18_m65536.cm
16,16,18,mcast,65536,1,2,0,65536,15,0,8651,8651,mtu_sweep/bcast_n16_g16_r18_m65536.cm
16,16,18,baseline,262144,1,2,0,262144,15,0,320044,320044,mtu_sweep/bcast_n16_g16_r18_m262144.cm
16,16,18,mcast,262144,1,2,0,262144,15,0,24364,24364,mtu_sweep/bcast_n16_g16_r18_m262144.cm
16,16,18,baseline,1048576,1,2,0,1048576,15,0,1262841,1262841,mtu_sweep/bcast_n16_g16_r18_m1048576.cm
16,16,18,mcast,1048576,1,2,0,1048576,15,0,87217,87217,mtu_sweep/bcast_n16_g16_r18_m1048576.cm
16,16,19,baseline,2048,1,13,0,2048,15,0,5610,5610,mtu_sweep/bcast_n16_g16_r19_m2048.cm
16,16,19,mcast,2048,1,13,0,2048,15,0,3413,3413,mtu_sweep/bcast_n16_g16_r19_m2048.cm
16,16,19,baseline,4096,1,13,0,4096,15,0,8144,8144,mtu_sweep/bcast_n16_g16_r19_m4096.cm
16,16,19,mcast,4096,1,13,0,4096,15,0,3582,3582,mtu_sweep/bcast_n16_g16_r19_m4096.cm
16,16,19,baseline,16384,1,13,0,16384,15,0,23351,23351,mtu_sweep/bcast_n16_g16_r19_m16384.cm
16,16,19,mcast,16384,1,13,0,16384,15,0,4596,4596,mtu_sweep/bcast_n16_g16_r19_m16384.cm
16,16,19,baseline,65536,1,13,0,65536,15,0,84176,84176,mtu_sweep/bcast_n16_g16_r19_m65536.cm
16,16,19,mcast,65536,1,13,0,65536,15,0,8651,8651,mtu_sweep/bcast_n16_g16_r19_m65536.cm
16,16,19,baseline,262144,1,13,0,262144,15,0,320044,320044,mtu_sweep/bcast_n16_g16_r19_m262144.cm
16,16,19,mcast,262144,1,13,0,262144,15,0,24364,24364,mtu_sweep/bcast_n16_g16_r19_m262144.cm
16,16,19,baseline,1048576,1,13,0,1048576,15,0,1262841,1262841,mtu_sweep/bcast_n16_g16_r19_m1048576.cm
16,16,19,mcast,1048576,1,13,0,1048576,15,0,87217,87217,mtu_sweep/bcast_n16_g16_r19_m1048576.cm
16,16,20,baseline,2048,1,8,0,2048,15,0,5610,5610,mtu_sweep/bcast_n16_g16_r20_m2048.cm
16,16,20,mcast,2048,1,8,0,2048,15,0,3413,3413,mtu_sweep/bcast_n16_g16_r20_m2048.cm
16,16,20,baseline,4096,1,8,0,4096,15,0,8144,8144,mtu_sweep/bcast_n16_g16_r20_m4096.cm
16,16,20,mcast,4096,1,8,0,4096,15,0,3582,3582,mtu_sweep/bcast_n16_g16_r20_m4096.cm
16,16,20,baseline,16384,1,8,0,16384,15,0,23351,23351,mtu_sweep/bcast_n16_g16_r20_m16384.cm
16,16,20,mcast,16384,1,8,0,16384,15,0,4596,4596,mtu_sweep/bcast_n16_g16_r20_m16384.cm
16,16,20,baseline,65536,1,8,0,65536,15,0,84176,84176,mtu_sweep/bcast_n16_g16_r20_m65536.cm
16,16,20,mcast,65536,1,8,0,65536,15,0,8651,8651,mtu_sweep/bcast_n16_g16_r20_m65536.cm
16,16,20,baseline,262144,1,8,0,262144,15,0,320044,320044,mtu_sweep/bcast_n16_g16_r20_m262144.cm
16,16,20,mcast,262144,1,8,0,262144,15,0,24364,24364,mtu_sweep/bcast_n16_g16_r20_m262144.cm
16,16,20,baseline,1048576,1,8,0,1048576,15,0,1262841,1262841,mtu_sweep/bcast_n16_g16_r20_m1048576.cm
16,16,20,mcast,1048576,1,8,0,1048576,15,0,87217,87217,mtu_sweep/bcast_n16_g16_r20_m1048576.cm
16,16,21,baseline,2048,1,15,0,2048,15,0,5779,5779,mtu_sweep/bcast_n16_g16_r21_m2048.cm
16,16,21,mcast,2048,1,15,0,2048,15,0,3413,3413,mtu_sweep/bcast_n16_g16_r21_m2048.cm
16,16,21,baseline,4096,1,15,0,4096,15,0,8313,8313,mtu_sweep/bcast_n16_g16_r21_m4096.cm
16,16,21,mcast,4096,1,15,0,4096,15,0,3582,3582,mtu_sweep/bcast_n16_g16_r21_m4096.cm
16,16,21,baseline,16384,1,15,0,16384,15,0,23520,23520,mtu_sweep/bcast_n16_g16_r21_m16384.cm
16,16,21,mcast,16384,1,15,0,16384,15,0,4596,4596,mtu_sweep/bcast_n16_g16_r21_m16384.cm
16,16,21,baseline,65536,1,15,0,65536,15,0,84345,84345,mtu_sweep/bcast_n16_g16_r21_m65536.cm
16,16,21,mcast,65536,1,15,0,65536,15,0,8651,8651,mtu_sweep/bcast_n16_g16_r21_m65536.cm
16,16,21,baseline,262144,1,15,0,262144,15,0,320213,320213,mtu_sweep/bcast_n16_g16_r21_m262144.cm
16,16,21,mcast,262144,1,15,0,262144,15,0,24364,24364,mtu_sweep/bcast_n16_g16_r21_m262144.cm
16,16,21,baseline,1048576,1,15,0,1048576,15,0,1263010,1263010,mtu_sweep/bcast_n16_g16_r21_m1048576.cm
16,16,21,mcast,1048576,1,15,0,1048576,15,0,87217,87217,mtu_sweep/bcast_n16_g16_r21_m1048576.cm
16,16,22,baseline,2048,1,9,0,2048,15,0,5779,5779,mtu_sweep/bcast_n16_g16_r22_m2048.cm
16,16,22,mcast,2048,1,9,0,2048,15,0,3413,3413,mtu_sweep/bcast_n16_g16_r22_m2048.cm
16,16,22,baseline,4096,1,9,0,4096,15,0,8313,8313,mtu_sweep/bcast_n16_g16_r22_m4096.cm
16,16,22,mcast,4096,1,9,0,4096,15,0,3582,3582,mtu_sweep/bcast_n16_g16_r22_m4096.cm
16,16,22,baseline,16384,1,9,0,16384,15,0,23520,23520,mtu_sweep/bcast_n16_g16_r22_m16384.cm
16,16,22,mcast,16384,1,9,0,16384,15,0,4596,4596,mtu_sweep/bcast_n16_g16_r22_m16384.cm
16,16,22,baseline,65536,1,9,0,65536,15,0,84345,84345,mtu_sweep/bcast_n16_g16_r22_m65536.cm
16,16,22,mcast,65536,1,9,0,65536,15,0,8651,8651,mtu_sweep/bcast_n16_g16_r22_m65536.cm
16,16,22,baseline,262144,1,9,0,262144,15,0,320213,320213,mtu_sweep/bcast_n16_g16_r22_m262144.cm
16,16,22,mcast,262144,1,9,0,262144,15,0,24364,24364,mtu_sweep/bcast_n16_g16_r22_m262144.cm
16,16,22,baseline,1048576,1,9,0,1048576,15,0,1263010,1263010,mtu_sweep/bcast_n16_g16_r22_m1048576.cm
16,16,22,mcast,1048576,1,9,0,1048576,15,0,87217,87217,mtu_sweep/bcast_n16_g16_r22_m1048576.cm
16,16,23,baseline,2048,1,13,0,2048,15,0,5779,5779,mtu_sweep/bcast_n16_g16_r23_m2048.cm
16,16,23,mcast,2048,1,13,0,2048,15,0,3413,3413,mtu_sweep/bcast_n16_g16_r23_m2048.cm
16,16,23,baseline,4096,1,13,0,4096,15,0,8313,8313,mtu_sweep/bcast_n16_g16_r23_m4096.cm
16,16,23,mcast,4096,1,13,0,4096,15,0,3582,3582,mtu_sweep/bcast_n16_g16_r23_m4096.cm
16,16,23,baseline,16384,1,13,0,16384,15,0,23520,23520,mtu_sweep/bcast_n16_g16_r23_m16384.cm
16,16,23,mcast,16384,1,13,0,16384,15,0,4596,4596,mtu_sweep/bcast_n16_g16_r23_m16384.cm
16,16,23,baseline,65536,1,13,0,65536,15,0,84345,84345,mtu_sweep/bcast_n16_g16_r23_m65536.cm
16,16,23,mcast,65536,1,13,0,65536,15,0,8651,8651,mtu_sweep/bcast_n16_g16_r23_m65536.cm
16,16,23,baseline,262144,1,13,0,262144,15,0,320213,320213,mtu_sweep/bcast_n16_g16_r23_m262144.cm
16,16,23,mcast,262144,1,13,0,262144,15,0,24364,24364,mtu_sweep/bcast_n16_g16_r23_m262144.cm
16,16,23,baseline,1048576,1,13,0,1048576,15,0,1263010,1263010,mtu_sweep/bcast_n16_g16_r23_m1048576.cm
16,16,23,mcast,1048576,1,13,0,1048576,15,0,87217,87217,mtu_sweep/bcast_n16_g16_r23_m1048576.cm
16,16,24,baseline,2048,1,7,0,2048,15,0,5779,5779,mtu_sweep/bcast_n16_g16_r24_m2048.cm
16,16,24,mcast,2048,1,7,0,2048,15,0,3413,3413,mtu_sweep/bcast_n16_g16_r24_m2048.cm
16,16,24,baseline,4096,1,7,0,4096,15,0,8313,8313,mtu_sweep/bcast_n16_g16_r24_m4096.cm
16,16,24,mcast,4096,1,7,0,4096,15,0,3582,3582,mtu_sweep/bcast_n16_g16_r24_m4096.cm
16,16,24,baseline,16384,1,7,0,16384,15,0,23520,23520,mtu_sweep/bcast_n16_g16_r24_m16384.cm
16,16,24,mcast,16384,1,7,0,16384,15,0,4596,4596,mtu_sweep/bcast_n16_g16_r24_m16384.cm
16,16,24,baseline,65536,1,7,0,65536,15,0,84345,84345,mtu_sweep/bcast_n16_g16_r24_m65536.cm
16,16,24,mcast,65536,1,7,0,65536,15,0,8651,8651,mtu_sweep/bcast_n16_g16_r24_m65536.cm
16,16,24,baseline,262144,1,7,0,262144,15,0,320213,320213,mtu_sweep/bcast_n16_g16_r24_m262144.cm
16,16,24,mcast,262144,1,7,0,262144,15,0,24364,24364,mtu_sweep/bcast_n16_g16_r24_m262144.cm
16,16,24,baseline,1048576,1,7,0,1048576,15,0,1263010,1263010,mtu_sweep/bcast_n16_g16_r24_m1048576.cm
16,16,24,mcast,1048576,1,7,0,1048576,15,0,87217,87217,mtu_sweep/bcast_n16_g16_r24_m1048576.cm
16,16,25,baseline,2048,1,6,0,2048,15,0,5610,5610,mtu_sweep/bcast_n16_g16_r25_m2048.cm
16,16,25,mcast,2048,1,6,0,2048,15,0,3413,3413,mtu_sweep/bcast_n16_g16_r25_m2048.cm
16,16,25,baseline,4096,1,6,0,4096,15,0,8144,8144,mtu_sweep/bcast_n16_g16_r25_m4096.cm
16,16,25,mcast,4096,1,6,0,4096,15,0,3582,3582,mtu_sweep/bcast_n16_g16_r25_m4096.cm
16,16,25,baseline,16384,1,6,0,16384,15,0,23351,23351,mtu_sweep/bcast_n16_g16_r25_m16384.cm
16,16,25,mcast,16384,1,6,0,16384,15,0,4596,4596,mtu_sweep/bcast_n16_g16_r25_m16384.cm
16,16,25,baseline,65536,1,6,0,65536,15,0,84176,84176,mtu_sweep/bcast_n16_g16_r25_m65536.cm
16,16,25,mcast,65536,1,6,0,65536,15,0,8651,8651,mtu_sweep/bcast_n16_g16_r25_m65536.cm
16,16,25,baseline,262144,1,6,0,262144,15,0,320044,320044,mtu_sweep/bcast_n16_g16_r25_m262144.cm
16,16,25,mcast,262144,1,6,0,262144,15,0,24364,24364,mtu_sweep/bcast_n16_g16_r25_m262144.cm
16,16,25,baseline,1048576,1,6,0,1048576,15,0,1262841,1262841,mtu_sweep/bcast_n16_g16_r25_m1048576.cm
16,16,25,mcast,1048576,1,6,0,1048576,15,0,87217,87217,mtu_sweep/bcast_n16_g16_r25_m1048576.cm
16,16,26,baseline,2048,1,11,0,2048,15,0,5779,5779,mtu_sweep/bcast_n16_g16_r26_m2048.cm
16,16,26,mcast,2048,1,11,0,2048,15,0,3413,3413,mtu_sweep/bcast_n16_g16_r26_m2048.cm
16,16,26,baseline,4096,1,11,0,4096,15,0,8313,8313,mtu_sweep/bcast_n16_g16_r26_m4096.cm
16,16,26,mcast,4096,1,11,0,4096,15,0,3582,3582,mtu_sweep/bcast_n16_g16_r26_m4096.cm
16,16,26,baseline,16384,1,11,0,16384,15,0,23520,23520,mtu_sweep/bcast_n16_g16_r26_m16384.cm
16,16,26,mcast,16384,1,11,0,16384,15,0,4596,4596,mtu_sweep/bcast_n16_g16_r26_m16384.cm
16,16,26,baseline,65536,1,11,0,65536,15,0,84345,84345,mtu_sweep/bcast_n16_g16_r26_m65536.cm
16,16,26,mcast,65536,1,11,0,65536,15,0,8651,8651,mtu_sweep/bcast_n16_g16_r26_m65536.cm
16,16,26,baseline,262144,1,11,0,262144,15,0,320213,320213,mtu_sweep/bcast_n16_g16_r26_m262144.cm
16,16,26,mcast,262144,1,11,0,262144,15,0,24364,24364,mtu_sweep/bcast_n16_g16_r26_m262144.cm
16,16,26,baseline,1048576,1,11,0,1048576,15,0,1263010,1263010,mtu_sweep/bcast_n16_g16_r26_m1048576.cm
16,16,26,mcast,1048576,1,11,0,1048576,15,0,87217,87217,mtu_sweep/bcast_n16_g16_r26_m1048576.cm
16,16,27,baseline,2048,1,7,0,2048,15,0,5779,5779,mtu_sweep/bcast_n16_g16_r27_m2048.cm
16,16,27,mcast,2048,1,7,0,2048,15,0,3413,3413,mtu_sweep/bcast_n16_g16_r27_m2048.cm
16,16,27,baseline,4096,1,7,0,4096,15,0,8313,8313,mtu_sweep/bcast_n16_g16_r27_m4096.cm
16,16,27,mcast,4096,1,7,0,4096,15,0,3582,3582,mtu_sweep/bcast_n16_g16_r27_m4096.cm
16,16,27,baseline,16384,1,7,0,16384,15,0,23520,23520,mtu_sweep/bcast_n16_g16_r27_m16384.cm
16,16,27,mcast,16384,1,7,0,16384,15,0,4596,4596,mtu_sweep/bcast_n16_g16_r27_m16384.cm
16,16,27,baseline,65536,1,7,0,65536,15,0,84345,84345,mtu_sweep/bcast_n16_g16_r27_m65536.cm
16,16,27,mcast,65536,1,7,0,65536,15,0,8651,8651,mtu_sweep/bcast_n16_g16_r27_m65536.cm
16,16,27,baseline,262144,1,7,0,262144,15,0,320213,320213,mtu_sweep/bcast_n16_g16_r27_m262144.cm
16,16,27,mcast,262144,1,7,0,262144,15,0,24364,24364,mtu_sweep/bcast_n16_g16_r27_m262144.cm
16,16,27,baseline,1048576,1,7,0,1048576,15,0,1263010,1263010,mtu_sweep/bcast_n16_g16_r27_m1048576.cm
16,16,27,mcast,1048576,1,7,0,1048576,15,0,87217,87217,mtu_sweep/bcast_n16_g16_r27_m1048576.cm
16,16,28,baseline,2048,1,12,0,2048,15,0,5779,5779,mtu_sweep/bcast_n16_g16_r28_m2048.cm
16,16,28,mcast,2048,1,12,0,2048,15,0,3413,3413,mtu_sweep/bcast_n16_g16_r28_m2048.cm
16,16,28,baseline,4096,1,12,0,4096,15,0,8313,8313,mtu_sweep/bcast_n16_g16_r28_m4096.cm
16,16,28,mcast,4096,1,12,0,4096,15,0,3582,3582,mtu_sweep/bcast_n16_g16_r28_m4096.cm
16,16,28,baseline,16384,1,12,0,16384,15,0,23520,23520,mtu_sweep/bcast_n16_g16_r28_m16384.cm
16,16,28,mcast,16384,1,12,0,16384,15,0,4596,4596,mtu_sweep/bcast_n16_g16_r28_m16384.cm
16,16,28,baseline,65536,1,12,0,65536,15,0,84345,84345,mtu_sweep/bcast_n16_g16_r28_m65536.cm
16,16,28,mcast,65536,1,12,0,65536,15,0,8651,8651,mtu_sweep/bcast_n16_g16_r28_m65536.cm
16,16,28,baseline,262144,1,12,0,262144,15,0,320213,320213,mtu_sweep/bcast_n16_g16_r28_m262144.cm
16,16,28,mcast,262144,1,12,0,262144,15,0,24364,24364,mtu_sweep/bcast_n16_g16_r28_m262144.cm
16,16,28,baseline,1048576,1,12,0,1048576,15,0,1263010,1263010,mtu_sweep/bcast_n16_g16_r28_m1048576.cm
16,16,28,mcast,1048576,1,12,0,1048576,15,0,87217,87217,mtu_sweep/bcast_n16_g16_r28_m1048576.cm
16,16,29,baseline,2048,1,15,0,2048,15,0,5779,5779,mtu_sweep/bcast_n16_g16_r29_m2048.cm
16,16,29,mcast,2048,1,15,0,2048,15,0,3413,3413,mtu_sweep/bcast_n16_g16_r29_m2048.cm
16,16,29,baseline,4096,1,15,0,4096,15,0,8313,8313,mtu_sweep/bcast_n16_g16_r29_m4096.cm
16,16,29,mcast,4096,1,15,0,4096,15,0,3582,3582,mtu_sweep/bcast_n16_g16_r29_m4096.cm
16,16,29,baseline,16384,1,15,0,16384,15,0,23520,23520,mtu_sweep/bcast_n16_g16_r29_m16384.cm
16,16,29,mcast,16384,1,15,0,16384,15,0,4596,4596,mtu_sweep/bcast_n16_g16_r29_m16384.cm
16,16,29,baseline,65536,1,15,0,65536,15,0,84345,84345,mtu_sweep/bcast_n16_g16_r29_m65536.cm
16,16,29,mcast,65536,1,15,0,65536,15,0,8651,8651,mtu_sweep/bcast_n16_g16_r29_m65536.cm
16,16,29,baseline,262144,1,15,0,262144,15,0,320213,320213,mtu_sweep/bcast_n16_g16_r29_m262144.cm
16,16,29,mcast,262144,1,15,0,262144,15,0,24364,24364,mtu_sweep/bcast_n16_g16_r29_m262144.cm
16,16,29,baseline,1048576,1,15,0,1048576,15,0,1263010,1263010,mtu_sweep/bcast_n16_g16_r29_m1048576.cm
16,16,29,mcast,1048576,1,15,0,1048576,15,0,87217,87217,mtu_sweep/bcast_n16_g16_r29_m1048576.cm
128,4,0,baseline,2048,1,97,0,2048,3,0,3751,3751,mtu_sweep/bcast_n128_g4_r0_m2048.cm
128,4,0,mcast,2048,1,97,0,2048,3,0,3413,3413,mtu_sweep/bcast_n128_g4_r0_m2048.cm
128,4,0,baseline,4096,1,97,0,4096,3,0,4258,4258,mtu_sweep/bcast_n128_g4_r0_m4096.cm
128,4,0,mcast,4096,1,97,0,4096,3,0,3582,3582,mtu_sweep/bcast_n128_g4_r0_m4096.cm
128,4,0,baseline,16384,1,97,0,16384,3,0,7299,7299,mtu_sweep/bcast_n128_g4_r0_m16384.cm
128,4,0,mcast,16384,1,97,0,16384,3,0,4596,4596,mtu_sweep/bcast_n128_g4_r0_m16384.cm
128,4,0,baseline,65536,1,97,0,65536,3,0,19464,19464,mtu_sweep/bcast_n128_g4_r0_m65536.cm
128,4,0,mcast,65536,1,97,0,65536,3,0,8651,8651,mtu_sweep/bcast_n128_g4_r0_m65536.cm
128,4,0,baseline,262144,1,97,0,262144,3,0,66773,66773,mtu_sweep/bcast_n128_g4_r0_m262144.cm
128,4,0,mcast,262144,1,97,0,262144,3,0,24364,24364,mtu_sweep/bcast_n128_g4_r0_m262144.cm
128,4,0,baseline,1048576,1,97,0,1048576,3,0,255333,255333,mtu_sweep/bcast_n128_g4_r0_m1048576.cm
128,4,0,mcast,1048576,1,97,0,1048576,3,0,87217,87217,mtu_sweep/bcast_n128_g4_r0_m1048576.cm
128,4,1,baseline,2048,1,58,0,2048,3,0,3751,3751,mtu_sweep/bcast_n128_g4_r1_m2048.cm
128,4,1,mcast,2048,1,58,0,2048,3,0,3413,3413,mtu_sweep/bcast_n128_g4_r1_m2048.cm
128,4,1,baseline,4096,1,58,0,4096,3,0,4258,4258,mtu_sweep/bcast_n128_g4_r1_m4096.cm
128,4,1,mcast,4096,1,58,0,4096,3,0,3582,3582,mtu_sweep/bcast_n128_g4_r1_m4096.cm
128,4,1,baseline,16384,1,58,0,16384,3,0,7299,7299,mtu_sweep/bcast_n128_g4_r1_m16384.cm
128,4,1,mcast,16384,1,58,0,16384,3,0,4596,4596,mtu_sweep/bcast_n128_g4_r1_m16384.cm
128,4,1,baseline,65536,1,58,0,65536,3,0,19464,19464,mtu_sweep/bcast_n128_g4_r1_m65536.cm
128,4,1,mcast,65536,1,58,0,65536,3,0,8651,8651,mtu_sweep/bcast_n128_g4_r1_m65536.cm
128,4,1,baseline,262144,1,58,0,262144,3,0,66773,66773,mtu_sweep/bcast_n128_g4_r1_m262144.cm
128,4,1,mcast,262144,1,58,0,262144,3,0,24364,24364,mtu_sweep/bcast_n128_g4_r1_m262144.cm
128,4,1,baseline,1048576,1,58,0,1048576,3,0,255333,255333,mtu_sweep/bcast_n128_g4_r1_m1048576.cm
128,4,1,mcast,1048576,1,58,0,1048576,3,0,87217,87217,mtu_sweep/bcast_n128_g4_r1_m1048576.cm
128,4,2,baseline,2048,1,84,0,2048,3,0,3751,3751,mtu_sweep/bcast_n128_g4_r2_m2048.cm
128,4,2,mcast,2048,1,84,0,2048,3,0,3413,3413,mtu_sweep/bcast_n128_g4_r2_m2048.cm
128,4,2,baseline,4096,1,84,0,4096,3,0,4258,4258,mtu_sweep/bcast_n128_g4_r2_m4096.cm
128,4,2,mcast,4096,1,84,0,4096,3,0,3582,3582,mtu_sweep/bcast_n128_g4_r2_m4096.cm
128,4,2,baseline,16384,1,84,0,16384,3,0,7299,7299,mtu_sweep/bcast_n128_g4_r2_m16384.cm
128,4,2,mcast,16384,1,84,0,16384,3,0,4596,4596,mtu_sweep/bcast_n128_g4_r2_m16384.cm
128,4,2,baseline,65536,1,84,0,65536,3,0,19464,19464,mtu_sweep/bcast_n128_g4_r2_m65536.cm
128,4,2,mcast,65536,1,84,0,65536,3,0,8651,8651,mtu_sweep/bcast_n128_g4_r2_m65536.cm
128,4,2,baseline,262144,1,84,0,262144,3,0,66773,66773,mtu_sweep/bcast_n128_g4_r2_m262144.cm
128,4,2,mcast,262144,1,84,0,262144,3,0,24364,24364,mtu_sweep/bcast_n128_g4_r2_m262144.cm
128,4,2,baseline,1048576,1,84,0,1048576,3,0,255333,255333,mtu_sweep/bcast_n128_g4_r2_m1048576.cm
128,4,2,mcast,1048576,1,84,0,1048576,3,0,87217,87217,mtu_sweep/bcast_n128_g4_r2_m1048576.cm
128,4,3,baseline,2048,1,14,0,2048,3,0,3751,3751,mtu_sweep/bcast_n128_g4_r3_m2048.cm
128,4,3,mcast,2048,1,14,0,2048,3,0,3413,3413,mtu_sweep/bcast_n128_g4_r3_m2048.cm
128,4,3,baseline,4096,1,14,0,4096,3,0,4258,4258,mtu_sweep/bcast_n128_g4_r3_m4096.cm
128,4,3,mcast,4096,1,14,0,4096,3,0,3582,3582,mtu_sweep/bcast_n128_g4_r3_m4096.cm
128,4,3,baseline,16384,1,14,0,16384,3,0,7299,7299,mtu_sweep/bcast_n128_g4_r3_m16384.cm
128,4,3,mcast,16384,1,14,0,16384,3,0,4596,4596,mtu_sweep/bcast_n128_g4_r3_m16384.cm
128,4,3,baseline,65536,1,14,0,65536,3,0,19464,19464,mtu_sweep/bcast_n128_g4_r3_m65536.cm
128,4,3,mcast,65536,1,14,0,65536,3,0,8651,8651,mtu_sweep/bcast_n128_g4_r3_m65536.cm
128,4,3,baseline,262144,1,14,0,262144,3,0,66773,66773,mtu_sweep/bcast_n128_g4_r3_m262144.cm
128,4,3,mcast,262144,1,14,0,262144,3,0,24364,24364,mtu_sweep/bcast_n128_g4_r3_m262144.cm
128,4,3,baseline,1048576,1,14,0,1048576,3,0,255333,255333,mtu_sweep/bcast_n128_g4_r3_m1048576.cm
128,4,3,mcast,1048576,1,14,0,1048576,3,0,87217,87217,mtu_sweep/bcast_n128_g4_r3_m1048576.cm
128,4,4,baseline,2048,1,51,0,2048,3,0,3751,3751,mtu_sweep/bcast_n128_g4_r4_m2048.cm
128,4,4,mcast,2048,1,51,0,2048,3,0,3413,3413,mtu_sweep/bcast_n128_g4_r4_m2048.cm
128,4,4,baseline,4096,1,51,0,4096,3,0,4258,4258,mtu_sweep/bcast_n128_g4_r4_m4096.cm
128,4,4,mcast,4096,1,51,0,4096,3,0,3582,3582,mtu_sweep/bcast_n128_g4_r4_m4096.cm
128,4,4,baseline,16384,1,51,0,16384,3,0,7299,7299,mtu_sweep/bcast_n128_g4_r4_m16384.cm
128,4,4,mcast,16384,1,51,0,16384,3,0,4596,4596,mtu_sweep/bcast_n128_g4_r4_m16384.cm
128,4,4,baseline,65536,1,51,0,65536,3,0,19464,19464,mtu_sweep/bcast_n128_g4_r4_m65536.cm
128,4,4,mcast,65536,1,51,0,65536,3,0,8651,8651,mtu_sweep/bcast_n128_g4_r4_m65536.cm
128,4,4,baseline,262144,1,51,0,262144,3,0,66773,66773,mtu_sweep/bcast_n128_g4_r4_m262144.cm
128,4,4,mcast,262144,1,51,0,262144,3,0,24364,24364,mtu_sweep/bcast_n128_g4_r4_m262144.cm
128,4,4,baseline,1048576,1,51,0,1048576,3,0,255333,255333,mtu_sweep/bcast_n128_g4_r4_m1048576.cm
128,4,4,mcast,1048576,1,51,0,1048576,3,0,87217,87217,mtu_sweep/bcast_n128_g4_r4_m1048576.cm
128,4,5,baseline,2048,1,80,0,2048,3,0,3751,3751,mtu_sweep/bcast_n128_g4_r5_m2048.cm
128,4,5,mcast,2048,1,80,0,2048,3,0,3413,3413,mtu_sweep/bcast_n128_g4_r5_m2048.cm
128,4,5,baseline,4096,1,80,0,4096,3,0,4258,4258,mtu_sweep/bcast_n128_g4_r5_m4096.cm
128,4,5,mcast,4096,1,80,0,4096,3,0,3582,3582,mtu_sweep/bcast_n128_g4_r5_m4096.cm
128,4,5,baseline,16384,1,80,0,16384,3,0,7299,7299,mtu_sweep/bcast_n128_g4_r5_m16384.cm
128,4,5,mcast,16384,1,80,0,16384,3,0,4596,4596,mtu_sweep/bcast_n128_g4_r5_m16384.cm
128,4,5,baseline,65536,1,80,0,65536,3,0,19464,19464,mtu_sweep/bcast_n128_g4_r5_m65536.cm
128,4,5,mcast,65536,1,80,0,65536,3,0,8651,8651,mtu_sweep/bcast_n128_g4_r5_m65536.cm
128,4,5,baseline,262144,1,80,0,262144,3,0,66773,66773,mtu_sweep/bcast_n128_g4_r5_m262144.cm
128,4,5,mcast,262144,1,80,0,262144,3,0,24364,24364,mtu_sweep/bcast_n128_g4_r5_m262144.cm
128,4,5,baseline,1048576,1,80,0,1048576,3,0,255333,255333,mtu_sweep/bcast_n128_g4_r5_m1048576.cm
128,4,5,mcast,1048576,1,80,0,1048576,3,0,87217,87217,mtu_sweep/bcast_n128_g4_r5_m1048576.cm
128,4,6,baseline,2048,1,68,0,2048,3,0,3751,3751,mtu_sweep/bcast_n128_g4_r6_m2048.cm
128,4,6,mcast,2048,1,68,0,2048,3,0,3413,3413,mtu_sweep/bcast_n128_g4_r6_m2048.cm
128,4,6,baseline,4096,1,68,0,4096,3,0,4258,4258,mtu_sweep/bcast_n128_g4_r6_m4096.cm
128,4,6,mcast,4096,1,68,0,4096,3,0,3582,3582,mtu_sweep/bcast_n128_g4_r6_m4096.cm
128,4,6,baseline,16384,1,68,0,16384,3,0,7299,7299,mtu_sweep/bcast_n128_g4_r6_m16384.cm
128,4,6,mcast,16384,1,68,0,16384,3,0,4596,4596,mtu_sweep/bcast_n128_g4_r6_m16384.cm
128,4,6,baseline,65536,1,68,0,65536,3,0,19464,19464,mtu_sweep/bcast_n128_g4_r6_m65536.cm
128,4,6,mcast,65536,1,68,0,65536,3,0,8651,8651,mtu_sweep/bcast_n128_g4_r6_m65536.cm
128,4,6,baseline,262144,1,68,0,262144,3,0,66773,66773,mtu_sweep/bcast_n128_g4_r6_m262144.cm
128,4,6,mcast,262144,1,68,0,262144,3,0,24364,24364,mtu_sweep/bcast_n128_g4_r6_m262144.cm
128,4,6,baseline,1048576,1,68,0,1048576,3,0,255333,255333,mtu_sweep/bcast_n128_g4_r6_m1048576.cm
128,4,6,mcast,1048576,1,68,0,1048576,3,0,87217,87217,mtu_sweep/bcast_n128_g4_r6_m1048576.cm
128,4,7,baseline,2048,1,120,0,2048,3,0,3751,3751,mtu_sweep/bcast_n128_g4_r7_m2048.cm
128,4,7,mcast,2048,1,120,0,2048,3,0,3413,3413,mtu_sweep/bcast_n128_g4_r7_m2048.cm
128,4,7,baseline,4096,1,120,0,4096,3,0,4258,4258,mtu_sweep/bcast_n128_g4_r7_m4096.cm
128,4,7,mcast,4096,1,120,0,4096,3,0,3582,3582,mtu_sweep/bcast_n128_g4_r7_m4096.cm
128,4,7,baseline,16384,1,120,0,16384,3,0,7299,7299,mtu_sweep/bcast_n128_g4_r7_m16384.cm
128,4,7,mcast,16384,1,120,0,16384,3,0,4596,4596,mtu_sweep/bcast_n128_g4_r7_m16384.cm
128,4,7,baseline,65536,1,120,0,65536,3,0,19464,19464,mtu_sweep/bcast_n128_g4_r7_m65536.cm
128,4,7,mcast,65536,1,120,0,65536,3,0,8651,8651,mtu_sweep/bcast_n128_g4_r7_m65536.cm
128,4,7,baseline,262144,1,120,0,262144,3,0,66773,66773,mtu_sweep/bcast_n128_g4_r7_m262144.cm
128,4,7,mcast,262144,1,120,0,262144,3,0,24364,24364,mtu_sweep/bcast_n128_g4_r7_m262144.cm
128,4,7,baseline,1048576,1,120,0,1048576,3,0,255333,255333,mtu_sweep/bcast_n128_g4_r7_m1048576.cm
128,4,7,mcast,1048576,1,120,0,1048576,3,0,87217,87217,mtu_sweep/bcast_n128_g4_r7_m1048576.cm
128,4,8,baseline,2048,1,52,0,2048,3,0,3751,3751,mtu_sweep/bcast_n128_g4_r8_m2048.cm
128,4,8,mcast,2048,1,52,0,2048,3,0,3413,3413,mtu_sweep/bcast_n128_g4_r8_m2048.cm
128,4,8,baseline,4096,1,52,0,4096,3,0,4258,4258,mtu_sweep/bcast_n128_g4_r8_m4096.cm
128,4,8,mcast,4096,1,52,0,4096,3,0,3582,3582,mtu_sweep/bcast_n128_g4_r8_m4096.cm
128,4,8,baseline,16384,1,52,0,16384,3,0,7299,7299,mtu_sweep/bcast_n128_g4_r8_m16384.cm
128,4,8,mcast,16384,1,52,0,16384,3,0,4596,4596,mtu_sweep/bcast_n128_g4_r8_m16384.cm
128,4,8,baseline,65536,1,52,0,65536,3,0,19464,19464,mtu_sweep/bcast_n128_g4_r8_m65536.cm
128,4,8,mcast,65536,1,52,0,65536,3,0,8651,8651,mtu_sweep/bcast_n128_g4_r8_m65536.cm
128,4,8,baseline,262144,1,52,0,262144,3,0,66773,66773,mtu_sweep/bcast_n128_g4_r8_m262144.cm
128,4,8,mcast,262144,1,52,0,262144,3,0,24364,24364,mtu_sweep/bcast_n128_g4_r8_m262144.cm
128,4,8,baseline,1048576,1,52,0,1048576,3,0,255333,255333,mtu_sweep/bcast_n128_g4_r8_m1048576.cm
128,4,8,mcast,1048576,1,52,0,1048576,3,0,87217,87217,mtu_sweep/bcast_n128_g4_r8_m1048576.cm
128,4,9,baseline,2048,1,71,0,2048,3,0,3582,3582,mtu_sweep/bcast_n128_g4_r9_m2048.cm
128,4,9,mcast,2048,1,71,0,2048,3,0,3413,3413,mtu_sweep/bcast_n128_g4_r9_m2048.cm
128,4,9,baseline,4096,1,71,0,4096,3,0,4089,4089,mtu_sweep/bcast_n128_g4_r9_m4096.cm
128,4,9,mcast,4096,1,71,0,4096,3,0,3582,3582,mtu_sweep/bcast_n128_g4_r9_m4096.cm
128,4,9,baseline,16384,1,71,0,16384,3,0,7130,7130,mtu_sweep/bcast_n128_g4_r9_m16384.cm
128,4,9,mcast,16384,1,71,0,16384,3,0,4596,4596,mtu_sweep/bcast_n128_g4_r9_m16384.cm
128,4,9,baseline,65536,1,71,0,65536,3,0,19296,19296,mtu_sweep/bcast_n128_g4_r9_m65536.cm
128,4,9,mcast,65536,1,71,0,65536,3,0,8651,8651,mtu_sweep/bcast_n128_g4_r9_m65536.cm
128,4,9,baseline,262144,1,71,0,262144,3,0,66604,66604,mtu_sweep/bcast_n128_g4_r9_m262144.cm
128,4,9,mcast,262144,1,71,0,262144,3,0,24364,24364,mtu_sweep/bcast_n128_g4_r9_m262144.cm
128,4,9,baseline,1048576,1,71,0,1048576,3,0,255164,255164,mtu_sweep/bcast_n128_g4_r9_m1048576.cm
128,4,9,mcast,1048576,1,71,0,1048576,3,0,87217,87217,mtu_sweep/bcast_n128_g4_r9_m1048576.cm
128,4,10,baseline,2048,1,15,0,2048,3,0,3582,3582,mtu_sweep/bcast_n128_g4_r10_m2048.cm
128,4,10,mcast,2048,1,15,0,2048,3,0,3413,3413,mtu_sweep/bcast_n128_g4_r10_m2048.cm
128,4,10,baseline,4096,1,15,0,4096,3,0,4089,4089,mtu_sweep/bcast_n128_g4_r10_m4096.cm
128,4,10,mcast,4096,1,15,0,4096,3,0,3582,3582,mtu_sweep/bcast_n128_g4_r10_m4096.cm
128,4,10,baseline,16384,1,15,0,16384,3,0,7130,7130,mtu_sweep/bcast_n128_g4_r10_m16384.cm
128,4,10,mcast,16384,1,15,0,16384,3,0,4596,4596,mtu_sweep/bcast_n128_g4_r10_m16384.cm
128,4,10,baseline,65536,1,15,0,65536,3,0,19296,19296,mtu_sweep/bcast_n128_g4_r10_m65536.cm
128,4,10,mcast,65536,1,15,0,65536,3,0,8651,8651,mtu_sweep/bcast_n128_g4_r10_m65536.cm
128,4,10,baseline,262144,1,15,0,262144,3,0,66604,66604,mtu_sweep/bcast_n128_g4_r10_m262144.cm
128,4,10,mcast,262144,1,15,0,262144,3,0,24364,24364,mtu_sweep/bcast_n128_g4_r10_m262144.cm
128,4,10,baseline,1048576,1,15,0,1048576,3,0,255164,255164,mtu_sweep/bcast_n128_g4_r10_m1048576.cm
128,4,10,mcast,1048576,1,15,0,1048576,3,0,87217,87217,mtu_sweep/bcast_n128_g4_r10_m1048576.cm
128,4,11,baseline,2048,1,1,0,2048,3,0,3751,3751,mtu_sweep/bcast_n128_g4_r11_m2048.cm
128,4,11,mcast,2048,1,1,0,2048,3,0,3413,3413,mtu_sweep/bcast_n128_g4_r11_m2048.cm
128,4,11,baseline,4096,1,1,0,4096,3,0,4258,4258,mtu_sweep/bcast_n128_g4_r11_m4096.cm
128,4,11,mcast,4096,1,1,0,4096,3,0,3582,3582,mtu_sweep/bcast_n128_g4_r11_m4096.cm
128,4,11,baseline,16384,1,1,0,16384,3,0,7299,7299,mtu_sweep/bcast_n128_g4_r11_m16384.cm
128,4,11,mcast,16384,1,1,0,16384,3,0,4596,4596,mtu_sweep/bcast_n128_g4_r11_m16384.cm
128,4,11,baseline,65536,1,1,0,65536,3,0,19464,19464,mtu_sweep/bcast_n128_g4_r11_m65536.cm
128,4,11,mcast,65536,1,1,0,65536,3,0,8651,8651,mtu_sweep/bcast_n128_g4_r11_m65536.cm
128,4,11,baseline,262144,1,1,0,262144,3,0,66773,66773,mtu_sweep/bcast_n128_g4_r11_m262144.cm
128,4,11,mcast,262144,1,1,0,262144,3,0,24364,24364,mtu_sweep/bcast_n128_g4_r11_m262144.cm
128,4,11,baseline,1048576,1,1,0,1048576,3,0,255333,255333,mtu_sweep/bcast_n128_g4_r11_m1048576.cm
128,4,11,mcast,1048576,1,1,0,1048576,3,0,87217,87217,mtu_sweep/bcast_n128_g4_r11_m1048576.cm
128,4,12,baseline,2048,1,86,0,2048,3,0,3751,3751,mtu_sweep/bcast_n128_g4_r12_m2048.cm
128,4,12,mcast,2048,1,86,0,2048,3,0,3413,3413,mtu_sweep/bcast_n128_g4_r12_m2048.cm
128,4,12,baseline,4096,1,86,0,4096,3,0,4258,4258,mtu_sweep/bcast_n128_g4_r12_m4096.cm
128,4,12,mcast,4096,1,86,0,4096,3,0,3582,3582,mtu_sweep/bcast_n128_g4_r12_m4096.cm
128,4,12,baseline,16384,1,86,0,16384,3,0,7299,7299,mtu_sweep/bcast_n128_g4_r12_m16384.cm
128,4,12,mcast,16384,1,86,0,16384,3,0,4596,4596,mtu_sweep/bcast_n128_g4_r12_m16384.cm
128,4,12,baseline,65536,1,86,0,65536,3,0,19464,19464,mtu_sweep/bcast_n128_g4_r12_m65536.cm
128,4,12,mcast,65536,1,86,0,65536,3,0,8651,8651,mtu_sweep/bcast_n128_g4_r12_m65536.cm
128,4,12,baseline,262144,1,86,0,262144,3,0,66773,66773,mtu_sweep/bcast_n128_g4_r12_m262144.cm
128,4,12,mcast,262144,1,86,0,262144,3,0,24364,24364,mtu_sweep/bcast_n128_g4_r12_m262144.cm
128,4,12,baseline,1048576,1,86,0,1048576,3,0,255333,255333,mtu_sweep/bcast_n128_g4_r12_m1048576.cm
128,4,12,mcast,1048576,1,86,0,1048576,3,0,87217,87217,mtu_sweep/bcast_n128_g4_r12_m1048576.cm
128,4,13,baseline,2048,1,84,0,2048,3,0,3751,3751,mtu_sweep/bcast_n128_g4_r13_m2048.cm
128,4,13,mcast,2048,1,84,0,2048,3,0,3413,3413,mtu_sweep/bcast_n128_g4_r13_m2048.cm
128,4,13,baseline,4096,1,84,0,4096,3,0,4258,4258,mtu_sweep/bcast_n128_g4_r13_m4096.cm
128,4,13,mcast,4096,1,84,0,4096,3,0,3582,3582,mtu_sweep/bcast_n128_g4_r13_m4096.cm
128,4,13,baseline,16384,1,84,0,16384,3,0,7299,7299,mtu_sweep/bcast_n128_g4_r13_m16384.cm
128,4,13,mcast,16384,1,84,0,16384,3,0,4596,4596,mtu_sweep/bcast_n128_g4_r13_m16384.cm
128,4,13,baseline,65536,1,84,0,65536,3,0,19464,19464,mtu_sweep/bcast_n128_g4_r13_m65536.cm
128,4,13,mcast,65536,1,84,0,65536,3,0,8651,8651,mtu_sweep/bcast_n128_g4_r13_m65536.cm
128,4,13,baseline,262144,1,84,0,262144,3,0,66773,66773,mtu_sweep/bcast_n128_g4_r13_m262144.cm
128,4,13,mcast,262144,1,84,0,262144,3,0,24364,24364,mtu_sweep/bcast_n128_g4_r13_m262144.cm
128,4,13,baseline,1048576,1,84,0,1048576,3,0,255333,255333,mtu_sweep/bcast_n128_g4_r13_m1048576.cm
128,4,13,mcast,1048576,1,84,0,1048576,3,0,87217,87217,mtu_sweep/bcast_n128_g4_r13_m1048576.cm
128,4,14,baseline,2048,1,12,0,2048,3,0,3751,3751,mtu_sweep/bcast_n128_g4_r14_m2048.cm
128,4,14,mcast,2048,1,12,0,2048,3,0,3413,3413,mtu_sweep/bcast_n128_g4_r14_m2048.cm
128,4,14,baseline,4096,1,12,0,4096,3,0,4258,4258,mtu_sweep/bcast_n128_g4_r14_m4096.cm
128,4,14,mcast,4096,1,12,0,4096,3,0,3582,3582,mtu_sweep/bcast_n128_g4_r14_m4096.cm
128,4,14,baseline,16384,1,12,0,16384,3,0,7299,7299,mtu_sweep/bcast_n128_g4_r14_m16384.cm
128,4,14,mcast,16384,1,12,0,16384,3,0,4596,4596,mtu_sweep/bcast_n128_g4_r14_m16384.cm
128,4,14,baseline,65536,1,12,0,65536,3,0,19464,19464,mtu_sweep/bcast_n128_g4_r14_m65536.cm
128,4,14,mcast,65536,1,12,0,65536,3,0,8651,8651,mtu_sweep/bcast_n128_g4_r14_m65536.cm
128,4,14,baseline,262144,1,12,0,262144,3,0,66773,66773,mtu_sweep/bcast_n128_g4_r14_m262144.cm
128,4,14,mcast,262144,1,12,0,262144,3,0,24364,24364,mtu_sweep/bcast_n128_g4_r14_m262144.cm
128,4,14,baseline,1048576,1,12,0,1048576,3,0,255333,255333,mtu_sweep/bcast_n128_g4_r14_m1048576.cm
128,4,14,mcast,1048576,1,12,0,1048576,3,0,87217,87217,mtu_sweep/bcast_n128_g4_r14_m1048576.cm
128,4,15,baseline,2048,1,46,0,2048,3,0,3582,3582,mtu_sweep/bcast_n128_g4_r15_m2048.cm
128,4,15,mcast,2048,1,46,0,2048,3,0,3413,3413,mtu_sweep/bcast_n128_g4_r15_m2048.cm
128,4,15,baseline,4096,1,46,0,4096,3,0,4089,4089,mtu_sweep/bcast_n128_g4_r15_m4096.cm
128,4,15,mcast,4096,1,46,0,4096,3,0,3582,3582,mtu_sweep/bcast_n128_g4_r15_m4096.cm
128,4,15,baseline,16384,1,46,0,16384,3,0,7130,7130,mtu_sweep/bcast_n128_g4_r15_m16384.cm
128,4,15,mcast,16384,1,46,0,16384,3,0,4596,4596,mtu_sweep/bcast_n128_g4_r15_m16384.cm
128,4,15,baseline,65536,1,46,0,65536,3,0,19296,19296,mtu_sweep/bcast_n128_g4_r15_m65536.cm
128,4,15,mcast,65536,1,46,0,65536,3,0,8651,8651,mtu_sweep/bcast_n128_g4_r15_m65536.cm
128,4,15,baseline,262144,1,46,0,262144,3,0,66604,66604,mtu_sweep/bcast_n128_g4_r15_m262144.cm
128,4,15,mcast,262144,1,46,0,262144,3,0,24364,24364,mtu_sweep/bcast_n128_g4_r15_m262144.cm
128,4,15,baseline,1048576,1,46,0,1048576,3,0,255164,255164,mtu_sweep/bcast_n128_g4_r15_m1048576.cm
128,4,15,mcast,1048576,1,46,0,1048576,3,0,87217,87217,mtu_sweep/bcast_n128_g4_r15_m1048576.cm
128,4,16,baseline,2048,1,75,0,2048,3,0,3751,3751,mtu_sweep/bcast_n128_g4_r16_m2048.cm
128,4,16,mcast,2048,1,75,0,2048,3,0,3413,3413,mtu_sweep/bcast_n128_g4_r16_m2048.cm
128,4,16,baseline,4096,1,75,0,4096,3,0,4258,4258,mtu_sweep/bcast_n128_g4_r16_m4096.cm
128,4,16,mcast,4096,1,75,0,4096,3,0,3582,3582,mtu_sweep/bcast_n128_g4_r16_m4096.cm
128,4,16,baseline,16384,1,75,0,16384,3,0,7299,7299,mtu_sweep/bcast_n128_g4_r16_m16384.cm
128,4,16,mcast,16384,1,75,0,16384,3,0,4596,4596,mtu_sweep/bcast_n128_g4_r16_m16384.cm
128,4,16,baseline,65536,1,75,0,65536,3,0,19464,19464,mtu_sweep/bcast_n128_g4_r16_m65536.cm
128,4,16,mcast,65536,1,75,0,65536,3,0,8651,8651,mtu_sweep/bcast_n128_g4_r16_m65536.cm
128,4,16,baseline,262144,1,75,0,262144,3,0,66773,66773,mtu_sweep/bcast_n128_g4_r16_m262144.cm
128,4,16,mcast,262144,1,75,0,262144,3,0,24364,24364,mtu_sweep/bcast_n128_g4_r16_m262144.cm
128,4,16,baseline,1048576,1,75,0,1048576,3,0,255333,255333,mtu_sweep/bcast_n128_g4_r16_m1048576.cm
128,4,16,mcast,1048576,1,75,0,1048576,3,0,87217,87217,mtu_sweep/bcast_n128_g4_r16_m1048576.cm
128,4,17,baseline,2048,1,11,0,2048,3,0,3751,3751,mtu_sweep/bcast_n128_g4_r17_m2048.cm
128,4,17,mcast,2048,1,11,0,2048,3,0,3413,3413,mtu_sweep/bcast_n128_g4_r17_m2048.cm
128,4,17,baseline,4096,1,11,0,4096,3,0,4258,4258,mtu_sweep/bcast_n128_g4_r17_m4096.cm
128,4,17,mcast,4096,1,11,0,4096,3,0,3582,3582,mtu_sweep/bcast_n128_g4_r17_m4096.cm
128,4,17,baseline,16384,1,11,0,16384,3,0,7299,7299,mtu_sweep/bcast_n128_g4_r17_m16384.cm
128,4,17,mcast,16384,1,11,0,16384,3,0,4596,4596,mtu_sweep/bcast_n128_g4_r17_m16384.cm
128,4,17,baseline,65536,1,11,0,65536,3,0,19464,19464,mtu_sweep/bcast_n128_g4_r17_m65536.cm
128,4,17,mcast,65536,1,11,0,65536,3,0,8651,8651,mtu_sweep/bcast_n128_g4_r17_m65536.cm
128,4,17,baseline,262144,1,11,0,262144,3,0,66773,66773,mtu_sweep/bcast_n128_g4_r17_m262144.cm
128,4,17,mcast,262144,1,11,0,262144,3,0,24364,24364,mtu_sweep/bcast_n128_g4_r17_m262144.cm
128,4,17,baseline,1048576,1,11,0,1048576,3,0,255333,255333,mtu_sweep/bcast_n128_g4_r17_m1048576.cm
128,4,17,mcast,1048576,1,11,0,1048576,3,0,87217,87217,mtu_sweep/bcast_n128_g4_r17_m1048576.cm
128,4,18,baseline,2048,1,78,0,2048,3,0,3751,3751,mtu_sweep/bcast_n128_g4_r18_m2048.cm
128,4,18,mcast,2048,1,78,0,2048,3,0,3413,3413,mtu_sweep/bcast_n128_g4_r18_m2048.cm
128,4,18,baseline,4096,1,78,0,4096,3,0,4258,4258,mtu_sweep/bcast_n128_g4_r18_m4096.cm
128,4,18,mcast,4096,1,78,0,4096,3,0,3582,3582,mtu_sweep/bcast_n128_g4_r18_m4096.cm
128,4,18,baseline,16384,1,78,0,16384,3,0,7299,7299,mtu_sweep/bcast_n128_g4_r18_m16384.cm
128,4,18,mcast,16384,1,78,0,16384,3,0,4596,4596,mtu_sweep/bcast_n128_g4_r18_m16384.cm
128,4,18,baseline,65536,1,78,0,65536,3,0,19464,19464,mtu_sweep/bcast_n128_g4_r18_m65536.cm
128,4,18,mcast,65536,1,78,0,65536,3,0,8651,8651,mtu_sweep/bcast_n128_g4_r18_m65536.cm
128,4,18,baseline,262144,1,78,0,262144,3,0,66773,66773,mtu_sweep/bcast_n128_g4_r18_m262144.cm
128,4,18,mcast,262144,1,78,0,262144,3,0,24364,24364,mtu_sweep/bcast_n128_g4_r18_m262144.cm
128,4,18,baseline,1048576,1,78,0,1048576,3,0,255333,255333,mtu_sweep/bcast_n128_g4_r18_m1048576.cm
128,4,18,mcast,1048576,1,78,0,1048576,3,0,87217,87217,mtu_sweep/bcast_n128_g4_r18_m1048576.cm
128,4,19,baseline,2048,1,20,0,2048,3,0,3582,3582,mtu_sweep/bcast_n128_g4_r19_m2048.cm
128,4,19,mcast,2048,1,20,0,2048,3,0,3413,3413,mtu_sweep/bcast_n128_g4_r19_m2048.cm
128,4,19,baseline,4096,1,20,0,4096,3,0,4089,4089,mtu_sweep/bcast_n128_g4_r19_m4096.cm
128,4,19,mcast,4096,1,20,0,4096,3,0,3582,3582,mtu_sweep/bcast_n128_g4_r19_m4096.cm
128,4,19,baseline,16384,1,20,0,16384,3,0,7130,7130,mtu_sweep/bcast_n128_g4_r19_m16384.cm
128,4,19,mcast,16384,1,20,0,16384,3,0,4596,4596,mtu_sweep/bcast_n128_g4_r19_m16384.cm
128,4,19,baseline,65536,1,20,0,65536,3,0,19296,19296,mtu_sweep/bcast_n128_g4_r19_m65536.cm
128,4,19,mcast,65536,1,20,0,65536,3,0,8651,8651,mtu_sweep/bcast_n128_g4_r19_m65536.cm
128,4,19,baseline,262144,1,20,0,262144,3,0,66604,66604,mtu_sweep/bcast_n128_g4_r19_m262144.cm
128,4,19,mcast,262144,1,20,0,262144,3,0,24364,24364,mtu_sweep/bcast_n128_g4_r19_m262144.cm
128,4,19,baseline,1048576,1,20,0,1048576,3,0,255164,255164,mtu_sweep/bcast_n128_g4_r19_m1048576.cm
128,4,19,mcast,1048576,1,20,0,1048576,3,0,87217,87217,mtu_sweep/bcast_n128_g4_r19_m1048576.cm
128,4,20,baseline,2048,1,125,0,2048,3,0,3751,3751,mtu_sweep/bcast_n128_g4_r20_m2048.cm
128,4,20,mcast,2048,1,125,0,2048,3,0,3413,3413,mtu_sweep/bcast_n128_g4_r20_m2048.cm
128,4,20,baseline,4096,1,125,0,4096,3,0,4258,4258,mtu_sweep/bcast_n128_g4_r20_m4096.cm
128,4,20,mcast,4096,1,125,0,4096,3,0,3582,3582,mtu_sweep/bcast_n128_g4_r20_m4096.cm
128,4,20,baseline,16384,1,125,0,16384,3,0,7299,7299,mtu_sweep/bcast_n128_g4_r20_m16384.cm
128,4,20,mcast,16384,1,125,0,16384,3,0,4596,4596,mtu_sweep/bcast_n128_g4_r20_m16384.cm
128,4,20,baseline,65536,1,125,0,65536,3,0,19464,19464,mtu_sweep/bcast_n128_g4_r20_m65536.cm
128,4,20,mcast,65536,1,125,0,65536,3,0,8651,8651,mtu_sweep/bcast_n128_g4_r20_m65536.cm
128,4,20,baseline,262144,1,125,0,262144,3,0,66773,66773,mtu_sweep/bcast_n128_g4_r20_m262144.cm
128,4,20,mcast,262144,1,125,0,262144,3,0,24364,24364,mtu_sweep/bcast_n128_g4_r20_m262144.cm
128,4,20,baseline,1048576,1,125,0,1048576,3,0,255333,255333,mtu_sweep/bcast_n128_g4_r20_m1048576.cm
128,4,20,mcast,1048576,1,125,0,1048576,3,0,87217,87217,mtu_sweep/bcast_n128_g4_r20_m1048576.cm
128,4,21,baseline,2048,1,93,0,2048,3,0,3751,3751,mtu_sweep/bcast_n128_g4_r21_m2048.cm
128,4,21,mcast,2048,1,93,0,2048,3,0,3413,3413,mtu_sweep/bcast_n128_g4_r21_m2048.cm
128,4,21,baseline,4096,1,93,0,4096,3,0,4258,4258,mtu_sweep/bcast_n128_g4_r21_m4096.cm
128,4,21,mcast,4096,1,93,0,4096,3,0,3582,3582,mtu_sweep/bcast_n128_g4_r21_m4096.cm
128,4,21,baseline,16384,1,93,0,16384,3,0,7299,7299,mtu_sweep/bcast_n128_g4_r21_m16384.cm
128,4,21,mcast,16384,1,93,0,16384,3,0,4596,4596,mtu_sweep/bcast_n128_g4_r21_m16384.cm
128,4,21,baseline,65536,1,93,0,65536,3,0,19464,19464,mtu_sweep/bcast_n128_g4_r21_m65536.cm
128,4,21,mcast,65536,1,93,0,65536,3,0,8651,8651,mtu_sweep/bcast_n128_g4_r21_m65536.cm
128,4,21,baseline,262144,1,93,0,262144,3,0,66773,66773,mtu_sweep/bcast_n128_g4_r21_m262144.cm
128,4,21,mcast,262144,1,93,0,262144,3,0,24364,24364,mtu_sweep/bcast_n128_g4_r21_m262144.cm
128,4,21,baseline,1048576,1,93,0,1048576,3,0,255333,255333,mtu_sweep/bcast_n128_g4_r21_m1048576.cm
128,4,21,mcast,1048576,1,93,0,1048576,3,0,87217,87217,mtu_sweep/bcast_n128_g4_r21_m1048576.cm
128,4,22,baseline,2048,1,57,0,2048,3,0,3751,3751,mtu_sweep/bcast_n128_g4_r22_m2048.cm
128,4,22,mcast,2048,1,57,0,2048,3,0,3413,3413,mtu_sweep/bcast_n128_g4_r22_m2048.cm
128,4,22,baseline,4096,1,57,0,4096,3,0,4258,4258,mtu_sweep/bcast_n128_g4_r22_m4096.cm
128,4,22,mcast,4096,1,57,0,4096,3,0,3582,3582,mtu_sweep/bcast_n128_g4_r22_m4096.cm
128,4,22,baseline,16384,1,57,0,16384,3,0,7299,7299,mtu_sweep/bcast_n128_g4_r22_m16384.cm
128,4,22,mcast,16384,1,57,0,16384,3,0,4596,4596,mtu_sweep/bcast_n128_g4_r22_m16384.cm
128,4,22,baseline,65536,1,57,0,65536,3,0,19464,19464,mtu_sweep/bcast_n128_g4_r22_m65536.cm
128,4,22,mcast,65536,1,57,0,65536,3,0,8651,8651,mtu_sweep/bcast_n128_g4_r22_m65536.cm
128,4,22,baseline,262144,1,57,0,262144,3,0,66773,66773,mtu_sweep/bcast_n128_g4_r22_m262144.cm
128,4,22,mcast,262144,1,57,0,262144,3,0,24364,24364,mtu_sweep/bcast_n128_g4_r22_m262144.cm
128,4,22,baseline,1048576,1,57,0,1048576,3,0,255333,255333,mtu_sweep/bcast_n128_g4_r22_m1048576.cm
128,4,22,mcast,1048576,1,57,0,1048576,3,0,87217,87217,mtu_sweep/bcast_n128_g4_r22_m1048576.cm
128,4,23,baseline,2048,1,108,0,2048,3,0,3751,3751,mtu_sweep/bcast_n128_g4_r23_m2048.cm
128,4,23,mcast,2048,1,108,0,2048,3,0,3413,3413,mtu_sweep/bcast_n128_g4_r23_m2048.cm
128,4,23,baseline,4096,1,108,0,4096,3,0,4258,4258,mtu_sweep/bcast_n128_g4_r23_m4096.cm
128,4,23,mcast,4096,1,108,0,4096,3,0,3582,3582,mtu_sweep/bcast_n128_g4_r23_m4096.cm
128,4,23,baseline,16384,1,108,0,16384,3,0,7299,7299,mtu_sweep/bcast_n128_g4_r23_m16384.cm
128,4,23,mcast,16384,1,108,0,16384,3,0,4596,4596,mtu_sweep/bcast_n128_g4_r23_m16384.cm
128,4,23,baseline,65536,1,108,0,65536,3,0,19464,19464,mtu_sweep/bcast_n128_g4_r23_m65536.cm
128,4,23,mcast,65536,1,108,0,65536,3,0,8651,8651,mtu_sweep/bcast_n128_g4_r23_m65536.cm
128,4,23,baseline,262144,1,108,0,262144,3,0,66773,66773,mtu_sweep/bcast_n128_g4_r23_m262144.cm
128,4,23,mcast,262144,1,108,0,262144,3,0,24364,24364,mtu_sweep/bcast_n128_g4_r23_m262144.cm
128,4,23,baseline,1048576,1,108,0,1048576,3,0,255333,255333,mtu_sweep/bcast_n128_g4_r23_m1048576.cm
128,4,23,mcast,1048576,1,108,0,1048576,3,0,87217,87217,mtu_sweep/bcast_n128_g4_r23_m1048576.cm
128,4,24,baseline,2048,1,6,0,2048,3,0,3751,3751,mtu_sweep/bcast_n128_g4_r24_m2048.cm
128,4,24,mcast,2048,1,6,0,2048,3,0,3413,3413,mtu_sweep/bcast_n128_g4_r24_m2048.cm
128,4,24,baseline,4096,1,6,0,4096,3,0,4258,4258,mtu_sweep/bcast_n128_g4_r24_m4096.cm
128,4,24,mcast,4096,1,6,0,4096,3,0,3582,3582,mtu_sweep/bcast_n128_g4_r24_m4096.cm
128,4,24,baseline,16384,1,6,0,16384,3,0,7299,7299,mtu_sweep/bcast_n128_g4_r24_m16384.cm
128,4,24,mcast,16384,1,6,0,16384,3,0,4596,4596,mtu_sweep/bcast_n128_g4_r24_m16384.cm
128,4,24,baseline,65536,1,6,0,65536,3,0,19464,19464,mtu_sweep/bcast_n128_g4_r24_m65536.cm
128,4,24,mcast,65536,1,6,0,65536,3,0,8651,8651,mtu_sweep/bcast_n128_g4_r24_m65536.cm
128,4,24,baseline,262144,1,6,0,262144,3,0,66773,66773,mtu_sweep/bcast_n128_g4_r24_m262144.cm
128,4,24,mcast,262144,1,6,0,262144,3,0,24364,24364,mtu_sweep/bcast_n128_g4_r24_m262144.cm
128,4,24,baseline,1048576,1,6,0,1048576,3,0,255333,255333,mtu_sweep/bcast_n128_g4_r24_m1048576.cm
128,4,24,mcast,1048576,1,6,0,1048576,3,0,87217,87217,mtu_sweep/bcast_n128_g4_r24_m1048576.cm
128,4,25,baseline,2048,1,6,0,2048,3,0,3751,3751,mtu_sweep/bcast_n128_g4_r25_m2048.cm
128,4,25,mcast,2048,1,6,0,2048,3,0,3413,3413,mtu_sweep/bcast_n128_g4_r25_m2048.cm
128,4,25,baseline,4096,1,6,0,4096,3,0,4258,4258,mtu_sweep/bcast_n128_g4_r25_m4096.cm
128,4,25,mcast,4096,1,6,0,4096,3,0,3582,3582,mtu_sweep/bcast_n128_g4_r25_m4096.cm
128,4,25,baseline,16384,1,6,0,16384,3,0,7299,7299,mtu_sweep/bcast_n128_g4_r25_m16384.cm
128,4,25,mcast,16384,1,6,0,16384,3,0,4596,4596,mtu_sweep/bcast_n128_g4_r25_m16384.cm
128,4,25,baseline,65536,1,6,0,65536,3,0,19464,19464,mtu_sweep/bcast_n128_g4_r25_m65536.cm
128,4,25,mcast,65536,1,6,0,65536,3,0,8651,8651,mtu_sweep/bcast_n128_g4_r25_m65536.cm
128,4,25,baseline,262144,1,6,0,262144,3,0,66773,66773,mtu_sweep/bcast_n128_g4_r25_m262144.cm
128,4,25,mcast,262144,1,6,0,262144,3,0,24364,24364,mtu_sweep/bcast_n128_g4_r25_m262144.cm
128,4,25,baseline,1048576,1,6,0,1048576,3,0,255333,255333,mtu_sweep/bcast_n128_g4_r25_m1048576.cm
128,4,25,mcast,1048576,1,6,0,1048576,3,0,87217,87217,mtu_sweep/bcast_n128_g4_r25_m1048576.cm
128,4,26,baseline,2048,1,25,0,2048,3,0,3751,3751,mtu_sweep/bcast_n128_g4_r26_m2048.cm
128,4,26,mcast,2048,1,25,0,2048,3,0,3413,3413,mtu_sweep/bcast_n128_g4_r26_m2048.cm
128,4,26,baseline,4096,1,25,0,4096,3,0,4258,4258,mtu_sweep/bcast_n128_g4_r26_m4096.cm
128,4,26,mcast,4096,1,25,0,4096,3,0,3582,3582,mtu_sweep/bcast_n128_g4_r26_m4096.cm
128,4,26,baseline,16384,1,25,0,16384,3,0,7299,7299,mtu_sweep/bcast_n128_g4_r26_m16384.cm
128,4,26,mcast,16384,1,25,0,16384,3,0,4596,4596,mtu_sweep/bcast_n128_g4_r26_m16384.cm
128,4,26,baseline,65536,1,25,0,65536,3,0,19464,19464,mtu_sweep/bcast_n128_g4_r26_m65536.cm
128,4,26,mcast,65536,1,25,0,65536,3,0,8651,8651,mtu_sweep/bcast_n128_g4_r26_m65536.cm
128,4,26,baseline,262144,1,25,0,262144,3,0,66773,66773,mtu_sweep/bcast_n128_g4_r26_m262144.cm
128,4,26,mcast,262144,1,25,0,262144,3,0,24364,24364,mtu_sweep/bcast_n128_g4_r26_m262144.cm
128,4,26,baseline,1048576,1,25,0,1048576,3,0,255333,255333,mtu_sweep/bcast_n128_g4_r26_m1048576.cm
128,4,26,mcast,1048576,1,25,0,1048576,3,0,87217,87217,mtu_sweep/bcast_n128_g4_r26_m1048576.cm
128,4,27,baseline,2048,1,99,0,2048,3,0,3582,3582,mtu_sweep/bcast_n128_g4_r27_m2048.cm
128,4,27,mcast,2048,1,99,0,2048,3,0,3413,3413,mtu_sweep/bcast_n128_g4_r27_m2048.cm
128,4,27,baseline,4096,1,99,0,4096,3,0,4089,4089,mtu_sweep/bcast_n128_g4_r27_m4096.cm
128,4,27,mcast,4096,1,99,0,4096,3,0,3582,3582,mtu_sweep/bcast_n128_g4_r27_m4096.cm
128,4,27,baseline,16384,1,99,0,16384,3,0,7130,7130,mtu_sweep/bcast_n128_g4_r27_m16384.cm
128,4,27,mcast,16384,1,99,0,16384,3,0,4596,4596,mtu_sweep/bcast_n128_g4_r27_m16384.cm
128,4,27,baseline,65536,1,99,0,65536,3,0,19296,19296,mtu_sweep/bcast_n128_g4_r27_m65536.cm
128,4,27,mcast,65536,1,99,0,65536,3,0,8651,8651,mtu_sweep/bcast_n128_g4_r27_m65536.cm
128,4,27,baseline,262144,1,99,0,262144,3,0,66604,66604,mtu_sweep/bcast_n128_g4_r27_m262144.cm
128,4,27,mcast,262144,1,99,0,262144,3,0,24364,24364,mtu_sweep/bcast_n128_g4_r27_m262144.cm
128,4,27,baseline,1048576,1,99,0,1048576,3,0,255164,255164,mtu_sweep/bcast_n128_g4_r27_m1048576.cm
128,4,27,mcast,1048576,1,99,0,1048576,3,0,87217,87217,mtu_sweep/bcast_n128_g4_r27_m1048576.cm
128,4,28,baseline,2048,1,28,0,2048,3,0,3751,3751,mtu_sweep/bcast_n128_g4_r28_m2048.cm
128,4,28,mcast,2048,1,28,0,2048,3,0,3413,3413,mtu_sweep/bcast_n128_g4_r28_m2048.cm
128,4,28,baseline,4096,1,28,0,4096,3,0,4258,4258,mtu_sweep/bcast_n128_g4_r28_m4096.cm
128,4,28,mcast,4096,1,28,0,4096,3,0,3582,3582,mtu_sweep/bcast_n128_g4_r28_m4096.cm
128,4,28,baseline,16384,1,28,0,16384,3,0,7299,7299,mtu_sweep/bcast_n128_g4_r28_m16384.cm
128,4,28,mcast,16384,1,28,0,16384,3,0,4596,4596,mtu_sweep/bcast_n128_g4_r28_m16384.cm
128,4,28,baseline,65536,1,28,0,65536,3,0,19464,19464,mtu_sweep/bcast_n128_g4_r28_m65536.cm
128,4,28,mcast,65536,1,28,0,65536,3,0,8651,8651,mtu_sweep/bcast_n128_g4_r28_m65536.cm
128,4,28,baseline,262144,1,28,0,262144,3,0,66773,66773,mtu_sweep/bcast_n128_g4_r28_m262144.cm
128,4,28,mcast,262144,1,28,0,262144,3,0,24364,24364,mtu_sweep/bcast_n128_g4_r28_m262144.cm
128,4,28,baseline,1048576,1,28,0,1048576,3,0,255333,255333,mtu_sweep/bcast_n128_g4_r28_m1048576.cm
128,4,28,mcast,1048576,1,28,0,1048576,3,0,87217,87217,mtu_sweep/bcast_n128_g4_r28_m1048576.cm
128,4,29,baseline,2048,1,97,0,2048,3,0,3751,3751,mtu_sweep/bcast_n128_g4_r29_m2048.cm
128,4,29,mcast,2048,1,97,0,2048,3,0,3413,3413,mtu_sweep/bcast_n128_g4_r29_m2048.cm
128,4,29,baseline,4096,1,97,0,4096,3,0,4258,4258,mtu_sweep/bcast_n128_g4_r29_m4096.cm
128,4,29,mcast,4096,1,97,0,4096,3,0,3582,3582,mtu_sweep/bcast_n128_g4_r29_m4096.cm
128,4,29,baseline,16384,1,97,0,16384,3,0,7299,7299,mtu_sweep/bcast_n128_g4_r29_m16384.cm
128,4,29,mcast,16384,1,97,0,16384,3,0,4596,4596,mtu_sweep/bcast_n128_g4_r29_m16384.cm
128,4,29,baseline,65536,1,97,0,65536,3,0,19464,19464,mtu_sweep/bcast_n128_g4_r29_m65536.cm
128,4,29,mcast,65536,1,97,0,65536,3,0,8651,8651,mtu_sweep/bcast_n128_g4_r29_m65536.cm
128,4,29,baseline,262144,1,97,0,262144,3,0,66773,66773,mtu_sweep/bcast_n128_g4_r29_m262144.cm
128,4,29,mcast,262144,1,97,0,262144,3,0,24364,24364,mtu_sweep/bcast_n128_g4_r29_m262144.cm
128,4,29,baseline,1048576,1,97,0,1048576,3,0,255333,255333,mtu_sweep/bcast_n128_g4_r29_m1048576.cm
128,4,29,mcast,1048576,1,97,0,1048576,3,0,87217,87217,mtu_sweep/bcast_n128_g4_r29_m1048576.cm
128,16,0,baseline,2048,1,101,0,2048,15,0,5779,5779,mtu_sweep/bcast_n128_g16_r0_m2048.cm
128,16,0,mcast,2048,1,101,0,2048,15,0,3413,3413,mtu_sweep/bcast_n128_g16_r0_m2048.cm
128,16,0,baseline,4096,1,101,0,4096,15,0,8313,8313,mtu_sweep/bcast_n128_g16_r0_m4096.cm
128,16,0,mcast,4096,1,101,0,4096,15,0,3582,3582,mtu_sweep/bcast_n128_g16_r0_m4096.cm
128,16,0,baseline,16384,1,101,0,16384,15,0,23520,23520,mtu_sweep/bcast_n128_g16_r0_m16384.cm
128,16,0,mcast,16384,1,101,0,16384,15,0,4596,4596,mtu_sweep/bcast_n128_g16_r0_m16384.cm
128,16,0,baseline,65536,1,101,0,65536,15,0,84345,84345,mtu_sweep/bcast_n128_g16_r0_m65536.cm
128,16,0,mcast,65536,1,101,0,65536,15,0,8651,8651,mtu_sweep/bcast_n128_g16_r0_m65536.cm
128,16,0,baseline,262144,1,101,0,262144,15,0,320213,320213,mtu_sweep/bcast_n128_g16_r0_m262144.cm
128,16,0,mcast,262144,1,101,0,262144,15,0,24364,24364,mtu_sweep/bcast_n128_g16_r0_m262144.cm
128,16,0,baseline,1048576,1,101,0,1048576,15,0,1263010,1263010,mtu_sweep/bcast_n128_g16_r0_m1048576.cm
128,16,0,mcast,1048576,1,101,0,1048576,15,0,87217,87217,mtu_sweep/bcast_n128_g16_r0_m1048576.cm
128,16,1,baseline,2048,1,24,0,2048,15,0,5779,5779,mtu_sweep/bcast_n128_g16_r1_m2048.cm
128,16,1,mcast,2048,1,24,0,2048,15,0,3413,3413,mtu_sweep/bcast_n128_g16_r1_m2048.cm
128,16,1,baseline,4096,1,24,0,4096,15,0,8313,8313,mtu_sweep/bcast_n128_g16_r1_m4096.cm
128,16,1,mcast,4096,1,24,0,4096,15,0,3582,3582,mtu_sweep/bcast_n128_g16_r1_m4096.cm
128,16,1,baseline,16384,1,24,0,16384,15,0,23520,23520,mtu_sweep/bcast_n128_g16_r1_m16384.cm
128,16,1,mcast,16384,1,24,0,16384,15,0,4596,4596,mtu_sweep/bcast_n128_g16_r1_m16384.cm
128,16,1,baseline,65536,1,24,0,65536,15,0,84345,84345,mtu_sweep/bcast_n128_g16_r1_m65536.cm
128,16,1,mcast,65536,1,24,0,65536,15,0,8651,8651,mtu_sweep/bcast_n128_g16_r1_m65536.cm
128,16,1,baseline,262144,1,24,0,262144,15,0,320213,320213,mtu_sweep/bcast_n128_g16_r1_m262144.cm
128,16,1,mcast,262144,1,24,0,262144,15,0,24364,24364,mtu_sweep/bcast_n128_g16_r1_m262144.cm
128,16,1,baseline,1048576,1,24,0,1048576,15,0,1263010,1263010,mtu_sweep/bcast_n128_g16_r1_m1048576.cm
128,16,1,mcast,1048576,1,24,0,1048576,15,0,87217,87217,mtu_sweep/bcast_n128_g16_r1_m1048576.cm
128,16,2,baseline,2048,1,83,0,2048,15,0,5779,5779,mtu_sweep/bcast_n128_g16_r2_m2048.cm
128,16,2,mcast,2048,1,83,0,2048,15,0,3413,3413,mtu_sweep/bcast_n128_g16_r2_m2048.cm
128,16,2,baseline,4096,1,83,0,4096,15,0,8313,8313,mtu_sweep/bcast_n128_g16_r2_m4096.cm
128,16,2,mcast,4096,1,83,0,4096,15,0,3582,3582,mtu_sweep/bcast_n128_g16_r2_m4096.cm
128,16,2,baseline,16384,1,83,0,16384,15,0,23520,23520,mtu_sweep/bcast_n128_g16_r2_m16384.cm
128,16,2,mcast,16384,1,83,0,16384,15,0,4596,4596,mtu_sweep/bcast_n128_g16_r2_m16384.cm
128,16,2,baseline,65536,1,83,0,65536,15,0,84345,84345,mtu_sweep/bcast_n128_g16_r2_m65536.cm
128,16,2,mcast,65536,1,83,0,65536,15,0,8651,8651,mtu_sweep/bcast_n128_g16_r2_m65536.cm
128,16,2,baseline,262144,1,83,0,262144,15,0,320213,320213,mtu_sweep/bcast_n128_g16_r2_m262144.cm
128,16,2,mcast,262144,1,83,0,262144,15,0,24364,24364,mtu_sweep/bcast_n128_g16_r2_m262144.cm
128,16,2,baseline,1048576,1,83,0,1048576,15,0,1263010,1263010,mtu_sweep/bcast_n128_g16_r2_m1048576.cm
128,16,2,mcast,1048576,1,83,0,1048576,15,0,87217,87217,mtu_sweep/bcast_n128_g16_r2_m1048576.cm
128,16,3,baseline,2048,1,70,0,2048,15,0,5610,5610,mtu_sweep/bcast_n128_g16_r3_m2048.cm
128,16,3,mcast,2048,1,70,0,2048,15,0,3413,3413,mtu_sweep/bcast_n128_g16_r3_m2048.cm
128,16,3,baseline,4096,1,70,0,4096,15,0,8144,8144,mtu_sweep/bcast_n128_g16_r3_m4096.cm
128,16,3,mcast,4096,1,70,0,4096,15,0,3582,3582,mtu_sweep/bcast_n128_g16_r3_m4096.cm
128,16,3,baseline,16384,1,70,0,16384,15,0,23351,23351,mtu_sweep/bcast_n128_g16_r3_m16384.cm
128,16,3,mcast,16384,1,70,0,16384,15,0,4596,4596,mtu_sweep/bcast_n128_g16_r3_m16384.cm
128,16,3,baseline,65536,1,70,0,65536,15,0,84176,84176,mtu_sweep/bcast_n128_g16_r3_m65536.cm
128,16,3,mcast,65536,1,70,0,65536,15,0,8651,8651,mtu_sweep/bcast_n128_g16_r3_m65536.cm
128,16,3,baseline,262144,1,70,0,262144,15,0,320044,320044,mtu_sweep/bcast_n128_g16_r3_m262144.cm
128,16,3,mcast,262144,1,70,0,262144,15,0,24364,24364,mtu_sweep/bcast_n128_g16_r3_m262144.cm
128,16,3,baseline,1048576,1,70,0,1048576,15,0,1262841,1262841,mtu_sweep/bcast_n128_g16_r3_m1048576.cm
128,16,3,mcast,1048576,1,70,0,1048576,15,0,87217,87217,mtu_sweep/bcast_n128_g16_r3_m1048576.cm
128,16,4,baseline,2048,1,93,0,2048,15,0,5779,5779,mtu_sweep/bcast_n128_g16_r4_m2048.cm
128,16,4,mcast,2048,1,93,0,2048,15,0,3413,3413,mtu_sweep/bcast_n128_g16_r4_m2048.cm
128,16,4,baseline,4096,1,93,0,4096,15,0,8313,8313,mtu_sweep/bcast_n128_g16_r4_m4096.cm
128,16,4,mcast,4096,1,93,0,4096,15,0,3582,3582,mtu_sweep/bcast_n128_g16_r4_m4096.cm
128,16,4,baseline,16384,1,93,0,16384,15,0,23520,23520,mtu_sweep/bcast_n128_g16_r4_m16384.cm
128,16,4,mcast,16384,1,93,0,16384,15,0,4596,4596,mtu_sweep/bcast_n128_g16_r4_m16384.cm
128,16,4,baseline,65536,1,93,0,65536,15,0,84345,84345,mtu_sweep/bcast_n128_g16_r4_m65536.cm
128,16,4,mcast,65536,1,93,0,65536,15,0,8651,8651,mtu_sweep/bcast_n128_g16_r4_m65536.cm
128,16,4,baseline,262144,1,93,0,262144,15,0,320213,320213,mtu_sweep/bcast_n128_g16_r4_m262144.cm
128,16,4,mcast,262144,1,93,0,262144,15,0,24364,24364,mtu_sweep/bcast_n128_g16_r4_m262144.cm
128,16,4,baseline,1048576,1,93,0,1048576,15,0,1263010,1263010,mtu_sweep/bcast_n128_g16_r4_m1048576.cm
128,16,4,mcast,1048576,1,93,0,1048576,15,0,87217,87217,mtu_sweep/bcast_n128_g16_r4_m1048576.cm
128,16,5,baseline,2048,1,124,0,2048,15,0,5779,5779,mtu_sweep/bcast_n128_g16_r5_m2048.cm
128,16,5,mcast,2048,1,124,0,2048,15,0,3413,3413,mtu_sweep/bcast_n128_g16_r5_m2048.cm
128,16,5,baseline,4096,1,124,0,4096,15,0,8313,8313,mtu_sweep/bcast_n128_g16_r5_m4096.cm
128,16,5,mcast,4096,1,124,0,4096,15,0,3582,3582,mtu_sweep/bcast_n128_g16_r5_m4096.cm
128,16,5,baseline,16384,1,124,0,16384,15,0,23520,23520,mtu_sweep/bcast_n128_g16_r5_m16384.cm
128,16,5,mcast,16384,1,124,0,16384,15,0,4596,4596,mtu_sweep/bcast_n128_g16_r5_m16384.cm
128,16,5,baseline,65536,1,124,0,65536,15,0,84345,84345,mtu_sweep/bcast_n128_g16_r5_m65536.cm
128,16,5,mcast,65536,1,124,0,65536,15,0,8651,8651,mtu_sweep/bcast_n128_g16_r5_m65536.cm
128,16,5,baseline,262144,1,124,0,262144,15,0,320213,320213,mtu_sweep/bcast_n128_g16_r5_m262144.cm
128,16,5,mcast,262144,1,124,0,262144,15,0,24364,24364,mtu_sweep/bcast_n128_g16_r5_m262144.cm
128,16,5,baseline,1048576,1,124,0,1048576,15,0,1263010,1263010,mtu_sweep/bcast_n128_g16_r5_m1048576.cm
128,16,5,mcast,1048576,1,124,0,1048576,15,0,87217,87217,mtu_sweep/bcast_n128_g16_r5_m1048576.cm
128,16,6,baseline,2048,1,110,0,2048,15,0,5779,5779,mtu_sweep/bcast_n128_g16_r6_m2048.cm
128,16,6,mcast,2048,1,110,0,2048,15,0,3413,3413,mtu_sweep/bcast_n128_g16_r6_m2048.cm
128,16,6,baseline,4096,1,110,0,4096,15,0,8313,8313,mtu_sweep/bcast_n128_g16_r6_m4096.cm
128,16,6,mcast,4096,1,110,0,4096,15,0,3582,3582,mtu_sweep/bcast_n128_g16_r6_m4096.cm
128,16,6,baseline,16384,1,110,0,16384,15,0,23520,23520,mtu_sweep/bcast_n128_g16_r6_m16384.cm
128,16,6,mcast,16384,1,110,0,16384,15,0,4596,4596,mtu_sweep/bcast_n128_g16_r6_m16384.cm
128,16,6,baseline,65536,1,110,0,65536,15,0,84345,84345,mtu_sweep/bcast_n128_g16_r6_m65536.cm
128,16,6,mcast,65536,1,110,0,65536,15,0,8651,8651,mtu_sweep/bcast_n128_g16_r6_m65536.cm
128,16,6,baseline,262144,1,110,0,262144,15,0,320213,320213,mtu_sweep/bcast_n128_g16_r6_m262144.cm
128,16,6,mcast,262144,1,110,0,262144,15,0,24364,24364,mtu_sweep/bcast_n128_g16_r6_m262144.cm
128,16,6,baseline,1048576,1,110,0,1048576,15,0,1263010,1263010,mtu_sweep/bcast_n128_g16_r6_m1048576.cm
128,16,6,mcast,1048576,1,110,0,1048576,15,0,87217,87217,mtu_sweep/bcast_n128_g16_r6_m1048576.cm
128,16,7,baseline,2048,1,5,0,2048,15,0,5779,5779,mtu_sweep/bcast_n128_g16_r7_m2048.cm
128,16,7,mcast,2048,1,5,0,2048,15,0,3413,3413,mtu_sweep/bcast_n128_g16_r7_m2048.cm
128,16,7,baseline,4096,1,5,0,4096,15,0,8313,8313,mtu_sweep/bcast_n128_g16_r7_m4096.cm
128,16,7,mcast,4096,1,5,0,4096,15,0,3582,3582,mtu_sweep/bcast_n128_g16_r7_m4096.cm
128,16,7,baseline,16384,1,5,0,16384,15,0,23520,23520,mtu_sweep/bcast_n128_g16_r7_m16384.cm
128,16,7,mcast,16384,1,5,0,16384,15,0,4596,4596,mtu_sweep/bcast_n128_g16_r7_m16384.cm
128,16,7,baseline,65536,1,5,0,65536,15,0,84345,84345,mtu_sweep/bcast_n128_g16_r7_m65536.cm
128,16,7,mcast,65536,1,5,0,65536,15,0,8651,8651,mtu_sweep/bcast_n128_g16_r7_m65536.cm
128,16,7,baseline,262144,1,5,0,262144,15,0,320213,320213,mtu_sweep/bcast_n128_g16_r7_m262144.cm
128,16,7,mcast,262144,1,5,0,262144,15,0,24364,24364,mtu_sweep/bcast_n128_g16_r7_m262144.cm
128,16,7,baseline,1048576,1,5,0,1048576,15,0,1263010,1263010,mtu_sweep/bcast_n128_g16_r7_m1048576.cm
128,16,7,mcast,1048576,1,5,0,1048576,15,0,87217,87217,mtu_sweep/bcast_n128_g16_r7_m1048576.cm
128,16,8,baseline,2048,1,17,0,2048,15,0,5779,5779,mtu_sweep/bcast_n128_g16_r8_m2048.cm
128,16,8,mcast,2048,1,17,0,2048,15,0,3413,3413,mtu_sweep/bcast_n128_g16_r8_m2048.cm
128,16,8,baseline,4096,1,17,0,4096,15,0,8313,8313,mtu_sweep/bcast_n128_g16_r8_m4096.cm
128,16,8,mcast,4096,1,17,0,4096,15,0,3582,3582,mtu_sweep/bcast_n128_g16_r8_m4096.cm
128,16,8,baseline,16384,1,17,0,16384,15,0,23520,23520,mtu_sweep/bcast_n128_g16_r8_m16384.cm
128,16,8,mcast,16384,1,17,0,16384,15,0,4596,4596,mtu_sweep/bcast_n128_g16_r8_m16384.cm
128,16,8,baseline,65536,1,17,0,65536,15,0,84345,84345,mtu_sweep/bcast_n128_g16_r8_m65536.cm
128,16,8,mcast,65536,1,17,0,65536,15,0,8651,8651,mtu_sweep/bcast_n128_g16_r8_m65536.cm
128,16,8,baseline,262144,1,17,0,262144,15,0,320213,320213,mtu_sweep/bcast_n128_g16_r8_m262144.cm
128,16,8,mcast,262144,1,17,0,262144,15,0,24364,24364,mtu_sweep/bcast_n128_g16_r8_m262144.cm
128,16,8,baseline,1048576,1,17,0,1048576,15,0,1263010,1263010,mtu_sweep/bcast_n128_g16_r8_m1048576.cm
128,16,8,mcast,1048576,1,17,0,1048576,15,0,87217,87217,mtu_sweep/bcast_n128_g16_r8_m1048576.cm
128,16,9,baseline,2048,1,84,0,2048,15,0,5779,5779,mtu_sweep/bcast_n128_g16_r9_m2048.cm
128,16,9,mcast,2048,1,84,0,2048,15,0,3413,3413,mtu_sweep/bcast_n128_g16_r9_m2048.cm
128,16,9,baseline,4096,1,84,0,4096,15,0,8313,8313,mtu_sweep/bcast_n128_g16_r9_m4096.cm
128,16,9,mcast,4096,1,84,0,4096,15,0,3582,3582,mtu_sweep/bcast_n128_g16_r9_m4096.cm
128,16,9,baseline,16384,1,84,0,16384,15,0,23520,23520,mtu_sweep/bcast_n128_g16_r9_m16384.cm
128,16,9,mcast,16384,1,84,0,16384,15,0,4596,4596,mtu_sweep/bcast_n128_g16_r9_m16384.cm
128,16,9,baseline,65536,1,84,0,65536,15,0,84345,84345,mtu_sweep/bcast_n128_g16_r9_m65536.cm
128,16,9,mcast,65536,1,84,0,65536,15,0,8651,8651,mtu_sweep/bcast_n128_g16_r9_m65536.cm
128,16,9,baseline,262144,1,84,0,262144,15,0,320213,320213,mtu_sweep/bcast_n128_g16_r9_m262144.cm
128,16,9,mcast,262144,1,84,0,262144,15,0,24364,24364,mtu_sweep/bcast_n128_g16_r9_m262144.cm
128,16,9,baseline,1048576,1,84,0,1048576,15,0,1263010,1263010,mtu_sweep/bcast_n128_g16_r9_m1048576.cm
128,16,9,mcast,1048576,1,84,0,1048576,15,0,87217,87217,mtu_sweep/bcast_n128_g16_r9_m1048576.cm
128,16,10,baseline,2048,1,73,0,2048,15,0,5610,5610,mtu_sweep/bcast_n128_g16_r10_m2048.cm
128,16,10,mcast,2048,1,73,0,2048,15,0,3413,3413,mtu_sweep/bcast_n128_g16_r10_m2048.cm
128,16,10,baseline,4096,1,73,0,4096,15,0,8144,8144,mtu_sweep/bcast_n128_g16_r10_m4096.cm
128,16,10,mcast,4096,1,73,0,4096,15,0,3582,3582,mtu_sweep/bcast_n128_g16_r10_m4096.cm
128,16,10,baseline,16384,1,73,0,16384,15,0,23351,23351,mtu_sweep/bcast_n128_g16_r10_m16384.cm
128,16,10,mcast,16384,1,73,0,16384,15,0,4596,4596,mtu_sweep/bcast_n128_g16_r10_m16384.cm
128,16,10,baseline,65536,1,73,0,65536,15,0,84176,84176,mtu_sweep/bcast_n128_g16_r10_m65536.cm
128,16,10,mcast,65536,1,73,0,65536,15,0,8651,8651,mtu_sweep/bcast_n128_g16_r10_m65536.cm
128,16,10,baseline,262144,1,73,0,262144,15,0,320044,320044,mtu_sweep/bcast_n128_g16_r10_m262144.cm
128,16,10,mcast,262144,1,73,0,262144,15,0,24364,24364,mtu_sweep/bcast_n128_g16_r10_m262144.cm
128,16,10,baseline,1048576,1,73,0,1048576,15,0,1262841,1262841,mtu_sweep/bcast_n128_g16_r10_m1048576.cm
128,16,10,mcast,1048576,1,73,0,1048576,15,0,87217,87217,mtu_sweep/bcast_n128_g16_r10_m1048576.cm
128,16,11,baseline,2048,1,23,0,2048,15,0,5779,5779,mtu_sweep/bcast_n128_g16_r11_m2048.cm
128,16,11,mcast,2048,1,23,0,2048,15,0,3413,3413,mtu_sweep/bcast_n128_g16_r11_m2048.cm
128,16,11,baseline,4096,1,23,0,4096,15,0,8313,8313,mtu_sweep/bcast_n128_g16_r11_m4096.cm
128,16,11,mcast,4096,1,23,0,4096,15,0,3582,3582,mtu_sweep/bcast_n128_g16_r11_m4096.cm
128,16,11,baseline,16384,1,23,0,16384,15,0,23520,23520,mtu_sweep/bcast_n128_g16_r11_m16384.cm
128,16,11,mcast,16384,1,23,0,16384,15,0,4596,4596,mtu_sweep/bcast_n128_g16_r11_m16384.cm
128,16,11,baseline,65536,1,23,0,65536,15,0,84345,84345,mtu_sweep/bcast_n128_g16_r11_m65536.cm
128,16,11,mcast,65536,1,23,0,65536,15,0,8651,8651,mtu_sweep/bcast_n128_g16_r11_m65536.cm
128,16,11,baseline,262144,1,23,0,262144,15,0,320213,320213,mtu_sweep/bcast_n128_g16_r11_m262144.cm
128,16,11,mcast,262144,1,23,0,262144,15,0,24364,24364,mtu_sweep/bcast_n128_g16_r11_m262144.cm
128,16,11,baseline,1048576,1,23,0,1048576,15,0,1263010,1263010,mtu_sweep/bcast_n128_g16_r11_m1048576.cm
128,16,11,mcast,1048576,1,23,0,1048576,15,0,87217,87217,mtu_sweep/bcast_n128_g16_r11_m1048576.cm
128,16,12,baseline,2048,1,13,0,2048,15,0,5610,5610,mtu_sweep/bcast_n128_g16_r12_m2048.cm
128,16,12,mcast,2048,1,13,0,2048,15,0,3413,3413,mtu_sweep/bcast_n128_g16_r12_m2048.cm
128,16,12,baseline,4096,1,13,0,4096,15,0,8144,8144,mtu_sweep/bcast_n128_g16_r12_m4096.cm
128,16,12,mcast,4096,1,13,0,4096,15,0,3582,3582,mtu_sweep/bcast_n128_g16_r12_m4096.cm
128,16,12,baseline,16384,1,13,0,16384,15,0,23351,23351,mtu_sweep/bcast_n128_g16_r12_m16384.cm
128,16,12,mcast,16384,1,13,0,16384,15,0,4596,4596,mtu_sweep/bcast_n128_g16_r12_m16384.cm
128,16,12,baseline,65536,1,13,0,65536,15,0,84176,84176,mtu_sweep/bcast_n128_g16_r12_m65536.cm
128,16,12,mcast,65536,1,13,0,65536,15,0,8651,8651,mtu_sweep/bcast_n128_g16_r12_m65536.cm
128,16,12,baseline,262144,1,13,0,262144,15,0,320044,320044,mtu_sweep/bcast_n128_g16_r12_m262144.cm
128,16,12,mcast,262144,1,13,0,262144,15,0,24364,24364,mtu_sweep/bcast_n128_g16_r12_m262144.cm
128,16,12,baseline,1048576,1,13,0,1048576,15,0,1262841,1262841,mtu_sweep/bcast_n128_g16_r12_m1048576.cm
128,16,12,mcast,1048576,1,13,0,1048576,15,0,87217,87217,mtu_sweep/bcast_n128_g16_r12_m1048576.cm
128,16,13,baseline,2048,1,46,0,2048,15,0,5779,5779,mtu_sweep/bcast_n128_g16_r13_m2048.cm
128,16,13,mcast,2048,1,46,0,2048,15,0,3413,3413,mtu_sweep/bcast_n128_g16_r13_m2048.cm
128,16,13,baseline,4096,1,46,0,4096,15,0,8313,8313,mtu_sweep/bcast_n128_g16_r13_m4096.cm
128,16,13,mcast,4096,1,46,0,4096,15,0,3582,3582,mtu_sweep/bcast_n128_g16_r13_m4096.cm
128,16,13,baseline,16384,1,46,0,16384,15,0,23520,23520,mtu_sweep/bcast_n128_g16_r13_m16384.cm
128,16,13,mcast,16384,1,46,0,16384,15,0,4596,4596,mtu_sweep/bcast_n128_g16_r13_m16384.cm
128,16,13,baseline,65536,1,46,0,65536,15,0,84345,84345,mtu_sweep/bcast_n128_g16_r13_m65536.cm
128,16,13,mcast,65536,1,46,0,65536,15,0,8651,8651,mtu_sweep/bcast_n128_g16_r13_m65536.cm
128,16,13,baseline,262144,1,46,0,262144,15,0,320213,320213,mtu_sweep/bcast_n128_g16_r13_m262144.cm
128,16,13,mcast,262144,1,46,0,262144,15,0,24364,24364,mtu_sweep/bcast_n128_g16_r13_m262144.cm
128,16,13,baseline,1048576,1,46,0,1048576,15,0,1263010,1263010,mtu_sweep/bcast_n128_g16_r13_m1048576.cm
128,16,13,mcast,1048576,1,46,0,1048576,15,0,87217,87217,mtu_sweep/bcast_n128_g16_r13_m1048576.cm
128,16,14,baseline,2048,1,44,0,2048,15,0,5779,5779,mtu_sweep/bcast_n128_g16_r14_m2048.cm
128,16,14,mcast,2048,1,44,0,2048,15,0,3413,3413,mtu_sweep/bcast_n128_g16_r14_m2048.cm
128,16,14,baseline,4096,1,44,0,4096,15,0,8313,8313,mtu_sweep/bcast_n128_g16_r14_m4096.cm
128,16,14,mcast,4096,1,44,0,4096,15,0,3582,3582,mtu_sweep/bcast_n128_g16_r14_m4096.cm
128,16,14,baseline,16384,1,44,0,16384,15,0,23520,23520,mtu_sweep/bcast_n128_g16_r14_m16384.cm
128,16,14,mcast,16384,1,44,0,16384,15,0,4596,4596,mtu_sweep/bcast_n128_g16_r14_m16384.cm
128,16,14,baseline,65536,1,44,0,65536,15,0,84345,84345,mtu_sweep/bcast_n128_g16_r14_m65536.cm
128,16,14,mcast,65536,1,44,0,65536,15,0,8651,8651,mtu_sweep/bcast_n128_g16_r14_m65536.cm
128,16,14,baseline,262144,1,44,0,262144,15,0,320213,320213,mtu_sweep/bcast_n128_g16_r14_m262144.cm
128,16,14,mcast,262144,1,44,0,262144,15,0,24364,24364,mtu_sweep/bcast_n128_g16_r14_m262144.cm
128,16,14,baseline,1048576,1,44,0,1048576,15,0,1263010,1263010,mtu_sweep/bcast_n128_g16_r14_m1048576.cm
128,16,14,mcast,1048576,1,44,0,1048576,15,0,87217,87217,mtu_sweep/bcast_n128_g16_r14_m1048576.cm
128,16,15,baseline,2048,1,107,0,2048,15,0,5779,5779,mtu_sweep/bcast_n128_g16_r15_m2048.cm
128,16,15,mcast,2048,1,107,0,2048,15,0,3413,3413,mtu_sweep/bcast_n128_g16_r15_m2048.cm
128,16,15,baseline,4096,1,107,0,4096,15,0,8313,8313,mtu_sweep/bcast_n128_g16_r15_m4096.cm
128,16,15,mcast,4096,1,107,0,4096,15,0,3582,3582,mtu_sweep/bcast_n128_g16_r15_m4096.cm
128,16,15,baseline,16384,1,107,0,16384,15,0,23520,23520,mtu_sweep/bcast_n128_g16_r15_m16384.cm
128,16,15,mcast,16384,1,107,0,16384,15,0,4596,4596,mtu_sweep/bcast_n128_g16_r15_m16384.cm
128,16,15,baseline,65536,1,107,0,65536,15,0,84345,84345,mtu_sweep/bcast_n128_g16_r15_m65536.cm
128,16,15,mcast,65536,1,107,0,65536,15,0,8651,8651,mtu_sweep/bcast_n128_g16_r15_m65536.cm
128,16,15,baseline,262144,1,107,0,262144,15,0,320213,320213,mtu_sweep/bcast_n128_g16_r15_m262144.cm
128,16,15,mcast,262144,1,107,0,262144,15,0,24364,24364,mtu_sweep/bcast_n128_g16_r15_m262144.cm
128,16,15,baseline,1048576,1,107,0,1048576,15,0,1263010,1263010,mtu_sweep/bcast_n128_g16_r15_m1048576.cm
128,16,15,mcast,1048576,1,107,0,1048576,15,0,87217,87217,mtu_sweep/bcast_n128_g16_r15_m1048576.cm
128,16,16,baseline,2048,1,30,0,2048,15,0,5779,5779,mtu_sweep/bcast_n128_g16_r16_m2048.cm
128,16,16,mcast,2048,1,30,0,2048,15,0,3413,3413,mtu_sweep/bcast_n128_g16_r16_m2048.cm
128,16,16,baseline,4096,1,30,0,4096,15,0,8313,8313,mtu_sweep/bcast_n128_g16_r16_m4096.cm
128,16,16,mcast,4096,1,30,0,4096,15,0,3582,3582,mtu_sweep/bcast_n128_g16_r16_m4096.cm
128,16,16,baseline,16384,1,30,0,16384,15,0,23520,23520,mtu_sweep/bcast_n128_g16_r16_m16384.cm
128,16,16,mcast,16384,1,30,0,16384,15,0,4596,4596,mtu_sweep/bcast_n128_g16_r16_m16384.cm
128,16,16,baseline,65536,1,30,0,65536,15,0,84345,84345,mtu_sweep/bcast_n128_g16_r16_m65536.cm
128,16,16,mcast,65536,1,30,0,65536,15,0,8651,8651,mtu_sweep/bcast_n128_g16_r16_m65536.cm
128,16,16,baseline,262144,1,30,0,262144,15,0,320213,320213,mtu_sweep/bcast_n128_g16_r16_m262144.cm
128,16,16,mcast,262144,1,30,0,262144,15,0,24364,24364,mtu_sweep/bcast_n128_g16_r16_m262144.cm
128,16,16,baseline,1048576,1,30,0,1048576,15,0,1263010,1263010,mtu_sweep/bcast_n128_g16_r16_m1048576.cm
128,16,16,mcast,1048576,1,30,0,1048576,15,0,87217,87217,mtu_sweep/bcast_n128_g16_r16_m1048576.cm
128,16,17,baseline,2048,1,106,0,2048,15,0,5779,5779,mtu_sweep/bcast_n128_g16_r17_m2048.cm
128,16,17,mcast,2048,1,106,0,2048,15,0,3413,3413,mtu_sweep/bcast_n128_g16_r17_m2048.cm
128,16,17,baseline,4096,1,106,0,4096,15,0,8313,8313,mtu_sweep/bcast_n128_g16_r17_m4096.cm
128,16,17,mcast,4096,1,106,0,4096,15,0,3582,3582,mtu_sweep/bcast_n128_g16_r17_m4096.cm
128,16,17,baseline,16384,1,106,0,16384,15,0,23520,23520,mtu_sweep/bcast_n128_g16_r17_m16384.cm
128,16,17,mcast,16384,1,106,0,16384,15,0,4596,4596,mtu_sweep/bcast_n128_g16_r17_m16384.cm
128,16,17,baseline,65536,1,106,0,65536,15,0,84345,84345,mtu_sweep/bcast_n128_g16_r17_m65536.cm
128,16,17,mcast,65536,1,106,0,65536,15,0,8651,8651,mtu_sweep/bcast_n128_g16_r17_m65536.cm
128,16,17,baseline,262144,1,106,0,262144,15,0,320213,320213,mtu_sweep/bcast_n128_g16_r17_m262144.cm
128,16,17,mcast,262144,1,106,0,262144,15,0,24364,24364,mtu_sweep/bcast_n128_g16_r17_m262144.cm
128,16,17,baseline,1048576,1,106,0,1048576,15,0,1263010,1263010,mtu_sweep/bcast_n128_g16_r17_m1048576.cm
128,16,17,mcast,1048576,1,106,0,1048576,15,0,87217,87217,mtu_sweep/bcast_n128_g16_r17_m1048576.cm
128,16,18,baseline,2048,1,24,0,2048,15,0,5610,5610,mtu_sweep/bcast_n128_g16_r18_m2048.cm
128,16,18,mcast,2048,1,24,0,2048,15,0,3413,3413,mtu_sweep/bcast_n128_g16_r18_m2048.cm
128,16,18,baseline,4096,1,24,0,4096,15,0,8144,8144,mtu_sweep/bcast_n128_g16_r18_m4096.cm
128,16,18,mcast,4096,1,24,0,4096,15,0,3582,3582,mtu_sweep/bcast_n128_g16_r18_m4096.cm
128,16,18,baseline,16384,1,24,0,16384,15,0,23351,23351,mtu_sweep/bcast_n128_g16_r18_m16384.cm
128,16,18,mcast,16384,1,24,0,16384,15,0,4596,4596,mtu_sweep/bcast_n128_g16_r18_m16384.cm
128,16,18,baseline,65536,1,24,0,65536,15,0,84176,84176,mtu_sweep/bcast_n128_g16_r18_m65536.cm
128,16,18,mcast,65536,1,24,0,65536,15,0,8651,8651,mtu_sweep/bcast_n128_g16_r18_m65536.cm
128,16,18,baseline,262144,1,24,0,262144,15,0,320044,320044,mtu_sweep/bcast_n128_g16_r18_m262144.cm
128,16,18,mcast,262144,1,24,0,262144,15,0,24364,24364,mtu_sweep/bcast_n128_g16_r18_m262144.cm
128,16,18,baseline,1048576,1,24,0,1048576,15,0,1262841,1262841,mtu_sweep/bcast_n128_g16_r18_m1048576.cm
128,16,18,mcast,1048576,1,24,0,1048576,15,0,87217,87217,mtu_sweep/bcast_n128_g16_r18_m1048576.cm
128,16,19,baseline,2048,1,88,0,2048,15,0,5779,5779,mtu_sweep/bcast_n128_g16_r19_m2048.cm
128,16,19,mcast,2048,1,88,0,2048,15,0,3413,3413,mtu_sweep/bcast_n128_g16_r19_m2048.cm
128,16,19,baseline,4096,1,88,0,4096,15,0,8313,8313,mtu_sweep/bcast_n128_g16_r19_m4096.cm
128,16,19,mcast,4096,1,88,0,4096,15,0,3582,3582,mtu_sweep/bcast_n128_g16_r19_m4096.cm
128,16,19,baseline,16384,1,88,0,16384,15,0,23520,23520,mtu_sweep/bcast_n128_g16_r19_m16384.cm
128,16,19,mcast,16384,1,88,0,16384,15,0,4596,4596,mtu_sweep/bcast_n128_g16_r19_m16384.cm
128,16,19,baseline,65536,1,88,0,65536,15,0,84345,84345,mtu_sweep/bcast_n128_g16_r19_m65536.cm
128,16,19,mcast,65536,1,88,0,65536,15,0,8651,8651,mtu_sweep/bcast_n128_g16_r19_m65536.cm
128,16,19,baseline,262144,1,88,0,262144,15,0,320213,320213,mtu_sweep/bcast_n128_g16_r19_m262144.cm
128,16,19,mcast,262144,1,88,0,262144,15,0,24364,24364,mtu_sweep/bcast_n128_g16_r19_m262144.cm
128,16,19,baseline,1048576,1,88,0,1048576,15,0,1263010,1263010,mtu_sweep/bcast_n128_g16_r19_m1048576.cm
128,16,19,mcast,1048576,1,88,0,1048576,15,0,87217,87217,mtu_sweep/bcast_n128_g16_r19_m1048576.cm
128,16,20,baseline,2048,1,111,0,2048,15,0,5779,5779,mtu_sweep/bcast_n128_g16_r20_m2048.cm
128,16,20,mcast,2048,1,111,0,2048,15,0,3413,3413,mtu_sweep/bcast_n128_g16_r20_m2048.cm
128,16,20,baseline,4096,1,111,0,4096,15,0,8313,8313,mtu_sweep/bcast_n128_g16_r20_m4096.cm
128,16,20,mcast,4096,1,111,0,4096,15,0,3582,3582,mtu_sweep/bcast_n128_g16_r20_m4096.cm
128,16,20,baseline,16384,1,111,0,16384,15,0,23520,23520,mtu_sweep/bcast_n128_g16_r20_m16384.cm
128,16,20,mcast,16384,1,111,0,16384,15,0,4596,4596,mtu_sweep/bcast_n128_g16_r20_m16384.cm
128,16,20,baseline,65536,1,111,0,65536,15,0,84345,84345,mtu_sweep/bcast_n128_g16_r20_m65536.cm
128,16,20,mcast,65536,1,111,0,65536,15,0,8651,8651,mtu_sweep/bcast_n128_g16_r20_m65536.cm
128,16,20,baseline,262144,1,111,0,262144,15,0,320213,320213,mtu_sweep/bcast_n128_g16_r20_m262144.cm
128,16,20,mcast,262144,1,111,0,262144,15,0,24364,24364,mtu_sweep/bcast_n128_g16_r20_m262144.cm
128,16,20,baseline,1048576,1,111,0,1048576,15,0,1263010,1263010,mtu_sweep/bcast_n128_g16_r20_m1048576.cm
128,16,20,mcast,1048576,1,111,0,1048576,15,0,87217,87217,mtu_sweep/bcast_n128_g16_r20_m1048576.cm
128,16,21,baseline,2048,1,95,0,2048,15,0,5779,5779,mtu_sweep/bcast_n128_g16_r21_m2048.cm
128,16,21,mcast,2048,1,95,0,2048,15,0,3413,3413,mtu_sweep/bcast_n128_g16_r21_m2048.cm
128,16,21,baseline,4096,1,95,0,4096,15,0,8313,8313,mtu_sweep/bcast_n128_g16_r21_m4096.cm
128,16,21,mcast,4096,1,95,0,4096,15,0,3582,3582,mtu_sweep/bcast_n128_g16_r21_m4096.cm
128,16,21,baseline,16384,1,95,0,16384,15,0,23520,23520,mtu_sweep/bcast_n128_g16_r21_m16384.cm
128,16,21,mcast,16384,1,95,0,16384,15,0,4596,4596,mtu_sweep/bcast_n128_g16_r21_m16384.cm
128,16,21,baseline,65536,1,95,0,65536,15,0,84345,84345,mtu_sweep/bcast_n128_g16_r21_m65536.cm
128,16,21,mcast,65536,1,95,0,65536,15,0,8651,8651,mtu_sweep/bcast_n128_g16_r21_m65536.cm
128,16,21,baseline,262144,1,95,0,262144,15,0,320213,320213,mtu_sweep/bcast_n128_g16_r21_m262144.cm
128,16,21,mcast,262144,1,95,0,262144,15,0,24364,24364,mtu_sweep/bcast_n128_g16_r21_m262144.cm
128,16,21,baseline,1048576,1,95,0,1048576,15,0,1263010,1263010,mtu_sweep/bcast_n128_g16_r21_m1048576.cm
128,16,21,mcast,1048576,1,95,0,1048576,15,0,87217,87217,mtu_sweep/bcast_n128_g16_r21_m1048576.cm
128,16,22,baseline,2048,1,90,0,2048,15,0,5610,5610,mtu_sweep/bcast_n128_g16_r22_m2048.cm
128,16,22,mcast,2048,1,90,0,2048,15,0,3413,3413,mtu_sweep/bcast_n128_g16_r22_m2048.cm
128,16,22,baseline,4096,1,90,0,4096,15,0,8144,8144,mtu_sweep/bcast_n128_g16_r22_m4096.cm
128,16,22,mcast,4096,1,90,0,4096,15,0,3582,3582,mtu_sweep/bcast_n128_g16_r22_m4096.cm
128,16,22,baseline,16384,1,90,0,16384,15,0,23351,23351,mtu_sweep/bcast_n128_g16_r22_m16384.cm
128,16,22,mcast,16384,1,90,0,16384,15,0,4596,4596,mtu_sweep/bcast_n128_g16_r22_m16384.cm
128,16,22,baseline,65536,1,90,0,65536,15,0,84176,84176,mtu_sweep/bcast_n128_g16_r22_m65536.cm
128,16,22,mcast,65536,1,90,0,65536,15,0,8651,8651,mtu_sweep/bcast_n128_g16_r22_m65536.cm
128,16,22,baseline,262144,1,90,0,262144,15,0,320044,320044,mtu_sweep/bcast_n128_g16_r22_m262144.cm
128,16,22,mcast,262144,1,90,0,262144,15,0,24364,24364,mtu_sweep/bcast_n128_g16_r22_m262144.cm
128,16,22,baseline,1048576,1,90,0,1048576,15,0,1262841,1262841,mtu_sweep/bcast_n128_g16_r22_m1048576.cm
128,16,22,mcast,1048576,1,90,0,1048576,15,0,87217,87217,mtu_sweep/bcast_n128_g16_r22_m1048576.cm
128,16,23,baseline,2048,1,69,0,2048,15,0,5779,5779,mtu_sweep/bcast_n128_g16_r23_m2048.cm
128,16,23,mcast,2048,1,69,0,2048,15,0,3413,3413,mtu_sweep/bcast_n128_g16_r23_m2048.cm
128,16,23,baseline,4096,1,69,0,4096,15,0,8313,8313,mtu_sweep/bcast_n128_g16_r23_m4096.cm
128,16,23,mcast,4096,1,69,0,4096,15,0,3582,3582,mtu_sweep/bcast_n128_g16_r23_m4096.cm
128,16,23,baseline,16384,1,69,0,16384,15,0,23520,23520,mtu_sweep/bcast_n128_g16_r23_m16384.cm
128,16,23,mcast,16384,1,69,0,16384,15,0,4596,4596,mtu_sweep/bcast_n128_g16_r23_m16384.cm
128,16,23,baseline,65536,1,69,0,65536,15,0,84345,84345,mtu_sweep/bcast_n128_g16_r23_m65536.cm
128,16,23,mcast,65536,1,69,0,65536,15,0,8651,8651,mtu_sweep/bcast_n128_g16_r23_m65536.cm
128,16,23,baseline,262144,1,69,0,262144,15,0,320213,320213,mtu_sweep/bcast_n128_g16_r23_m262144.cm
128,16,23,mcast,262144,1,69,0,262144,15,0,24364,24364,mtu_sweep/bcast_n128_g16_r23_m262144.cm
128,16,23,baseline,1048576,1,69,0,1048576,15,0,1263010,1263010,mtu_sweep/bcast_n128_g16_r23_m1048576.cm
128,16,23,mcast,1048576,1,69,0,1048576,15,0,87217,87217,mtu_sweep/bcast_n128_g16_r23_m1048576.cm
128,16,24,baseline,2048,1,47,0,2048,15,0,5779,5779,mtu_sweep/bcast_n128_g16_r24_m2048.cm
128,16,24,mcast,2048,1,47,0,2048,15,0,3413,3413,mtu_sweep/bcast_n128_g16_r24_m2048.cm
128,16,24,baseline,4096,1,47,0,4096,15,0,8313,8313,mtu_sweep/bcast_n128_g16_r24_m4096.cm
128,16,24,mcast,4096,1,47,0,4096,15,0,3582,3582,mtu_sweep/bcast_n128_g16_r24_m4096.cm
128,16,24,baseline,16384,1,47,0,16384,15,0,23520,23520,mtu_sweep/bcast_n128_g16_r24_m16384.cm
128,16,24,mcast,16384,1,47,0,16384,15,0,4596,4596,mtu_sweep/bcast_n128_g16_r24_m16384.cm
128,16,24,baseline,65536,1,47,0,65536,15,0,84345,84345,mtu_sweep/bcast_n128_g16_r24_m65536.cm
128,16,24,mcast,65536,1,47,0,65536,15,0,8651,8651,mtu_sweep/bcast_n128_g16_r24_m65536.cm
128,16,24,baseline,262144,1,47,0,262144,15,0,320213,320213,mtu_sweep/bcast_n128_g16_r24_m262144.cm
128,16,24,mcast,262144,1,47,0,262144,15,0,24364,24364,mtu_sweep/bcast_n128_g16_r24_m262144.cm
128,16,24,baseline,1048576,1,47,0,1048576,15,0,1263010,1263010,mtu_sweep/bcast_n128_g16_r24_m1048576.cm
128,16,24,mcast,1048576,1,47,0,1048576,15,0,87217,87217,mtu_sweep/bcast_n128_g16_r24_m1048576.cm
128,16,25,baseline,2048,1,44,0,2048,15,0,5779,5779,mtu_sweep/bcast_n128_g16_r25_m2048.cm
128,16,25,mcast,2048,1,44,0,2048,15,0,3413,3413,mtu_sweep/bcast_n128_g16_r25_m2048.cm
128,16,25,baseline,4096,1,44,0,4096,15,0,8313,8313,mtu_sweep/bcast_n128_g16_r25_m4096.cm
128,16,25,mcast,4096,1,44,0,4096,15,0,3582,3582,mtu_sweep/bcast_n128_g16_r25_m4096.cm
128,16,25,baseline,16384,1,44,0,16384,15,0,23520,23520,mtu_sweep/bcast_n128_g16_r25_m16384.cm
128,16,25,mcast,16384,1,44,0,16384,15,0,4596,4596,mtu_sweep/bcast_n128_g16_r25_m16384.cm
128,16,25,baseline,65536,1,44,0,65536,15,0,84345,84345,mtu_sweep/bcast_n128_g16_r25_m65536.cm
128,16,25,mcast,65536,1,44,0,65536,15,0,8651,8651,mtu_sweep/bcast_n128_g16_r25_m65536.cm
128,16,25,baseline,262144,1,44,0,262144,15,0,320213,320213,mtu_sweep/bcast_n128_g16_r25_m262144.cm
128,16,25,mcast,262144,1,44,0,262144,15,0,24364,24364,mtu_sweep/bcast_n128_g16_r25_m262144.cm
128,16,25,baseline,1048576,1,44,0,1048576,15,0,1263010,1263010,mtu_sweep/bcast_n128_g16_r25_m1048576.cm
128,16,25,mcast,1048576,1,44,0,1048576,15,0,87217,87217,mtu_sweep/bcast_n128_g16_r25_m1048576.cm
128,16,26,baseline,2048,1,104,0,2048,15,0,5779,5779,mtu_sweep/bcast_n128_g16_r26_m2048.cm
128,16,26,mcast,2048,1,104,0,2048,15,0,3413,3413,mtu_sweep/bcast_n128_g16_r26_m2048.cm
128,16,26,baseline,4096,1,104,0,4096,15,0,8313,8313,mtu_sweep/bcast_n128_g16_r26_m4096.cm
128,16,26,mcast,4096,1,104,0,4096,15,0,3582,3582,mtu_sweep/bcast_n128_g16_r26_m4096.cm
128,16,26,baseline,16384,1,104,0,16384,15,0,23520,23520,mtu_sweep/bcast_n128_g16_r26_m16384.cm
128,16,26,mcast,16384,1,104,0,16384,15,0,4596,4596,mtu_sweep/bcast_n128_g16_r26_m16384.cm
128,16,26,baseline,65536,1,104,0,65536,15,0,84345,84345,mtu_sweep/bcast_n128_g16_r26_m65536.cm
128,16,26,mcast,65536,1,104,0,65536,15,0,8651,8651,mtu_sweep/bcast_n128_g16_r26_m65536.cm
128,16,26,baseline,262144,1,104,0,262144,15,0,320213,320213,mtu_sweep/bcast_n128_g16_r26_m262144.cm
128,16,26,mcast,262144,1,104,0,262144,15,0,24364,24364,mtu_sweep/bcast_n128_g16_r26_m262144.cm
128,16,26,baseline,1048576,1,104,0,1048576,15,0,1263010,1263010,mtu_sweep/bcast_n128_g16_r26_m1048576.cm
128,16,26,mcast,1048576,1,104,0,1048576,15,0,87217,87217,mtu_sweep/bcast_n128_g16_r26_m1048576.cm
128,16,27,baseline,2048,1,16,0,2048,15,0,5779,5779,mtu_sweep/bcast_n128_g16_r27_m2048.cm
128,16,27,mcast,2048,1,16,0,2048,15,0,3413,3413,mtu_sweep/bcast_n128_g16_r27_m2048.cm
128,16,27,baseline,4096,1,16,0,4096,15,0,8313,8313,mtu_sweep/bcast_n128_g16_r27_m4096.cm
128,16,27,mcast,4096,1,16,0,4096,15,0,3582,3582,mtu_sweep/bcast_n128_g16_r27_m4096.cm
128,16,27,baseline,16384,1,16,0,16384,15,0,23520,23520,mtu_sweep/bcast_n128_g16_r27_m16384.cm
128,16,27,mcast,16384,1,16,0,16384,15,0,4596,4596,mtu_sweep/bcast_n128_g16_r27_m16384.cm
128,16,27,baseline,65536,1,16,0,65536,15,0,84345,84345,mtu_sweep/bcast_n128_g16_r27_m65536.cm
128,16,27,mcast,65536,1,16,0,65536,15,0,8651,8651,mtu_sweep/bcast_n128_g16_r27_m65536.cm
128,16,27,baseline,262144,1,16,0,262144,15,0,320213,320213,mtu_sweep/bcast_n128_g16_r27_m262144.cm
128,16,27,mcast,262144,1,16,0,262144,15,0,24364,24364,mtu_sweep/bcast_n128_g16_r27_m262144.cm
128,16,27,baseline,1048576,1,16,0,1048576,15,0,1263010,1263010,mtu_sweep/bcast_n128_g16_r27_m1048576.cm
128,16,27,mcast,1048576,1,16,0,1048576,15,0,87217,87217,mtu_sweep/bcast_n128_g16_r27_m1048576.cm
128,16,28,baseline,2048,1,116,0,2048,15,0,5779,5779,mtu_sweep/bcast_n128_g16_r28_m2048.cm
128,16,28,mcast,2048,1,116,0,2048,15,0,3413,3413,mtu_sweep/bcast_n128_g16_r28_m2048.cm
128,16,28,baseline,4096,1,116,0,4096,15,0,8313,8313,mtu_sweep/bcast_n128_g16_r28_m4096.cm
128,16,28,mcast,4096,1,116,0,4096,15,0,3582,3582,mtu_sweep/bcast_n128_g16_r28_m4096.cm
128,16,28,baseline,16384,1,116,0,16384,15,0,23520,23520,mtu_sweep/bcast_n128_g16_r28_m16384.cm
128,16,28,mcast,16384,1,116,0,16384,15,0,4596,4596,mtu_sweep/bcast_n128_g16_r28_m16384.cm
128,16,28,baseline,65536,1,116,0,65536,15,0,84345,84345,mtu_sweep/bcast_n128_g16_r28_m65536.cm
128,16,28,mcast,65536,1,116,0,65536,15,0,8651,8651,mtu_sweep/bcast_n128_g16_r28_m65536.cm
128,16,28,baseline,262144,1,116,0,262144,15,0,320213,320213,mtu_sweep/bcast_n128_g16_r28_m262144.cm
128,16,28,mcast,262144,1,116,0,262144,15,0,24364,24364,mtu_sweep/bcast_n128_g16_r28_m262144.cm
128,16,28,baseline,1048576,1,116,0,1048576,15,0,1263010,1263010,mtu_sweep/bcast_n128_g16_r28_m1048576.cm
128,16,28,mcast,1048576,1,116,0,1048576,15,0,87217,87217,mtu_sweep/bcast_n128_g16_r28_m1048576.cm
128,16,29,baseline,2048,1,17,0,2048,15,0,5779,5779,mtu_sweep/bcast_n128_g16_r29_m2048.cm
128,16,29,mcast,2048,1,17,0,2048,15,0,3413,3413,mtu_sweep/bcast_n128_g16_r29_m2048.cm
128,16,29,baseline,4096,1,17,0,4096,15,0,8313,8313,mtu_sweep/bcast_n128_g16_r29_m4096.cm
128,16,29,mcast,4096,1,17,0,4096,15,0,3582,3582,mtu_sweep/bcast_n128_g16_r29_m4096.cm
128,16,29,baseline,16384,1,17,0,16384,15,0,23520,23520,mtu_sweep/bcast_n128_g16_r29_m16384.cm
128,16,29,mcast,16384,1,17,0,16384,15,0,4596,4596,mtu_sweep/bcast_n128_g16_r29_m16384.cm
128,16,29,baseline,65536,1,17,0,65536,15,0,84345,84345,mtu_sweep/bcast_n128_g16_r29_m65536.cm
128,16,29,mcast,65536,1,17,0,65536,15,0,8651,8651,mtu_sweep/bcast_n128_g16_r29_m65536.cm
128,16,29,baseline,262144,1,17,0,262144,15,0,320213,320213,mtu_sweep/bcast_n128_g16_r29_m262144.cm
128,16,29,mcast,262144,1,17,0,262144,15,0,24364,24364,mtu_sweep/bcast_n128_g16_r29_m262144.cm
128,16,29,baseline,1048576,1,17,0,1048576,15,0,1263010,1263010,mtu_sweep/bcast_n128_g16_r29_m1048576.cm
128,16,29,mcast,1048576,1,17,0,1048576,15,0,87217,87217,mtu_sweep/bcast_n128_g16_r29_m1048576.cm
128,64,0,baseline,2048,1,105,0,2048,63,0,13889,13889,mtu_sweep/bcast_n128_g64_r0_m2048.cm
128,64,0,mcast,2048,1,105,0,2048,63,0,3413,3413,mtu_sweep/bcast_n128_g64_r0_m2048.cm
128,64,0,baseline,4096,1,105,0,4096,63,0,24533,24533,mtu_sweep/bcast_n128_g64_r0_m4096.cm
128,64,0,mcast,4096,1,105,0,4096,63,0,3582,3582,mtu_sweep/bcast_n128_g64_r0_m4096.cm
128,64,0,baseline,16384,1,105,0,16384,63,0,88400,88400,mtu_sweep/bcast_n128_g64_r0_m16384.cm
128,64,0,mcast,16384,1,105,0,16384,63,0,4596,4596,mtu_sweep/bcast_n128_g64_r0_m16384.cm
128,64,0,baseline,65536,1,105,0,65536,63,0,343868,343868,mtu_sweep/bcast_n128_g64_r0_m65536.cm
128,64,0,mcast,65536,1,105,0,65536,63,0,8651,8651,mtu_sweep/bcast_n128_g64_r0_m65536.cm
128,64,0,baseline,262144,1,105,0,262144,63,0,1333973,1333973,mtu_sweep/bcast_n128_g64_r0_m262144.cm
128,64,0,mcast,262144,1,105,0,262144,63,0,24364,24364,mtu_sweep/bcast_n128_g64_r0_m262144.cm
128,64,0,baseline,1048576,1,105,0,1048576,63,0,5293720,5293720,mtu_sweep/bcast_n128_g64_r0_m1048576.cm
128,64,0,mcast,1048576,1,105,0,1048576,63,0,87217,87217,mtu_sweep/bcast_n128_g64_r0_m1048576.cm
128,64,1,baseline,2048,1,116,0,2048,63,0,13889,13889,mtu_sweep/bcast_n128_g64_r1_m2048.cm
128,64,1,mcast,2048,1,116,0,2048,63,0,3413,3413,mtu_sweep/bcast_n128_g64_r1_m2048.cm
128,64,1,baseline,4096,1,116,0,4096,63,0,24533,24533,mtu_sweep/bcast_n128_g64_r1_m4096.cm
128,64,1,mcast,4096,1,116,0,4096,63,0,3582,3582,mtu_sweep/bcast_n128_g64_r1_m4096.cm
128,64,1,baseline,16384,1,116,0,16384,63,0,88400,88400,mtu_sweep/bcast_n128_g64_r1_m16384.cm
128,64,1,mcast,16384,1,116,0,16384,63,0,4596,4596,mtu_sweep/bcast_n128_g64_r1_m16384.cm
128,64,1,baseline,65536,1,116,0,65536,63,0,343868,343868,mtu_sweep/bcast_n128_g64_r1_m65536.cm
128,64,1,mcast,65536,1,116,0,65536,63,0,8651,8651,mtu_sweep/bcast_n128_g64_r1_m65536.cm
128,64,1,baseline,262144,1,116,0,262144,63,0,1333973,1333973,mtu_sweep/bcast_n128_g64_r1_m262144.cm
128,64,1,mcast,262144,1,116,0,262144,63,0,24364,24364,mtu_sweep/bcast_n128_g64_r1_m262144.cm
128,64,1,baseline,1048576,1,116,0,1048576,63,0,5293720,5293720,mtu_sweep/bcast_n128_g64_r1_m1048576.cm
128,64,1,mcast,1048576,1,116,0,1048576,63,0,87217,87217,mtu_sweep/bcast_n128_g64_r1_m1048576.cm
128,64,2,baseline,2048,1,46,0,2048,63,0,13889,13889,mtu_sweep/bcast_n128_g64_r2_m2048.cm
128,64,2,mcast,2048,1,46,0,2048,63,0,3413,3413,mtu_sweep/bcast_n128_g64_r2_m2048.cm
128,64,2,baseline,4096,1,46,0,4096,63,0,24533,24533,mtu_sweep/bcast_n128_g64_r2_m4096.cm
128,64,2,mcast,4096,1,46,0,4096,63,0,3582,3582,mtu_sweep/bcast_n128_g64_r2_m4096.cm
128,64,2,baseline,16384,1,46,0,16384,63,0,88400,88400,mtu_sweep/bcast_n128_g64_r2_m16384.cm
128,64,2,mcast,16384,1,46,0,16384,63,0,4596,4596,mtu_sweep/bcast_n128_g64_r2_m16384.cm
128,64,2,baseline,65536,1,46,0,65536,63,0,343868,343868,mtu_sweep/bcast_n128_g64_r2_m65536.cm
128,64,2,mcast,65536,1,46,0,65536,63,0,8651,8651,mtu_sweep/bcast_n128_g64_r2_m65536.cm
128,64,2,baseline,262144,1,46,0,262144,63,0,1333973,1333973,mtu_sweep/bcast_n128_g64_r2_m262144.cm
128,64,2,mcast,262144,1,46,0,262144,63,0,24364,24364,mtu_sweep/bcast_n128_g64_r2_m262144.cm
128,64,2,baseline,1048576,1,46,0,1048576,63,0,5293720,5293720,mtu_sweep/bcast_n128_g64_r2_m1048576.cm
128,64,2,mcast,1048576,1,46,0,1048576,63,0,87217,87217,mtu_sweep/bcast_n128_g64_r2_m1048576.cm
128,64,3,baseline,2048,1,126,0,2048,63,0,13889,13889,mtu_sweep/bcast_n128_g64_r3_m2048.cm
128,64,3,mcast,2048,1,126,0,2048,63,0,3413,3413,mtu_sweep/bcast_n128_g64_r3_m2048.cm
128,64,3,baseline,4096,1,126,0,4096,63,0,24533,24533,mtu_sweep/bcast_n128_g64_r3_m4096.cm
128,64,3,mcast,4096,1,126,0,4096,63,0,3582,3582,mtu_sweep/bcast_n128_g64_r3_m4096.cm
128,64,3,baseline,16384,1,126,0,16384,63,0,88400,88400,mtu_sweep/bcast_n128_g64_r3_m16384.cm
128,64,3,mcast,16384,1,126,0,16384,63,0,4596,4596,mtu_sweep/bcast_n128_g64_r3_m16384.cm
128,64,3,baseline,65536,1,126,0,65536,63,0,343868,343868,mtu_sweep/bcast_n128_g64_r3_m65536.cm
128,64,3,mcast,65536,1,126,0,65536,63,0,8651,8651,mtu_sweep/bcast_n128_g64_r3_m65536.cm
128,64,3,baseline,262144,1,126,0,262144,63,0,1333973,1333973,mtu_sweep/bcast_n128_g64_r3_m262144.cm
128,64,3,mcast,262144,1,126,0,262144,63,0,24364,24364,mtu_sweep/bcast_n128_g64_r3_m262144.cm
128,64,3,baseline,1048576,1,126,0,1048576,63,0,5293720,5293720,mtu_sweep/bcast_n128_g64_r3_m1048576.cm
128,64,3,mcast,1048576,1,126,0,1048576,63,0,87217,87217,mtu_sweep/bcast_n128_g64_r3_m1048576.cm
128,64,4,baseline,2048,1,77,0,2048,63,0,13720,13720,mtu_sweep/bcast_n128_g64_r4_m2048.cm
128,64,4,mcast,2048,1,77,0,2048,63,0,3413,3413,mtu_sweep/bcast_n128_g64_r4_m2048.cm
128,64,4,baseline,4096,1,77,0,4096,63,0,24364,24364,mtu_sweep/bcast_n128_g64_r4_m4096.cm
128,64,4,mcast,4096,1,77,0,4096,63,0,3582,3582,mtu_sweep/bcast_n128_g64_r4_m4096.cm
128,64,4,baseline,16384,1,77,0,16384,63,0,88231,88231,mtu_sweep/bcast_n128_g64_r4_m16384.cm
128,64,4,mcast,16384,1,77,0,16384,63,0,4596,4596,mtu_sweep/bcast_n128_g64_r4_m16384.cm
128,64,4,baseline,65536,1,77,0,65536,63,0,343699,343699,mtu_sweep/bcast_n128_g64_r4_m65536.cm
128,64,4,mcast,65536,1,77,0,65536,63,0,8651,8651,mtu_sweep/bcast_n128_g64_r4_m65536.cm
128,64,4,baseline,262144,1,77,0,262144,63,0,1333804,1333804,mtu_sweep/bcast_n128_g64_r4_m262144.cm
128,64,4,mcast,262144,1,77,0,262144,63,0,24364,24364,mtu_sweep/bcast_n128_g64_r4_m262144.cm
128,64,4,baseline,1048576,1,77,0,1048576,63,0,5293551,5293551,mtu_sweep/bcast_n128_g64_r4_m1048576.cm
128,64,4,mcast,1048576,1,77,0,1048576,63,0,87217,87217,mtu_sweep/bcast_n128_g64_r4_m1048576.cm
128,64,5,baseline,2048,1,0,0,2048,63,0,13889,13889,mtu_sweep/bcast_n128_g64_r5_m2048.cm
128,64,5,mcast,2048,1,0,0,2048,63,0,3413,3413,mtu_sweep/bcast_n128_g64_r5_m2048.cm
128,64,5,baseline,4096,1,0,0,4096,63,0,24533,24533,mtu_sweep/bcast_n128_g64_r5_m4096.cm
128,64,5,mcast,4096,1,0,0,4096,63,0,3582,3582,mtu_sweep/bcast_n128_g64_r5_m4096.cm
128,64,5,baseline,16384,1,0,0,16384,63,0,88400,88400,mtu_sweep/bcast_n128_g64_r5_m16384.cm
128,64,5,mcast,16384,1,0,0,16384,63,0,4596,4596,mtu_sweep/bcast_n128_g64_r5_m16384.cm
128,64,5,baseline,65536,1,0,0,65536,63,0,343868,343868,mtu_sweep/bcast_n128_g64_r5_m65536.cm
128,64,5,mcast,65536,1,0,0,65536,63,0,8651,8651,mtu_sweep/bcast_n128_g64_r5_m65536.cm
128,64,5,baseline,262144,1,0,0,262144,63,0,1333973,1333973,mtu_sweep/bcast_n128_g64_r5_m262144.cm
128,64,5,mcast,262144,1,0,0,262144,63,0,24364,24364,mtu_sweep/bcast_n128_g64_r5_m262144.cm
128,64,5,baseline,1048576,1,0,0,1048576,63,0,5293720,5293720,mtu_sweep/bcast_n128_g64_r5_m1048576.cm
128,64,5,mcast,1048576,1,0,0,1048576,63,0,87217,87217,mtu_sweep/bcast_n128_g64_r5_m1048576.cm
128,64,6,baseline,2048,1,116,0,2048,63,0,13889,13889,mtu_sweep/bcast_n128_g64_r6_m2048.cm
128,64,6,mcast,2048,1,116,0,2048,63,0,3413,3413,mtu_sweep/bcast_n128_g64_r6_m2048.cm
128,64,6,baseline,4096,1,116,0,4096,63,0,24533,24533,mtu_sweep/bcast_n128_g64_r6_m4096.cm
128,64,6,mcast,4096,1,116,0,4096,63,0,3582,3582,mtu_sweep/bcast_n128_g64_r6_m4096.cm
128,64,6,baseline,16384,1,116,0,16384,63,0,88400,88400,mtu_sweep/bcast_n128_g64_r6_m16384.cm
128,64,6,mcast,16384,1,116,0,16384,63,0,4596,4596,mtu_sweep/bcast_n128_g64_r6_m16384.cm
128,64,6,baseline,65536,1,116,0,65536,63,0,343868,343868,mtu_sweep/bcast_n128_g64_r6_m65536.cm
128,64,6,mcast,65536,1,116,0,65536,63,0,8651,8651,mtu_sweep/bcast_n128_g64_r6_m65536.cm
128,64,6,baseline,262144,1,116,0,262144,63,0,1333973,1333973,mtu_sweep/bcast_n128_g64_r6_m262144.cm
128,64,6,mcast,262144,1,116,0,262144,63,0,24364,24364,mtu_sweep/bcast_n128_g64_r6_m262144.cm
128,64,6,baseline,1048576,1,116,0,1048576,63,0,5293720,5293720,mtu_sweep/bcast_n128_g64_r6_m1048576.cm
128,64,6,mcast,1048576,1,116,0,1048576,63,0,87217,87217,mtu_sweep/bcast_n128_g64_r6_m1048576.cm
128,64,7,baseline,2048,1,116,0,2048,63,0,13889,13889,mtu_sweep/bcast_n128_g64_r7_m2048.cm
128,64,7,mcast,2048,1,116,0,2048,63,0,3413,3413,mtu_sweep/bcast_n128_g64_r7_m2048.cm
128,64,7,baseline,4096,1,116,0,4096,63,0,24533,24533,mtu_sweep/bcast_n128_g64_r7_m4096.cm
128,64,7,mcast,4096,1,116,0,4096,63,0,3582,3582,mtu_sweep/bcast_n128_g64_r7_m4096.cm
128,64,7,baseline,16384,1,116,0,16384,63,0,88400,88400,mtu_sweep/bcast_n128_g64_r7_m16384.cm
128,64,7,mcast,16384,1,116,0,16384,63,0,4596,4596,mtu_sweep/bcast_n128_g64_r7_m16384.cm
128,64,7,baseline,65536,1,116,0,65536,63,0,343868,343868,mtu_sweep/bcast_n128_g64_r7_m65536.cm
128,64,7,mcast,65536,1,116,0,65536,63,0,8651,8651,mtu_sweep/bcast_n128_g64_r7_m65536.cm
128,64,7,baseline,262144,1,116,0,262144,63,0,1333973,1333973,mtu_sweep/bcast_n128_g64_r7_m262144.cm
128,64,7,mcast,262144,1,116,0,262144,63,0,24364,24364,mtu_sweep/bcast_n128_g64_r7_m262144.cm
128,64,7,baseline,1048576,1,116,0,1048576,63,0,5293720,5293720,mtu_sweep/bcast_n128_g64_r7_m1048576.cm
128,64,7,mcast,1048576,1,116,0,1048576,63,0,87217,87217,mtu_sweep/bcast_n128_g64_r7_m1048576.cm
128,64,8,baseline,2048,1,112,0,2048,63,0,13889,13889,mtu_sweep/bcast_n128_g64_r8_m2048.cm
128,64,8,mcast,2048,1,112,0,2048,63,0,3413,3413,mtu_sweep/bcast_n128_g64_r8_m2048.cm
128,64,8,baseline,4096,1,112,0,4096,63,0,24533,24533,mtu_sweep/bcast_n128_g64_r8_m4096.cm
128,64,8,mcast,4096,1,112,0,4096,63,0,3582,3582,mtu_sweep/bcast_n128_g64_r8_m4096.cm
128,64,8,baseline,16384,1,112,0,16384,63,0,88400,88400,mtu_sweep/bcast_n128_g64_r8_m16384.cm
128,64,8,mcast,16384,1,112,0,16384,63,0,4596,4596,mtu_sweep/bcast_n128_g64_r8_m16384.cm
128,64,8,baseline,65536,1,112,0,65536,63,0,343868,343868,mtu_sweep/bcast_n128_g64_r8_m65536.cm
128,64,8,mcast,65536,1,112,0,65536,63,0,8651,8651,mtu_sweep/bcast_n128_g64_r8_m65536.cm
128,64,8,baseline,262144,1,112,0,262144,63,0,1333973,1333973,mtu_sweep/bcast_n128_g64_r8_m262144.cm
128,64,8,mcast,262144,1,112,0,262144,63,0,24364,24364,mtu_sweep/bcast_n128_g64_r8_m262144.cm
128,64,8,baseline,1048576,1,112,0,1048576,63,0,5293720,5293720,mtu_sweep/bcast_n128_g64_r8_m1048576.cm
128,64,8,mcast,1048576,1,112,0,1048576,63,0,87217,87217,mtu_sweep/bcast_n128_g64_r8_m1048576.cm
128,64,9,baseline,2048,1,105,0,2048,63,0,13720,13720,mtu_sweep/bcast_n128_g64_r9_m2048.cm
128,64,9,mcast,2048,1,105,0,2048,63,0,3413,3413,mtu_sweep/bcast_n128_g64_r9_m2048.cm
128,64,9,baseline,4096,1,105,0,4096,63,0,24364,24364,mtu_sweep/bcast_n128_g64_r9_m4096.cm
128,64,9,mcast,4096,1,105,0,4096,63,0,3582,3582,mtu_sweep/bcast_n128_g64_r9_m4096.cm
128,64,9,baseline,16384,1,105,0,16384,63,0,88231,88231,mtu_sweep/bcast_n128_g64_r9_m16384.cm
128,64,9,mcast,16384,1,105,0,16384,63,0,4596,4596,mtu_sweep/bcast_n128_g64_r9_m16384.cm
128,64,9,baseline,65536,1,105,0,65536,63,0,343699,343699,mtu_sweep/bcast_n128_g64_r9_m65536.cm
128,64,9,mcast,65536,1,105,0,65536,63,0,8651,8651,mtu_sweep/bcast_n128_g64_r9_m65536.cm
128,64,9,baseline,262144,1,105,0,262144,63,0,1333804,1333804,mtu_sweep/bcast_n128_g64_r9_m262144.cm
128,64,9,mcast,262144,1,105,0,262144,63,0,24364,24364,mtu_sweep/bcast_n128_g64_r9_m262144.cm
128,64,9,baseline,1048576,1,105,0,1048576,63,0,5293551,5293551,mtu_sweep/bcast_n128_g64_r9_m1048576.cm
128,64,9,mcast,1048576,1,105,0,1048576,63,0,87217,87217,mtu_sweep/bcast_n128_g64_r9_m1048576.cm
128,64,10,baseline,2048,1,21,0,2048,63,0,13889,13889,mtu_sweep/bcast_n128_g64_r10_m2048.cm
128,64,10,mcast,2048,1,21,0,2048,63,0,3413,3413,mtu_sweep/bcast_n128_g64_r10_m2048.cm
128,64,10,baseline,4096,1,21,0,4096,63,0,24533,24533,mtu_sweep/bcast_n128_g64_r10_m4096.cm
128,64,10,mcast,4096,1,21,0,4096,63,0,3582,3582,mtu_sweep/bcast_n128_g64_r10_m4096.cm
128,64,10,baseline,16384,1,21,0,16384,63,0,88400,88400,mtu_sweep/bcast_n128_g64_r10_m16384.cm
128,64,10,mcast,16384,1,21,0,16384,63,0,4596,4596,mtu_sweep/bcast_n128_g64_r10_m16384.cm
128,64,10,baseline,65536,1,21,0,65536,63,0,343868,343868,mtu_sweep/bcast_n128_g64_r10_m65536.cm
128,64,10,mcast,65536,1,21,0,65536,63,0,8651,8651,mtu_sweep/bcast_n128_g64_r10_m65536.cm
128,64,10,baseline,262144,1,21,0,262144,63,0,1333973,1333973,mtu_sweep/bcast_n128_g64_r10_m262144.cm
128,64,10,mcast,262144,1,21,0,262144,63,0,24364,24364,mtu_sweep/bcast_n128_g64_r10_m262144.cm
128,64,10,baseline,1048576,1,21,0,1048576,63,0,5293720,5293720,mtu_sweep/bcast_n128_g64_r10_m1048576.cm
128,64,10,mcast,1048576,1,21,0,1048576,63,0,87217,87217,mtu_sweep/bcast_n128_g64_r10_m1048576.cm
128,64,11,baseline,2048,1,24,0,2048,63,0,13889,13889,mtu_sweep/bcast_n128_g64_r11_m2048.cm
128,64,11,mcast,2048,1,24,0,2048,63,0,3413,3413,mtu_sweep/bcast_n128_g64_r11_m2048.cm
128,64,11,baseline,4096,1,24,0,4096,63,0,24533,24533,mtu_sweep/bcast_n128_g64_r11_m4096.cm
128,64,11,mcast,4096,1,24,0,4096,63,0,3582,3582,mtu_sweep/bcast_n128_g64_r11_m4096.cm
128,64,11,baseline,16384,1,24,0,16384,63,0,88400,88400,mtu_sweep/bcast_n128_g64_r11_m16384.cm
128,64,11,mcast,16384,1,24,0,16384,63,0,4596,4596,mtu_sweep/bcast_n128_g64_r11_m16384.cm
128,64,11,baseline,65536,1,24,0,65536,63,0,343868,343868,mtu_sweep/bcast_n128_g64_r11_m65536.cm
128,64,11,mcast,65536,1,24,0,65536,63,0,8651,8651,mtu_sweep/bcast_n128_g64_r11_m65536.cm
128,64,11,baseline,262144,1,24,0,262144,63,0,1333973,1333973,mtu_sweep/bcast_n128_g64_r11_m262144.cm
128,64,11,mcast,262144,1,24,0,262144,63,0,24364,24364,mtu_sweep/bcast_n128_g64_r11_m262144.cm
128,64,11,baseline,1048576,1,24,0,1048576,63,0,5293720,5293720,mtu_sweep/bcast_n128_g64_r11_m1048576.cm
128,64,11,mcast,1048576,1,24,0,1048576,63,0,87217,87217,mtu_sweep/bcast_n128_g64_r11_m1048576.cm
128,64,12,baseline,2048,1,35,0,2048,63,0,13889,13889,mtu_sweep/bcast_n128_g64_r12_m2048.cm
128,64,12,mcast,2048,1,35,0,2048,63,0,3413,3413,mtu_sweep/bcast_n128_g64_r12_m2048.cm
128,64,12,baseline,4096,1,35,0,4096,63,0,24533,24533,mtu_sweep/bcast_n128_g64_r12_m4096.cm
128,64,12,mcast,4096,1,35,0,4096,63,0,3582,3582,mtu_sweep/bcast_n128_g64_r12_m4096.cm
128,64,12,baseline,16384,1,35,0,16384,63,0,88400,88400,mtu_sweep/bcast_n128_g64_r12_m16384.cm
128,64,12,mcast,16384,1,35,0,16384,63,0,4596,4596,mtu_sweep/bcast_n128_g64_r12_m16384.cm
128,64,12,baseline,65536,1,35,0,65536,63,0,343868,343868,mtu_sweep/bcast_n128_g64_r12_m65536.cm
128,64,12,mcast,65536,1,35,0,65536,63,0,8651,8651,mtu_sweep/bcast_n128_g64_r12_m65536.cm
128,64,12,baseline,262144,1,35,0,262144,63,0,1333973,1333973,mtu_sweep/bcast_n128_g64_r12_m262144.cm
128,64,12,mcast,262144,1,35,0,262144,63,0,24364,24364,mtu_sweep/bcast_n128_g64_r12_m262144.cm
128,64,12,baseline,1048576,1,35,0,1048576,63,0,5293720,5293720,mtu_sweep/bcast_n128_g64_r12_m1048576.cm
128,64,12,mcast,1048576,1,35,0,1048576,63,0,87217,87217,mtu_sweep/bcast_n128_g64_r12_m1048576.cm
128,64,13,baseline,2048,1,103,0,2048,63,0,13720,13720,mtu_sweep/bcast_n128_g64_r13_m2048.cm
128,64,13,mcast,2048,1,103,0,2048,63,0,3413,3413,mtu_sweep/bcast_n128_g64_r13_m2048.cm
128,64,13,baseline,4096,1,103,0,4096,63,0,24364,24364,mtu_sweep/bcast_n128_g64_r13_m4096.cm
128,64,13,mcast,4096,1,103,0,4096,63,0,3582,3582,mtu_sweep/bcast_n128_g64_r13_m4096.cm
128,64,13,baseline,16384,1,103,0,16384,63,0,88231,88231,mtu_sweep/bcast_n128_g64_r13_m16384.cm
128,64,13,mcast,16384,1,103,0,16384,63,0,4596,4596,mtu_sweep/bcast_n128_g64_r13_m16384.cm
128,64,13,baseline,65536,1,103,0,65536,63,0,343699,343699,mtu_sweep/bcast_n128_g64_r13_m65536.cm
128,64,13,mcast,65536,1,103,0,65536,63,0,8651,8651,mtu_sweep/bcast_n128_g64_r13_m65536.cm
128,64,13,baseline,262144,1,103,0,262144,63,0,1333804,1333804,mtu_sweep/bcast_n128_g64_r13_m262144.cm
128,64,13,mcast,262144,1,103,0,262144,63,0,24364,24364,mtu_sweep/bcast_n128_g64_r13_m262144.cm
128,64,13,baseline,1048576,1,103,0,1048576,63,0,5293551,5293551,mtu_sweep/bcast_n128_g64_r13_m1048576.cm
128,64,13,mcast,1048576,1,103,0,1048576,63,0,87217,87217,mtu_sweep/bcast_n128_g64_r13_m1048576.cm
128,64,14,baseline,2048,1,59,0,2048,63,0,13889,13889,mtu_sweep/bcast_n128_g64_r14_m2048.cm
128,64,14,mcast,2048,1,59,0,2048,63,0,3413,3413,mtu_sweep/bcast_n128_g64_r14_m2048.cm
128,64,14,baseline,4096,1,59,0,4096,63,0,24533,24533,mtu_sweep/bcast_n128_g64_r14_m4096.cm
128,64,14,mcast,4096,1,59,0,4096,63,0,3582,3582,mtu_sweep/bcast_n128_g64_r14_m4096.cm
128,64,14,baseline,16384,1,59,0,16384,63,0,88400,88400,mtu_sweep/bcast_n128_g64_r14_m16384.cm
128,64,14,mcast,16384,1,59,0,16384,63,0,4596,4596,mtu_sweep/bcast_n128_g64_r14_m16384.cm
128,64,14,baseline,65536,1,59,0,65536,63,0,343868,343868,mtu_sweep/bcast_n128_g64_r14_m65536.cm
128,64,14,mcast,65536,1,59,0,65536,63,0,8651,8651,mtu_sweep/bcast_n128_g64_r14_m65536.cm
128,64,14,baseline,262144,1,59,0,262144,63,0,1333973,1333973,mtu_sweep/bcast_n128_g64_r14_m262144.cm
128,64,14,mcast,262144,1,59,0,262144,63,0,24364,24364,mtu_sweep/bcast_n128_g64_r14_m262144.cm
128,64,14,baseline,1048576,1,59,0,1048576,63,0,5293720,5293720,mtu_sweep/bcast_n128_g64_r14_m1048576.cm
128,64,14,mcast,1048576,1,59,0,1048576,63,0,87217,87217,mtu_sweep/bcast_n128_g64_r14_m1048576.cm
128,64,15,baseline,2048,1,46,0,2048,63,0,13889,13889,mtu_sweep/bcast_n128_g64_r15_m2048.cm
128,64,15,mcast,2048,1,46,0,2048,63,0,3413,3413,mtu_sweep/bcast_n128_g64_r15_m2048.cm
128,64,15,baseline,4096,1,46,0,4096,63,0,24533,24533,mtu_sweep/bcast_n128_g64_r15_m4096.cm
128,64,15,mcast,4096,1,46,0,4096,63,0,3582,3582,mtu_sweep/bcast_n128_g64_r15_m4096.cm
128,64,15,baseline,16384,1,46,0,16384,63,0,88400,88400,mtu_sweep/bcast_n128_g64_r15_m16384.cm
128,64,15,mcast,16384,1,46,0,16384,63,0,4596,4596,mtu_sweep/bcast_n128_g64_r15_m16384.cm
128,64,15,baseline,65536,1,46,0,65536,63,0,343868,343868,mtu_sweep/bcast_n128_g64_r15_m65536.cm
128,64,15,mcast,65536,1,46,0,65536,63,0,8651,8651,mtu_sweep/bcast_n128_g64_r15_m65536.cm
128,64,15,baseline,262144,1,46,0,262144,63,0,1333973,1333973,mtu_sweep/bcast_n128_g64_r15_m262144.cm
128,64,15,mcast,262144,1,46,0,262144,63,0,24364,24364,mtu_sweep/bcast_n128_g64_r15_m262144.cm
128,64,15,baseline,1048576,1,46,0,1048576,63,0,5293720,5293720,mtu_sweep/bcast_n128_g64_r15_m1048576.cm
128,64,15,mcast,1048576,1,46,0,1048576,63,0,87217,87217,mtu_sweep/bcast_n128_g64_r15_m1048576.cm
128,64,16,baseline,2048,1,40,0,2048,63,0,13889,13889,mtu_sweep/bcast_n128_g64_r16_m2048.cm
128,64,16,mcast,2048,1,40,0,2048,63,0,3413,3413,mtu_sweep/bcast_n128_g64_r16_m2048.cm
128,64,16,baseline,4096,1,40,0,4096,63,0,24533,24533,mtu_sweep/bcast_n128_g64_r16_m4096.cm
128,64,16,mcast,4096,1,40,0,4096,63,0,3582,3582,mtu_sweep/bcast_n128_g64_r16_m4096.cm
128,64,16,baseline,16384,1,40,0,16384,63,0,88400,88400,mtu_sweep/bcast_n128_g64_r16_m16384.cm
128,64,16,mcast,16384,1,40,0,16384,63,0,4596,4596,mtu_sweep/bcast_n128_g64_r16_m16384.cm
128,64,16,baseline,65536,1,40,0,65536,63,0,343868,343868,mtu_sweep/bcast_n128_g64_r16_m65536.cm
128,64,16,mcast,65536,1,40,0,65536,63,0,8651,8651,mtu_sweep/bcast_n128_g64_r16_m65536.cm
128,64,16,baseline,262144,1,40,0,262144,63,0,1333973,1333973,mtu_sweep/bcast_n128_g64_r16_m262144.cm
128,64,16,mcast,262144,1,40,0,262144,63,0,24364,24364,mtu_sweep/bcast_n128_g64_r16_m262144.cm
128,64,16,baseline,1048576,1,40,0,1048576,63,0,5293720,5293720,mtu_sweep/bcast_n128_g64_r16_m1048576.cm
128,64,16,mcast,1048576,1,40,0,1048576,63,0,87217,87217,mtu_sweep/bcast_n128_g64_r16_m1048576.cm
128,64,17,baseline,2048,1,110,0,2048,63,0,13889,13889,mtu_sweep/bcast_n128_g64_r17_m2048.cm
128,64,17,mcast,2048,1,110,0,2048,63,0,3413,3413,mtu_sweep/bcast_n128_g64_r17_m2048.cm
128,64,17,baseline,4096,1,110,0,4096,63,0,24533,24533,mtu_sweep/bcast_n128_g64_r17_m4096.cm
128,64,17,mcast,4096,1,110,0,4096,63,0,3582,3582,mtu_sweep/bcast_n128_g64_r17_m4096.cm
128,64,17,baseline,16384,1,110,0,16384,63,0,88400,88400,mtu_sweep/bcast_n128_g64_r17_m16384.cm
128,64,17,mcast,16384,1,110,0,16384,63,0,4596,4596,mtu_sweep/bcast_n128_g64_r17_m16384.cm
128,64,17,baseline,65536,1,110,0,65536,63,0,343868,343868,mtu_sweep/bcast_n128_g64_r17_m65536.cm
128,64,17,mcast,65536,1,110,0,65536,63,0,8651,8651,mtu_sweep/bcast_n128_g64_r17_m65536.cm
128,64,17,baseline,262144,1,110,0,262144,63,0,1333973,1333973,mtu_sweep/bcast_n128_g64_r17_m262144.cm
128,64,17,mcast,262144,1,110,0,262144,63,0,24364,24364,mtu_sweep/bcast_n128_g64_r17_m262144.cm
128,64,17,baseline,1048576,1,110,0,1048576,63,0,5293720,5293720,mtu_sweep/bcast_n128_g64_r17_m1048576.cm
128,64,17,mcast,1048576,1,110,0,1048576,63,0,87217,87217,mtu_sweep/bcast_n128_g64_r17_m1048576.cm
128,64,18,baseline,2048,1,36,0,2048,63,0,13889,13889,mtu_sweep/bcast_n128_g64_r18_m2048.cm
128,64,18,mcast,2048,1,36,0,2048,63,0,3413,3413,mtu_sweep/bcast_n128_g64_r18_m2048.cm
128,64,18,baseline,4096,1,36,0,4096,63,0,24533,24533,mtu_sweep/bcast_n128_g64_r18_m4096.cm
128,64,18,mcast,4096,1,36,0,4096,63,0,3582,3582,mtu_sweep/bcast_n128_g64_r18_m4096.cm
128,64,18,baseline,16384,1,36,0,16384,63,0,88400,88400,mtu_sweep/bcast_n128_g64_r18_m16384.cm
128,64,18,mcast,16384,1,36,0,16384,63,0,4596,4596,mtu_sweep/bcast_n128_g64_r18_m16384.cm
128,64,18,baseline,65536,1,36,0,65536,63,0,343868,343868,mtu_sweep/bcast_n128_g64_r18_m65536.cm
128,64,18,mcast,65536,1,36,0,65536,63,0,8651,8651,mtu_sweep/bcast_n128_g64_r18_m65536.cm
128,64,18,baseline,262144,1,36,0,262144,63,0,1333973,1333973,mtu_sweep/bcast_n128_g64_r18_m262144.cm
128,64,18,mcast,262144,1,36,0,262144,63,0,24364,24364,mtu_sweep/bcast_n128_g64_r18_m262144.cm
128,64,18,baseline,1048576,1,36,0,1048576,63,0,5293720,5293720,mtu_sweep/bcast_n128_g64_r18_m1048576.cm
128,64,18,mcast,1048576,1,36,0,1048576,63,0,87217,87217,mtu_sweep/bcast_n128_g64_r18_m1048576.cm
128,64,19,baseline,2048,1,34,0,2048,63,0,13889,13889,mtu_sweep/bcast_n128_g64_r19_m2048.cm
128,64,19,mcast,2048,1,34,0,2048,63,0,3413,3413,mtu_sweep/bcast_n128_g64_r19_m2048.cm
128,64,19,baseline,4096,1,34,0,4096,63,0,24533,24533,mtu_sweep/bcast_n128_g64_r19_m4096.cm
128,64,19,mcast,4096,1,34,0,4096,63,0,3582,3582,mtu_sweep/bcast_n128_g64_r19_m4096.cm
128,64,19,baseline,16384,1,34,0,16384,63,0,88400,88400,mtu_sweep/bcast_n128_g64_r19_m16384.cm
128,64,19,mcast,16384,1,34,0,16384,63,0,4596,4596,mtu_sweep/bcast_n128_g64_r19_m16384.cm
128,64,19,baseline,65536,1,34,0,65536,63,0,343868,343868,mtu_sweep/bcast_n128_g64_r19_m65536.cm
128,64,19,mcast,65536,1,34,0,65536,63,0,8651,8651,mtu_sweep/bcast_n128_g64_r19_m65536.cm
128,64,19,baseline,262144,1,34,0,262144,63,0,1333973,1333973,mtu_sweep/bcast_n128_g64_r19_m262144.cm
128,64,19,mcast,262144,1,34,0,262144,63,0,24364,24364,mtu_sweep/bcast_n128_g64_r19_m262144.cm
128,64,19,baseline,1048576,1,34,0,1048576,63,0,5293720,5293720,mtu_sweep/bcast_n128_g64_r19_m1048576.cm
128,64,19,mcast,1048576,1,34,0,1048576,63,0,87217,87217,mtu_sweep/bcast_n128_g64_r19_m1048576.cm
128,64,20,baseline,2048,1,28,0,2048,63,0,13889,13889,mtu_sweep/bcast_n128_g64_r20_m2048.cm
128,64,20,mcast,2048,1,28,0,2048,63,0,3413,3413,mtu_sweep/bcast_n128_g64_r20_m2048.cm
128,64,20,baseline,4096,1,28,0,4096,63,0,24533,24533,mtu_sweep/bcast_n128_g64_r20_m4096.cm
128,64,20,mcast,4096,1,28,0,4096,63,0,3582,3582,mtu_sweep/bcast_n128_g64_r20_m4096.cm
128,64,20,baseline,16384,1,28,0,16384,63,0,88400,88400,mtu_sweep/bcast_n128_g64_r20_m16384.cm
128,64,20,mcast,16384,1,28,0,16384,63,0,4596,4596,mtu_sweep/bcast_n128_g64_r20_m16384.cm
128,64,20,baseline,65536,1,28,0,65536,63,0,343868,343868,mtu_sweep/bcast_n128_g64_r20_m65536.cm
128,64,20,mcast,65536,1,28,0,65536,63,0,8651,8651,mtu_sweep/bcast_n128_g64_r20_m65536.cm
128,64,20,baseline,262144,1,28,0,262144,63,0,1333973,1333973,mtu_sweep/bcast_n128_g64_r20_m262144.cm
128,64,20,mcast,262144,1,28,0,262144,63,0,24364,24364,mtu_sweep/bcast_n128_g64_r20_m262144.cm
128,64,20,baseline,1048576,1,28,0,1048576,63,0,5293720,5293720,mtu_sweep/bcast_n128_g64_r20_m1048576.cm
128,64,20,mcast,1048576,1,28,0,1048576,63,0,87217,87217,mtu_sweep/bcast_n128_g64_r20_m1048576.cm
128,64,21,baseline,2048,1,43,0,2048,63,0,13889,13889,mtu_sweep/bcast_n128_g64_r21_m2048.cm
128,64,21,mcast,2048,1,43,0,2048,63,0,3413,3413,mtu_sweep/bcast_n128_g64_r21_m2048.cm
128,64,21,baseline,4096,1,43,0,4096,63,0,24533,24533,mtu_sweep/bcast_n128_g64_r21_m4096.cm
128,64,21,mcast,4096,1,43,0,4096,63,0,3582,3582,mtu_sweep/bcast_n128_g64_r21_m4096.cm
128,64,21,baseline,16384,1,43,0,16384,63,0,88400,88400,mtu_sweep/bcast_n128_g64_r21_m16384.cm
128,64,21,mcast,16384,1,43,0,16384,63,0,4596,4596,mtu_sweep/bcast_n128_g64_r21_m16384.cm
128,64,21,baseline,65536,1,43,0,65536,63,0,343868,343868,mtu_sweep/bcast_n128_g64_r21_m65536.cm
128,64,21,mcast,65536,1,43,0,65536,63,0,8651,8651,mtu_sweep/bcast_n128_g64_r21_m65536.cm
128,64,21,baseline,262144,1,43,0,262144,63,0,1333973,1333973,mtu_sweep/bcast_n128_g64_r21_m262144.cm
128,64,21,mcast,262144,1,43,0,262144,63,0,24364,24364,mtu_sweep/bcast_n128_g64_r21_m262144.cm
128,64,21,baseline,1048576,1,43,0,1048576,63,0,5293720,5293720,mtu_sweep/bcast_n128_g64_r21_m1048576.cm
128,64,21,mcast,1048576,1,43,0,1048576,63,0,87217,87217,mtu_sweep/bcast_n128_g64_r21_m1048576.cm
128,64,22,baseline,2048,1,2,0,2048,63,0,13889,13889,mtu_sweep/bcast_n128_g64_r22_m2048.cm
128,64,22,mcast,2048,1,2,0,2048,63,0,3413,3413,mtu_sweep/bcast_n128_g64_r22_m2048.cm
128,64,22,baseline,4096,1,2,0,4096,63,0,24533,24533,mtu_sweep/bcast_n128_g64_r22_m4096.cm
128,64,22,mcast,4096,1,2,0,4096,63,0,3582,3582,mtu_sweep/bcast_n128_g64_r22_m4096.cm
128,64,22,baseline,16384,1,2,0,16384,63,0,88400,88400,mtu_sweep/bcast_n128_g64_r22_m16384.cm
128,64,22,mcast,16384,1,2,0,16384,63,0,4596,4596,mtu_sweep/bcast_n128_g64_r22_m16384.cm
128,64,22,baseline,65536,1,2,0,65536,63,0,343868,343868,mtu_sweep/bcast_n128_g64_r22_m65536.cm
128,64,22,mcast,65536,1,2,0,65536,63,0,8651,8651,mtu_sweep/bcast_n128_g64_r22_m65536.cm
128,64,22,baseline,262144,1,2,0,262144,63,0,1333973,1333973,mtu_sweep/bcast_n128_g64_r22_m262144.cm
128,64,22,mcast,262144,1,2,0,262144,63,0,24364,24364,mtu_sweep/bcast_n128_g64_r22_m262144.cm
128,64,22,baseline,1048576,1,2,0,1048576,63,0,5293720,5293720,mtu_sweep/bcast_n128_g64_r22_m1048576.cm
128,64,22,mcast,1048576,1,2,0,1048576,63,0,87217,87217,mtu_sweep/bcast_n128_g64_r22_m1048576.cm
128,64,23,baseline,2048,1,86,0,2048,63,0,13889,13889,mtu_sweep/bcast_n128_g64_r23_m2048.cm
128,64,23,mcast,2048,1,86,0,2048,63,0,3413,3413,mtu_sweep/bcast_n128_g64_r23_m2048.cm
128,64,23,baseline,4096,1,86,0,4096,63,0,24533,24533,mtu_sweep/bcast_n128_g64_r23_m4096.cm
128,64,23,mcast,4096,1,86,0,4096,63,0,3582,3582,mtu_sweep/bcast_n128_g64_r23_m4096.cm
128,64,23,baseline,16384,1,86,0,16384,63,0,88400,88400,mtu_sweep/bcast_n128_g64_r23_m16384.cm
128,64,23,mcast,16384,1,86,0,16384,63,0,4596,4596,mtu_sweep/bcast_n128_g64_r23_m16384.cm
128,64,23,baseline,65536,1,86,0,65536,63,0,343868,343868,mtu_sweep/bcast_n128_g64_r23_m65536.cm
128,64,23,mcast,65536,1,86,0,65536,63,0,8651,8651,mtu_sweep/bcast_n128_g64_r23_m65536.cm
128,64,23,baseline,262144,1,86,0,262144,63,0,1333973,1333973,mtu_sweep/bcast_n128_g64_r23_m262144.cm
128,64,23,mcast,262144,1,86,0,262144,63,0,24364,24364,mtu_sweep/bcast_n128_g64_r23_m262144.cm
128,64,23,baseline,1048576,1,86,0,1048576,63,0,5293720,5293720,mtu_sweep/bcast_n128_g64_r23_m1048576.cm
128,64,23,mcast,1048576,1,86,0,1048576,63,0,87217,87217,mtu_sweep/bcast_n128_g64_r23_m1048576.cm
128,64,24,baseline,2048,1,105,0,2048,63,0,13889,13889,mtu_sweep/bcast_n128_g64_r24_m2048.cm
128,64,24,mcast,2048,1,105,0,2048,63,0,3413,3413,mtu_sweep/bcast_n128_g64_r24_m2048.cm
128,64,24,baseline,4096,1,105,0,4096,63,0,24533,24533,mtu_sweep/bcast_n128_g64_r24_m4096.cm
128,64,24,mcast,4096,1,105,0,4096,63,0,3582,3582,mtu_sweep/bcast_n128_g64_r24_m4096.cm
128,64,24,baseline,16384,1,105,0,16384,63,0,88400,88400,mtu_sweep/bcast_n128_g64_r24_m16384.cm
128,64,24,mcast,16384,1,105,0,16384,63,0,4596,4596,mtu_sweep/bcast_n128_g64_r24_m16384.cm
128,64,24,baseline,65536,1,105,0,65536,63,0,343868,343868,mtu_sweep/bcast_n128_g64_r24_m65536.cm
128,64,24,mcast,65536,1,105,0,65536,63,0,8651,8651,mtu_sweep/bcast_n128_g64_r24_m65536.cm
128,64,24,baseline,262144,1,105,0,262144,63,0,1333973,1333973,mtu_sweep/bcast_n128_g64_r24_m262144.cm
128,64,24,mcast,262144,1,105,0,262144,63,0,24364,24364,mtu_sweep/bcast_n128_g64_r24_m262144.cm
128,64,24,baseline,1048576,1,105,0,1048576,63,0,5293720,5293720,mtu_sweep/bcast_n128_g64_r24_m1048576.cm
128,64,24,mcast,1048576,1,105,0,1048576,63,0,87217,87217,mtu_sweep/bcast_n128_g64_r24_m1048576.cm
128,64,25,baseline,2048,1,21,0,2048,63,0,13889,13889,mtu_sweep/bcast_n128_g64_r25_m2048.cm
128,64,25,mcast,2048,1,21,0,2048,63,0,3413,3413,mtu_sweep/bcast_n128_g64_r25_m2048.cm
128,64,25,baseline,4096,1,21,0,4096,63,0,24533,24533,mtu_sweep/bcast_n128_g64_r25_m4096.cm
128,64,25,mcast,4096,1,21,0,4096,63,0,3582,3582,mtu_sweep/bcast_n128_g64_r25_m4096.cm
128,64,25,baseline,16384,1,21,0,16384,63,0,88400,88400,mtu_sweep/bcast_n128_g64_r25_m16384.cm
128,64,25,mcast,16384,1,21,0,16384,63,0,4596,4596,mtu_sweep/bcast_n128_g64_r25_m16384.cm
128,64,25,baseline,65536,1,21,0,65536,63,0,343868,343868,mtu_sweep/bcast_n128_g64_r25_m65536.cm
128,64,25,mcast,65536,1,21,0,65536,63,0,8651,8651,mtu_sweep/bcast_n128_g64_r25_m65536.cm
128,64,25,baseline,262144,1,21,0,262144,63,0,1333973,1333973,mtu_sweep/bcast_n128_g64_r25_m262144.cm
128,64,25,mcast,262144,1,21,0,262144,63,0,24364,24364,mtu_sweep/bcast_n128_g64_r25_m262144.cm
128,64,25,baseline,1048576,1,21,0,1048576,63,0,5293720,5293720,mtu_sweep/bcast_n128_g64_r25_m1048576.cm
128,64,25,mcast,1048576,1,21,0,1048576,63,0,87217,87217,mtu_sweep/bcast_n128_g64_r25_m1048576.cm
128,64,26,baseline,2048,1,60,0,2048,63,0,13889,13889,mtu_sweep/bcast_n128_g64_r26_m2048.cm
128,64,26,mcast,2048,1,60,0,2048,63,0,3413,3413,mtu_sweep/bcast_n128_g64_r26_m2048.cm
128,64,26,baseline,4096,1,60,0,4096,63,0,24533,24533,mtu_sweep/bcast_n128_g64_r26_m4096.cm
128,64,26,mcast,4096,1,60,0,4096,63,0,3582,3582,mtu_sweep/bcast_n128_g64_r26_m4096.cm
128,64,26,baseline,16384,1,60,0,16384,63,0,88400,88400,mtu_sweep/bcast_n128_g64_r26_m16384.cm
128,64,26,mcast,16384,1,60,0,16384,63,0,4596,4596,mtu_sweep/bcast_n128_g64_r26_m16384.cm
128,64,26,baseline,65536,1,60,0,65536,63,0,343868,343868,mtu_sweep/bcast_n128_g64_r26_m65536.cm
128,64,26,mcast,65536,1,60,0,65536,63,0,8651,8651,mtu_sweep/bcast_n128_g64_r26_m65536.cm
128,64,26,baseline,262144,1,60,0,262144,63,0,1333973,1333973,mtu_sweep/bcast_n128_g64_r26_m262144.cm
128,64,26,mcast,262144,1,60,0,262144,63,0,24364,24364,mtu_sweep/bcast_n128_g64_r26_m262144.cm
128,64,26,baseline,1048576,1,60,0,1048576,63,0,5293720,5293720,mtu_sweep/bcast_n128_g64_r26_m1048576.cm
128,64,26,mcast,1048576,1,60,0,1048576,63,0,87217,87217,mtu_sweep/bcast_n128_g64_r26_m1048576.cm
128,64,27,baseline,2048,1,13,0,2048,63,0,13889,13889,mtu_sweep/bcast_n128_g64_r27_m2048.cm
128,64,27,mcast,2048,1,13,0,2048,63,0,3413,3413,mtu_sweep/bcast_n128_g64_r27_m2048.cm
128,64,27,baseline,4096,1,13,0,4096,63,0,24533,24533,mtu_sweep/bcast_n128_g64_r27_m4096.cm
128,64,27,mcast,4096,1,13,0,4096,63,0,3582,3582,mtu_sweep/bcast_n128_g64_r27_m4096.cm
128,64,27,baseline,16384,1,13,0,16384,63,0,88400,88400,mtu_sweep/bcast_n128_g64_r27_m16384.cm
128,64,27,mcast,16384,1,13,0,16384,63,0,4596,4596,mtu_sweep/bcast_n128_g64_r27_m16384.cm
128,64,27,baseline,65536,1,13,0,65536,63,0,343868,343868,mtu_sweep/bcast_n128_g64_r27_m65536.cm
128,64,27,mcast,65536,1,13,0,65536,63,0,8651,8651,mtu_sweep/bcast_n128_g64_r27_m65536.cm
128,64,27,baseline,262144,1,13,0,262144,63,0,1333973,1333973,mtu_sweep/bcast_n128_g64_r27_m262144.cm
128,64,27,mcast,262144,1,13,0,262144,63,0,24364,24364,mtu_sweep/bcast_n128_g64_r27_m262144.cm
128,64,27,baseline,1048576,1,13,0,1048576,63,0,5293720,5293720,mtu_sweep/bcast_n128_g64_r27_m1048576.cm
128,64,27,mcast,1048576,1,13,0,1048576,63,0,87217,87217,mtu_sweep/bcast_n128_g64_r27_m1048576.cm
128,64,28,baseline,2048,1,123,0,2048,63,0,13889,13889,mtu_sweep/bcast_n128_g64_r28_m2048.cm
128,64,28,mcast,2048,1,123,0,2048,63,0,3413,3413,mtu_sweep/bcast_n128_g64_r28_m2048.cm
128,64,28,baseline,4096,1,123,0,4096,63,0,24533,24533,mtu_sweep/bcast_n128_g64_r28_m4096.cm
128,64,28,mcast,4096,1,123,0,4096,63,0,3582,3582,mtu_sweep/bcast_n128_g64_r28_m4096.cm
128,64,28,baseline,16384,1,123,0,16384,63,0,88400,88400,mtu_sweep/bcast_n128_g64_r28_m16384.cm
128,64,28,mcast,16384,1,123,0,16384,63,0,4596,4596,mtu_sweep/bcast_n128_g64_r28_m16384.cm
128,64,28,baseline,65536,1,123,0,65536,63,0,343868,343868,mtu_sweep/bcast_n128_g64_r28_m65536.cm
128,64,28,mcast,65536,1,123,0,65536,63,0,8651,8651,mtu_sweep/bcast_n128_g64_r28_m65536.cm
128,64,28,baseline,262144,1,123,0,262144,63,0,1333973,1333973,mtu_sweep/bcast_n128_g64_r28_m262144.cm
128,64,28,mcast,262144,1,123,0,262144,63,0,24364,24364,mtu_sweep/bcast_n128_g64_r28_m262144.cm
128,64,28,baseline,1048576,1,123,0,1048576,63,0,5293720,5293720,mtu_sweep/bcast_n128_g64_r28_m1048576.cm
128,64,28,mcast,1048576,1,123,0,1048576,63,0,87217,87217,mtu_sweep/bcast_n128_g64_r28_m1048576.cm
128,64,29,baseline,2048,1,51,0,2048,63,0,13889,13889,mtu_sweep/bcast_n128_g64_r29_m2048.cm
128,64,29,mcast,2048,1,51,0,2048,63,0,3413,3413,mtu_sweep/bcast_n128_g64_r29_m2048.cm
128,64,29,baseline,4096,1,51,0,4096,63,0,24533,24533,mtu_sweep/bcast_n128_g64_r29_m4096.cm
128,64,29,mcast,4096,1,51,0,4096,63,0,3582,3582,mtu_sweep/bcast_n128_g64_r29_m4096.cm
128,64,29,baseline,16384,1,51,0,16384,63,0,88400,88400,mtu_sweep/bcast_n128_g64_r29_m16384.cm
128,64,29,mcast,16384,1,51,0,16384,63,0,4596,4596,mtu_sweep/bcast_n128_g64_r29_m16384.cm
128,64,29,baseline,65536,1,51,0,65536,63,0,343868,343868,mtu_sweep/bcast_n128_g64_r29_m65536.cm
128,64,29,mcast,65536,1,51,0,65536,63,0,8651,8651,mtu_sweep/bcast_n128_g64_r29_m65536.cm
128,64,29,baseline,262144,1,51,0,262144,63,0,1333973,1333973,mtu_sweep/bcast_n128_g64_r29_m262144.cm
128,64,29,mcast,262144,1,51,0,262144,63,0,24364,24364,mtu_sweep/bcast_n128_g64_r29_m262144.cm
128,64,29,baseline,1048576,1,51,0,1048576,63,0,5293720,5293720,mtu_sweep/bcast_n128_g64_r29_m1048576.cm
128,64,29,mcast,1048576,1,51,0,1048576,63,0,87217,87217,mtu_sweep/bcast_n128_g64_r29_m1048576.cm
1024,4,0,baseline,2048,1,226,0,2048,3,0,3751,3751,mtu_sweep/bcast_n1024_g4_r0_m2048.cm
1024,4,0,mcast,2048,1,226,0,2048,3,0,3413,3413,mtu_sweep/bcast_n1024_g4_r0_m2048.cm
1024,4,0,baseline,4096,1,226,0,4096,3,0,4258,4258,mtu_sweep/bcast_n1024_g4_r0_m4096.cm
1024,4,0,mcast,4096,1,226,0,4096,3,0,3582,3582,mtu_sweep/bcast_n1024_g4_r0_m4096.cm
1024,4,0,baseline,16384,1,226,0,16384,3,0,7299,7299,mtu_sweep/bcast_n1024_g4_r0_m16384.cm
1024,4,0,mcast,16384,1,226,0,16384,3,0,4596,4596,mtu_sweep/bcast_n1024_g4_r0_m16384.cm
1024,4,0,baseline,65536,1,226,0,65536,3,0,19464,19464,mtu_sweep/bcast_n1024_g4_r0_m65536.cm
1024,4,0,mcast,65536,1,226,0,65536,3,0,8651,8651,mtu_sweep/bcast_n1024_g4_r0_m65536.cm
1024,4,0,baseline,262144,1,226,0,262144,3,0,66773,66773,mtu_sweep/bcast_n1024_g4_r0_m262144.cm
1024,4,0,mcast,262144,1,226,0,262144,3,0,24364,24364,mtu_sweep/bcast_n1024_g4_r0_m262144.cm
1024,4,0,baseline,1048576,1,226,0,1048576,3,0,255333,255333,mtu_sweep/bcast_n1024_g4_r0_m1048576.cm
1024,4,0,mcast,1048576,1,226,0,1048576,3,0,87217,87217,mtu_sweep/bcast_n1024_g4_r0_m1048576.cm
1024,4,1,baseline,2048,1,256,0,2048,3,0,3751,3751,mtu_sweep/bcast_n1024_g4_r1_m2048.cm
1024,4,1,mcast,2048,1,256,0,2048,3,0,3413,3413,mtu_sweep/bcast_n1024_g4_r1_m2048.cm
1024,4,1,baseline,4096,1,256,0,4096,3,0,4258,4258,mtu_sweep/bcast_n1024_g4_r1_m4096.cm
1024,4,1,mcast,4096,1,256,0,4096,3,0,3582,3582,mtu_sweep/bcast_n1024_g4_r1_m4096.cm
1024,4,1,baseline,16384,1,256,0,16384,3,0,7299,7299,mtu_sweep/bcast_n1024_g4_r1_m16384.cm
1024,4,1,mcast,16384,1,256,0,16384,3,0,4596,4596,mtu_sweep/bcast_n1024_g4_r1_m16384.cm
1024,4,1,baseline,65536,1,256,0,65536,3,0,19464,19464,mtu_sweep/bcast_n1024_g4_r1_m65536.cm
1024,4,1,mcast,65536,1,256,0,65536,3,0,8651,8651,mtu_sweep/bcast_n1024_g4_r1_m65536.cm
1024,4,1,baseline,262144,1,256,0,262144,3,0,66773,66773,mtu_sweep/bcast_n1024_g4_r1_m262144.cm
1024,4,1,mcast,262144,1,256,0,262144,3,0,24364,24364,mtu_sweep/bcast_n1024_g4_r1_m262144.cm
1024,4,1,baseline,1048576,1,256,0,1048576,3,0,255333,255333,mtu_sweep/bcast_n1024_g4_r1_m1048576.cm
1024,4,1,mcast,1048576,1,256,0,1048576,3,0,87217,87217,mtu_sweep/bcast_n1024_g4_r1_m1048576.cm
1024,4,2,baseline,2048,1,432,0,2048,3,0,3751,3751,mtu_sweep/bcast_n1024_g4_r2_m2048.cm
1024,4,2,mcast,2048,1,432,0,2048,3,0,3413,3413,mtu_sweep/bcast_n1024_g4_r2_m2048.cm
1024,4,2,baseline,4096,1,432,0,4096,3,0,4258,4258,mtu_sweep/bcast_n1024_g4_r2_m4096.cm
1024,4,2,mcast,4096,1,432,0,4096,3,0,3582,3582,mtu_sweep/bcast_n1024_g4_r2_m4096.cm
1024,4,2,baseline,16384,1,432,0,16384,3,0,7299,7299,mtu_sweep/bcast_n1024_g4_r2_m16384.cm
1024,4,2,mcast,16384,1,432,0,16384,3,0,4596,4596,mtu_sweep/bcast_n1024_g4_r2_m16384.cm
1024,4,2,baseline,65536,1,432,0,65536,3,0,19464,19464,mtu_sweep/bcast_n1024_g4_r2_m65536.cm
1024,4,2,mcast,65536,1,432,0,65536,3,0,8651,8651,mtu_sweep/bcast_n1024_g4_r2_m65536.cm
1024,4,2,baseline,262144,1,432,0,262144,3,0,66773,66773,mtu_sweep/bcast_n1024_g4_r2_m262144.cm
1024,4,2,mcast,262144,1,432,0,262144,3,0,24364,24364,mtu_sweep/bcast_n1024_g4_r2_m262144.cm
1024,4,2,baseline,1048576,1,432,0,1048576,3,0,255333,255333,mtu_sweep/bcast_n1024_g4_r2_m1048576.cm
1024,4,2,mcast,1048576,1,432,0,1048576,3,0,87217,87217,mtu_sweep/bcast_n1024_g4_r2_m1048576.cm
1024,4,3,baseline,2048,1,781,0,2048,3,0,3582,3582,mtu_sweep/bcast_n1024_g4_r3_m2048.cm
1024,4,3,mcast,2048,1,781,0,2048,3,0,3413,3413,mtu_sweep/bcast_n1024_g4_r3_m2048.cm
1024,4,3,baseline,4096,1,781,0,4096,3,0,4089,4089,mtu_sweep/bcast_n1024_g4_r3_m4096.cm
1024,4,3,mcast,4096,1,781,0,4096,3,0,3582,3582,mtu_sweep/bcast_n1024_g4_r3_m4096.cm
1024,4,3,baseline,16384,1,781,0,16384,3,0,7130,7130,mtu_sweep/bcast_n1024_g4_r3_m16384.cm
1024,4,3,mcast,16384,1,781,0,16384,3,0,4596,4596,mtu_sweep/bcast_n1024_g4_r3_m16384.cm
1024,4,3,baseline,65536,1,781,0,65536,3,0,19296,19296,mtu_sweep/bcast_n1024_g4_r3_m65536.cm
1024,4,3,mcast,65536,1,781,0,65536,3,0,8651,8651,mtu_sweep/bcast_n1024_g4_r3_m65536.cm
1024,4,3,baseline,262144,1,781,0,262144,3,0,66604,66604,mtu_sweep/bcast_n1024_g4_r3_m262144.cm
1024,4,3,mcast,262144,1,781,0,262144,3,0,24364,24364,mtu_sweep/bcast_n1024_g4_r3_m262144.cm
1024,4,3,baseline,1048576,1,781,0,1048576,3,0,255164,255164,mtu_sweep/bcast_n1024_g4_r3_m1048576.cm
1024,4,3,mcast,1048576,1,781,0,1048576,3,0,87217,87217,mtu_sweep/bcast_n1024_g4_r3_m1048576.cm
1024,4,4,baseline,2048,1,586,0,2048,3,0,3751,3751,mtu_sweep/bcast_n1024_g4_r4_m2048.cm
1024,4,4,mcast,2048,1,586,0,2048,3,0,3413,3413,mtu_sweep/bcast_n1024_g4_r4_m2048.cm
1024,4,4,baseline,4096,1,586,0,4096,3,0,4258,4258,mtu_sweep/bcast_n1024_g4_r4_m4096.cm
1024,4,4,mcast,4096,1,586,0,4096,3,0,3582,3582,mtu_sweep/bcast_n1024_g4_r4_m4096.cm
1024,4,4,baseline,16384,1,586,0,16384,3,0,7299,7299,mtu_sweep/bcast_n1024_g4_r4_m16384.cm
1024,4,4,mcast,16384,1,586,0,16384,3,0,4596,4596,mtu_sweep/bcast_n1024_g4_r4_m16384.cm
1024,4,4,baseline,65536,1,586,0,65536,3,0,19464,19464,mtu_sweep/bcast_n1024_g4_r4_m65536.cm
1024,4,4,mcast,65536,1,586,0,65536,3,0,8651,8651,mtu_sweep/bcast_n1024_g4_r4_m65536.cm
1024,4,4,baseline,262144,1,586,0,262144,3,0,66773,66773,mtu_sweep/bcast_n1024_g4_r4_m262144.cm
1024,4,4,mcast,262144,1,586,0,262144,3,0,24364,24364,mtu_sweep/bcast_n1024_g4_r4_m262144.cm
1024,4,4,baseline,1048576,1,586,0,1048576,3,0,255333,255333,mtu_sweep/bcast_n1024_g4_r4_m1048576.cm
1024,4,4,mcast,1048576,1,586,0,1048576,3,0,87217,87217,mtu_sweep/bcast_n1024_g4_r4_m1048576.cm
1024,4,5,baseline,2048,1,158,0,2048,3,0,3413,3413,mtu_sweep/bcast_n1024_g4_r5_m2048.cm
1024,4,5,mcast,2048,1,158,0,2048,3,0,3413,3413,mtu_sweep/bcast_n1024_g4_r5_m2048.cm
1024,4,5,baseline,4096,1,158,0,4096,3,0,3582,3582,mtu_sweep/bcast_n1024_g4_r5_m4096.cm
1024,4,5,mcast,4096,1,158,0,4096,3,0,3582,3582,mtu_sweep/bcast_n1024_g4_r5_m4096.cm
1024,4,5,baseline,16384,1,158,0,16384,3,0,6624,6624,mtu_sweep/bcast_n1024_g4_r5_m16384.cm
1024,4,5,mcast,16384,1,158,0,16384,3,0,4596,4596,mtu_sweep/bcast_n1024_g4_r5_m16384.cm
1024,4,5,baseline,65536,1,158,0,65536,3,0,18789,18789,mtu_sweep/bcast_n1024_g4_r5_m65536.cm
1024,4,5,mcast,65536,1,158,0,65536,3,0,8651,8651,mtu_sweep/bcast_n1024_g4_r5_m65536.cm
1024,4,5,baseline,262144,1,158,0,262144,3,0,65928,65928,mtu_sweep/bcast_n1024_g4_r5_m262144.cm
1024,4,5,mcast,262144,1,158,0,262144,3,0,24364,24364,mtu_sweep/bcast_n1024_g4_r5_m262144.cm
1024,4,5,baseline,1048576,1,158,0,1048576,3,0,254488,254488,mtu_sweep/bcast_n1024_g4_r5_m1048576.cm
1024,4,5,mcast,1048576,1,158,0,1048576,3,0,87217,87217,mtu_sweep/bcast_n1024_g4_r5_m1048576.cm
1024,4,6,baseline,2048,1,741,0,2048,3,0,3751,3751,mtu_sweep/bcast_n1024_g4_r6_m2048.cm
1024,4,6,mcast,2048,1,741,0,2048,3,0,3413,3413,mtu_sweep/bcast_n1024_g4_r6_m2048.cm
1024,4,6,baseline,4096,1,741,0,4096,3,0,4258,4258,mtu_sweep/bcast_n1024_g4_r6_m4096.cm
1024,4,6,mcast,4096,1,741,0,4096,3,0,3582,3582,mtu_sweep/bcast_n1024_g4_r6_m4096.cm
1024,4,6,baseline,16384,1,741,0,16384,3,0,7299,7299,mtu_sweep/bcast_n1024_g4_r6_m16384.cm
1024,4,6,mcast,16384,1,741,0,16384,3,0,4596,4596,mtu_sweep/bcast_n1024_g4_r6_m16384.cm
1024,4,6,baseline,65536,1,741,0,65536,3,0,19464,19464,mtu_sweep/bcast_n1024_g4_r6_m65536.cm
1024,4,6,mcast,65536,1,741,0,65536,3,0,8651,8651,mtu_sweep/bcast_n1024_g4_r6_m65536.cm
1024,4,6,baseline,262144,1,741,0,262144,3,0,66773,66773,mtu_sweep/bcast_n1024_g4_r6_m262144.cm
1024,4,6,mcast,262144,1,741,0,262144,3,0,24364,24364,mtu_sweep/bcast_n1024_g4_r6_m262144.cm
1024,4,6,baseline,1048576,1,741,0,1048576,3,0,255333,255333,mtu_sweep/bcast_n1024_g4_r6_m1048576.cm
1024,4,6,mcast,1048576,1,741,0,1048576,3,0,87217,87217,mtu_sweep/bcast_n1024_g4_r6_m1048576.cm
1024,4,7,baseline,2048,1,121,0,2048,3,0,3751,3751,mtu_sweep/bcast_n1024_g4_r7_m2048.cm
1024,4,7,mcast,2048,1,121,0,2048,3,0,3413,3413,mtu_sweep/bcast_n1024_g4_r7_m2048.cm
1024,4,7,baseline,4096,1,121,0,4096,3,0,4258,4258,mtu_sweep/bcast_n1024_g4_r7_m4096.cm
1024,4,7,mcast,4096,1,121,0,4096,3,0,3582,3582,mtu_sweep/bcast_n1024_g4_r7_m4096.cm
1024,4,7,baseline,16384,1,121,0,16384,3,0,7299,7299,mtu_sweep/bcast_n1024_g4_r7_m16384.cm
1024,4,7,mcast,16384,1,121,0,16384,3,0,4596,4596,mtu_sweep/bcast_n1024_g4_r7_m16384.cm
1024,4,7,baseline,65536,1,121,0,65536,3,0,19464,19464,mtu_sweep/bcast_n1024_g4_r7_m65536.cm
1024,4,7,mcast,65536,1,121,0,65536,3,0,8651,8651,mtu_sweep/bcast_n1024_g4_r7_m65536.cm
1024,4,7,baseline,262144,1,121,0,262144,3,0,66773,66773,mtu_sweep/bcast_n1024_g4_r7_m262144.cm
1024,4,7,mcast,262144,1,121,0,262144,3,0,24364,24364,mtu_sweep/bcast_n1024_g4_r7_m262144.cm
1024,4,7,baseline,1048576,1,121,0,1048576,3,0,255333,255333,mtu_sweep/bcast_n1024_g4_r7_m1048576.cm
1024,4,7,mcast,1048576,1,121,0,1048576,3,0,87217,87217,mtu_sweep/bcast_n1024_g4_r7_m1048576.cm
1024,4,8,baseline,2048,1,253,0,2048,3,0,3751,3751,mtu_sweep/bcast_n1024_g4_r8_m2048.cm
1024,4,8,mcast,2048,1,253,0,2048,3,0,3413,3413,mtu_sweep/bcast_n1024_g4_r8_m2048.cm
1024,4,8,baseline,4096,1,253,0,4096,3,0,4258,4258,mtu_sweep/bcast_n1024_g4_r8_m4096.cm
1024,4,8,mcast,4096,1,253,0,4096,3,0,3582,3582,mtu_sweep/bcast_n1024_g4_r8_m4096.cm
1024,4,8,baseline,16384,1,253,0,16384,3,0,7299,7299,mtu_sweep/bcast_n1024_g4_r8_m16384.cm
1024,4,8,mcast,16384,1,253,0,16384,3,0,4596,4596,mtu_sweep/bcast_n1024_g4_r8_m16384.cm
1024,4,8,baseline,65536,1,253,0,65536,3,0,19464,19464,mtu_sweep/bcast_n1024_g4_r8_m65536.cm
1024,4,8,mcast,65536,1,253,0,65536,3,0,8651,8651,mtu_sweep/bcast_n1024_g4_r8_m65536.cm
1024,4,8,baseline,262144,1,253,0,262144,3,0,66773,66773,mtu_sweep/bcast_n1024_g4_r8_m262144.cm
1024,4,8,mcast,262144,1,253,0,262144,3,0,24364,24364,mtu_sweep/bcast_n1024_g4_r8_m262144.cm
1024,4,8,baseline,1048576,1,253,0,1048576,3,0,255333,255333,mtu_sweep/bcast_n1024_g4_r8_m1048576.cm
1024,4,8,mcast,1048576,1,253,0,1048576,3,0,87217,87217,mtu_sweep/bcast_n1024_g4_r8_m1048576.cm
1024,4,9,baseline,2048,1,576,0,2048,3,0,3751,3751,mtu_sweep/bcast_n1024_g4_r9_m2048.cm
1024,4,9,mcast,2048,1,576,0,2048,3,0,3413,3413,mtu_sweep/bcast_n1024_g4_r9_m2048.cm
1024,4,9,baseline,4096,1,576,0,4096,3,0,4258,4258,mtu_sweep/bcast_n1024_g4_r9_m4096.cm
1024,4,9,mcast,4096,1,576,0,4096,3,0,3582,3582,mtu_sweep/bcast_n1024_g4_r9_m4096.cm
1024,4,9,baseline,16384,1,576,0,16384,3,0,7299,7299,mtu_sweep/bcast_n1024_g4_r9_m16384.cm
1024,4,9,mcast,16384,1,576,0,16384,3,0,4596,4596,mtu_sweep/bcast_n1024_g4_r9_m16384.cm
1024,4,9,baseline,65536,1,576,0,65536,3,0,19464,19464,mtu_sweep/bcast_n1024_g4_r9_m65536.cm
1024,4,9,mcast,65536,1,576,0,65536,3,0,8651,8651,mtu_sweep/bcast_n1024_g4_r9_m65536.cm
1024,4,9,baseline,262144,1,576,0,262144,3,0,66773,66773,mtu_sweep/bcast_n1024_g4_r9_m262144.cm
1024,4,9,mcast,262144,1,576,0,262144,3,0,24364,24364,mtu_sweep/bcast_n1024_g4_r9_m262144.cm
1024,4,9,baseline,1048576,1,576,0,1048576,3,0,255333,255333,mtu_sweep/bcast_n1024_g4_r9_m1048576.cm
1024,4,9,mcast,1048576,1,576,0,1048576,3,0,87217,87217,mtu_sweep/bcast_n1024_g4_r9_m1048576.cm
1024,4,10,baseline,2048,1,298,0,2048,3,0,3751,3751,mtu_sweep/bcast_n1024_g4_r10_m2048.cm
1024,4,10,mcast,2048,1,298,0,2048,3,0,3413,3413,mtu_sweep/bcast_n1024_g4_r10_m2048.cm
1024,4,10,baseline,4096,1,298,0,4096,3,0,4258,4258,mtu_sweep/bcast_n1024_g4_r10_m4096.cm
1024,4,10,mcast,4096,1,298,0,4096,3,0,3582,3582,mtu_sweep/bcast_n1024_g4_r10_m4096.cm
1024,4,10,baseline,16384,1,298,0,16384,3,0,7299,7299,mtu_sweep/bcast_n1024_g4_r10_m16384.cm
1024,4,10,mcast,16384,1,298,0,16384,3,0,4596,4596,mtu_sweep/bcast_n1024_g4_r10_m16384.cm
1024,4,10,baseline,65536,1,298,0,65536,3,0,19464,19464,mtu_sweep/bcast_n1024_g4_r10_m65536.cm
1024,4,10,mcast,65536,1,298,0,65536,3,0,8651,8651,mtu_sweep/bcast_n1024_g4_r10_m65536.cm
1024,4,10,baseline,262144,1,298,0,262144,3,0,66773,66773,mtu_sweep/bcast_n1024_g4_r10_m262144.cm
1024,4,10,mcast,262144,1,298,0,262144,3,0,24364,24364,mtu_sweep/bcast_n1024_g4_r10_m262144.cm
1024,4,10,baseline,1048576,1,298,0,1048576,3,0,255333,255333,mtu_sweep/bcast_n1024_g4_r10_m1048576.cm
1024,4,10,mcast,1048576,1,298,0,1048576,3,0,87217,87217,mtu_sweep/bcast_n1024_g4_r10_m1048576.cm
1024,4,11,baseline,2048,1,921,0,2048,3,0,3582,3582,mtu_sweep/bcast_n1024_g4_r11_m2048.cm
1024,4,11,mcast,2048,1,921,0,2048,3,0,3413,3413,mtu_sweep/bcast_n1024_g4_r11_m2048.cm
1024,4,11,baseline,4096,1,921,0,4096,3,0,4089,4089,mtu_sweep/bcast_n1024_g4_r11_m4096.cm
1024,4,11,mcast,4096,1,921,0,4096,3,0,3582,3582,mtu_sweep/bcast_n1024_g4_r11_m4096.cm
1024,4,11,baseline,16384,1,921,0,16384,3,0,7130,7130,mtu_sweep/bcast_n1024_g4_r11_m16384.cm
1024,4,11,mcast,16384,1,921,0,16384,3,0,4596,4596,mtu_sweep/bcast_n1024_g4_r11_m16384.cm
1024,4,11,baseline,65536,1,921,0,65536,3,0,19296,19296,mtu_sweep/bcast_n1024_g4_r11_m65536.cm
1024,4,11,mcast,65536,1,921,0,65536,3,0,8651,8651,mtu_sweep/bcast_n1024_g4_r11_m65536.cm
1024,4,11,baseline,262144,1,921,0,262144,3,0,66604,66604,mtu_sweep/bcast_n1024_g4_r11_m262144.cm
1024,4,11,mcast,262144,1,921,0,262144,3,0,24364,24364,mtu_sweep/bcast_n1024_g4_r11_m262144.cm
1024,4,11,baseline,1048576,1,921,0,1048576,3,0,255164,255164,mtu_sweep/bcast_n1024_g4_r11_m1048576.cm
1024,4,11,mcast,1048576,1,921,0,1048576,3,0,87217,87217,mtu_sweep/bcast_n1024_g4_r11_m1048576.cm
1024,4,12,baseline,2048,1,114,0,2048,3,0,3751,3751,mtu_sweep/bcast_n1024_g4_r12_m2048.cm
1024,4,12,mcast,2048,1,114,0,2048,3,0,3413,3413,mtu_sweep/bcast_n1024_g4_r12_m2048.cm
1024,4,12,baseline,4096,1,114,0,4096,3,0,4258,4258,mtu_sweep/bcast_n1024_g4_r12_m4096.cm
1024,4,12,mcast,4096,1,114,0,4096,3,0,3582,3582,mtu_sweep/bcast_n1024_g4_r12_m4096.cm
1024,4,12,baseline,16384,1,114,0,16384,3,0,7299,7299,mtu_sweep/bcast_n1024_g4_r12_m16384.cm
1024,4,12,mcast,16384,1,114,0,16384,3,0,4596,4596,mtu_sweep/bcast_n1024_g4_r12_m16384.cm
1024,4,12,baseline,65536,1,114,0,65536,3,0,19464,19464,mtu_sweep/bcast_n1024_g4_r12_m65536.cm
1024,4,12,mcast,65536,1,114,0,65536,3,0,8651,8651,mtu_sweep/bcast_n1024_g4_r12_m65536.cm
1024,4,12,baseline,262144,1,114,0,262144,3,0,66773,66773,mtu_sweep/bcast_n1024_g4_r12_m262144.cm
1024,4,12,mcast,262144,1,114,0,262144,3,0,24364,24364,mtu_sweep/bcast_n1024_g4_r12_m262144.cm
1024,4,12,baseline,1048576,1,114,0,1048576,3,0,255333,255333,mtu_sweep/bcast_n1024_g4_r12_m1048576.cm
1024,4,12,mcast,1048576,1,114,0,1048576,3,0,87217,87217,mtu_sweep/bcast_n1024_g4_r12_m1048576.cm
1024,4,13,baseline,2048,1,24,0,2048,3,0,3751,3751,mtu_sweep/bcast_n1024_g4_r13_m2048.cm
1024,4,13,mcast,2048,1,24,0,2048,3,0,3413,3413,mtu_sweep/bcast_n1024_g4_r13_m2048.cm
1024,4,13,baseline,4096,1,24,0,4096,3,0,4258,4258,mtu_sweep/bcast_n1024_g4_r13_m4096.cm
1024,4,13,mcast,4096,1,24,0,4096,3,0,3582,3582,mtu_sweep/bcast_n1024_g4_r13_m4096.cm
1024,4,13,baseline,16384,1,24,0,16384,3,0,7299,7299,mtu_sweep/bcast_n1024_g4_r13_m16384.cm
1024,4,13,mcast,16384,1,24,0,16384,3,0,4596,4596,mtu_sweep/bcast_n1024_g4_r13_m16384.cm
1024,4,13,baseline,65536,1,24,0,65536,3,0,19464,19464,mtu_sweep/bcast_n1024_g4_r13_m65536.cm
1024,4,13,mcast,65536,1,24,0,65536,3,0,8651,8651,mtu_sweep/bcast_n1024_g4_r13_m65536.cm
1024,4,13,baseline,262144,1,24,0,262144,3,0,66773,66773,mtu_sweep/bcast_n1024_g4_r13_m262144.cm
1024,4,13,mcast,262144,1,24,0,262144,3,0,24364,24364,mtu_sweep/bcast_n1024_g4_r13_m262144.cm
1024,4,13,baseline,1048576,1,24,0,1048576,3,0,255333,255333,mtu_sweep/bcast_n1024_g4_r13_m1048576.cm
1024,4,13,mcast,1048576,1,24,0,1048576,3,0,87217,87217,mtu_sweep/bcast_n1024_g4_r13_m1048576.cm
1024,4,14,baseline,2048,1,251,0,2048,3,0,3751,3751,mtu_sweep/bcast_n1024_g4_r14_m2048.cm
1024,4,14,mcast,2048,1,251,0,2048,3,0,3413,3413,mtu_sweep/bcast_n1024_g4_r14_m2048.cm
1024,4,14,baseline,4096,1,251,0,4096,3,0,4258,4258,mtu_sweep/bcast_n1024_g4_r14_m4096.cm
1024,4,14,mcast,4096,1,251,0,4096,3,0,3582,3582,mtu_sweep/bcast_n1024_g4_r14_m4096.cm
1024,4,14,baseline,16384,1,251,0,16384,3,0,7299,7299,mtu_sweep/bcast_n1024_g4_r14_m16384.cm
1024,4,14,mcast,16384,1,251,0,16384,3,0,4596,4596,mtu_sweep/bcast_n1024_g4_r14_m16384.cm
1024,4,14,baseline,65536,1,251,0,65536,3,0,19464,19464,mtu_sweep/bcast_n1024_g4_r14_m65536.cm
1024,4,14,mcast,65536,1,251,0,65536,3,0,8651,8651,mtu_sweep/bcast_n1024_g4_r14_m65536.cm
1024,4,14,baseline,262144,1,251,0,262144,3,0,66773,66773,mtu_sweep/bcast_n1024_g4_r14_m262144.cm
1024,4,14,mcast,262144,1,251,0,262144,3,0,24364,24364,mtu_sweep/bcast_n1024_g4_r14_m262144.cm
1024,4,14,baseline,1048576,1,251,0,1048576,3,0,255333,255333,mtu_sweep/bcast_n1024_g4_r14_m1048576.cm
1024,4,14,mcast,1048576,1,251,0,1048576,3,0,87217,87217,mtu_sweep/bcast_n1024_g4_r14_m1048576.cm
1024,4,15,baseline,2048,1,236,0,2048,3,0,3751,3751,mtu_sweep/bcast_n1024_g4_r15_m2048.cm
1024,4,15,mcast,2048,1,236,0,2048,3,0,3413,3413,mtu_sweep/bcast_n1024_g4_r15_m2048.cm
1024,4,15,baseline,4096,1,236,0,4096,3,0,4258,4258,mtu_sweep/bcast_n1024_g4_r15_m4096.cm
1024,4,15,mcast,4096,1,236,0,4096,3,0,3582,3582,mtu_sweep/bcast_n1024_g4_r15_m4096.cm
1024,4,15,baseline,16384,1,236,0,16384,3,0,7299,7299,mtu_sweep/bcast_n1024_g4_r15_m16384.cm
1024,4,15,mcast,16384,1,236,0,16384,3,0,4596,4596,mtu_sweep/bcast_n1024_g4_r15_m16384.cm
1024,4,15,baseline,65536,1,236,0,65536,3,0,19464,19464,mtu_sweep/bcast_n1024_g4_r15_m65536.cm
1024,4,15,mcast,65536,1,236,0,65536,3,0,8651,8651,mtu_sweep/bcast_n1024_g4_r15_m65536.cm
1024,4,15,baseline,262144,1,236,0,262144,3,0,66773,66773,mtu_sweep/bcast_n1024_g4_r15_m262144.cm
1024,4,15,mcast,262144,1,236,0,262144,3,0,24364,24364,mtu_sweep/bcast_n1024_g4_r15_m262144.cm
1024,4,15,baseline,1048576,1,236,0,1048576,3,0,255333,255333,mtu_sweep/bcast_n1024_g4_r15_m1048576.cm
1024,4,15,mcast,1048576,1,236,0,1048576,3,0,87217,87217,mtu_sweep/bcast_n1024_g4_r15_m1048576.cm
1024,4,16,baseline,2048,1,603,0,2048,3,0,3751,3751,mtu_sweep/bcast_n1024_g4_r16_m2048.cm
1024,4,16,mcast,2048,1,603,0,2048,3,0,3413,3413,mtu_sweep/bcast_n1024_g4_r16_m2048.cm
1024,4,16,baseline,4096,1,603,0,4096,3,0,4258,4258,mtu_sweep/bcast_n1024_g4_r16_m4096.cm
1024,4,16,mcast,4096,1,603,0,4096,3,0,3582,3582,mtu_sweep/bcast_n1024_g4_r16_m4096.cm
1024,4,16,baseline,16384,1,603,0,16384,3,0,7299,7299,mtu_sweep/bcast_n1024_g4_r16_m16384.cm
1024,4,16,mcast,16384,1,603,0,16384,3,0,4596,4596,mtu_sweep/bcast_n1024_g4_r16_m16384.cm
1024,4,16,baseline,65536,1,603,0,65536,3,0,19464,19464,mtu_sweep/bcast_n1024_g4_r16_m65536.cm
1024,4,16,mcast,65536,1,603,0,65536,3,0,8651,8651,mtu_sweep/bcast_n1024_g4_r16_m65536.cm
1024,4,16,baseline,262144,1,603,0,262144,3,0,66773,66773,mtu_sweep/bcast_n1024_g4_r16_m262144.cm
1024,4,16,mcast,262144,1,603,0,262144,3,0,24364,24364,mtu_sweep/bcast_n1024_g4_r16_m262144.cm
1024,4,16,baseline,1048576,1,603,0,1048576,3,0,255333,255333,mtu_sweep/bcast_n1024_g4_r16_m1048576.cm
1024,4,16,mcast,1048576,1,603,0,1048576,3,0,87217,87217,mtu_sweep/bcast_n1024_g4_r16_m1048576.cm
1024,4,17,baseline,2048,1,709,0,2048,3,0,3751,3751,mtu_sweep/bcast_n1024_g4_r17_m2048.cm
1024,4,17,mcast,2048,1,709,0,2048,3,0,3413,3413,mtu_sweep/bcast_n1024_g4_r17_m2048.cm
1024,4,17,baseline,4096,1,709,0,4096,3,0,4258,4258,mtu_sweep/bcast_n1024_g4_r17_m4096.cm
1024,4,17,mcast,4096,1,709,0,4096,3,0,3582,3582,mtu_sweep/bcast_n1024_g4_r17_m4096.cm
1024,4,17,baseline,16384,1,709,0,16384,3,0,7299,7299,mtu_sweep/bcast_n1024_g4_r17_m16384.cm
1024,4,17,mcast,16384,1,709,0,16384,3,0,4596,4596,mtu_sweep/bcast_n1024_g4_r17_m16384.cm
1024,4,17,baseline,65536,1,709,0,65536,3,0,19464,19464,mtu_sweep/bcast_n1024_g4_r17_m65536.cm
1024,4,17,mcast,65536,1,709,0,65536,3,0,8651,8651,mtu_sweep/bcast_n1024_g4_r17_m65536.cm
1024,4,17,baseline,262144,1,709,0,262144,3,0,66773,66773,mtu_sweep/bcast_n1024_g4_r17_m262144.cm
1024,4,17,mcast,262144,1,709,0,262144,3,0,24364,24364,mtu_sweep/bcast_n1024_g4_r17_m262144.cm
1024,4,17,baseline,1048576,1,709,0,1048576,3,0,255333,255333,mtu_sweep/bcast_n1024_g4_r17_m1048576.cm
1024,4,17,mcast,1048576,1,709,0,1048576,3,0,87217,87217,mtu_sweep/bcast_n1024_g4_r17_m1048576.cm
1024,4,18,baseline,2048,1,489,0,2048,3,0,3751,3751,mtu_sweep/bcast_n1024_g4_r18_m2048.cm
1024,4,18,mcast,2048,1,489,0,2048,3,0,3413,3413,mtu_sweep/bcast_n1024_g4_r18_m2048.cm
1024,4,18,baseline,4096,1,489,0,4096,3,0,4258,4258,mtu_sweep/bcast_n1024_g4_r18_m4096.cm
1024,4,18,mcast,4096,1,489,0,4096,3,0,3582,3582,mtu_sweep/bcast_n1024_g4_r18_m4096.cm
1024,4,18,baseline,16384,1,489,0,16384,3,0,7299,7299,mtu_sweep/bcast_n1024_g4_r18_m16384.cm
1024,4,18,mcast,16384,1,489,0,16384,3,0,4596,4596,mtu_sweep/bcast_n1024_g4_r18_m16384.cm
1024,4,18,baseline,65536,1,489,0,65536,3,0,19464,19464,mtu_sweep/bcast_n1024_g4_r18_m65536.cm
1024,4,18,mcast,65536,1,489,0,65536,3,0,8651,8651,mtu_sweep/bcast_n1024_g4_r18_m65536.cm
1024,4,18,baseline,262144,1,489,0,262144,3,0,66773,66773,mtu_sweep/bcast_n1024_g4_r18_m262144.cm
1024,4,18,mcast,262144,1,489,0,262144,3,0,24364,24364,mtu_sweep/bcast_n1024_g4_r18_m262144.cm
1024,4,18,baseline,1048576,1,489,0,1048576,3,0,255333,255333,mtu_sweep/bcast_n1024_g4_r18_m1048576.cm
1024,4,18,mcast,1048576,1,489,0,1048576,3,0,87217,87217,mtu_sweep/bcast_n1024_g4_r18_m1048576.cm
1024,4,19,baseline,2048,1,509,0,2048,3,0,3751,3751,mtu_sweep/bcast_n1024_g4_r19_m2048.cm
1024,4,19,mcast,2048,1,509,0,2048,3,0,3413,3413,mtu_sweep/bcast_n1024_g4_r19_m2048.cm
1024,4,19,baseline,4096,1,509,0,4096,3,0,4258,4258,mtu_sweep/bcast_n1024_g4_r19_m4096.cm
1024,4,19,mcast,4096,1,509,0,4096,3,0,3582,3582,mtu_sweep/bcast_n1024_g4_r19_m4096.cm
1024,4,19,baseline,16384,1,509,0,16384,3,0,7299,7299,mtu_sweep/bcast_n1024_g4_r19_m16384.cm
1024,4,19,mcast,16384,1,509,0,16384,3,0,4596,4596,mtu_sweep/bcast_n1024_g4_r19_m16384.cm
1024,4,19,baseline,65536,1,509,0,65536,3,0,19464,19464,mtu_sweep/bcast_n1024_g4_r19_m65536.cm
1024,4,19,mcast,65536,1,509,0,65536,3,0,8651,8651,mtu_sweep/bcast_n1024_g4_r19_m65536.cm
1024,4,19,baseline,262144,1,509,0,262144,3,0,66773,66773,mtu_sweep/bcast_n1024_g4_r19_m262144.cm
1024,4,19,mcast,262144,1,509,0,262144,3,0,24364,24364,mtu_sweep/bcast_n1024_g4_r19_m262144.cm
1024,4,19,baseline,1048576,1,509,0,1048576,3,0,255333,255333,mtu_sweep/bcast_n1024_g4_r19_m1048576.cm
1024,4,19,mcast,1048576,1,509,0,1048576,3,0,87217,87217,mtu_sweep/bcast_n1024_g4_r19_m1048576.cm
1024,4,20,baseline,2048,1,731,0,2048,3,0,3751,3751,mtu_sweep/bcast_n1024_g4_r20_m2048.cm
1024,4,20,mcast,2048,1,731,0,2048,3,0,3413,3413,mtu_sweep/bcast_n1024_g4_r20_m2048.cm
1024,4,20,baseline,4096,1,731,0,4096,3,0,4258,4258,mtu_sweep/bcast_n1024_g4_r20_m4096.cm
1024,4,20,mcast,4096,1,731,0,4096,3,0,3582,3582,mtu_sweep/bcast_n1024_g4_r20_m4096.cm
1024,4,20,baseline,16384,1,731,0,16384,3,0,7299,7299,mtu_sweep/bcast_n1024_g4_r20_m16384.cm
1024,4,20,mcast,16384,1,731,0,16384,3,0,4596,4596,mtu_sweep/bcast_n1024_g4_r20_m16384.cm
1024,4,20,baseline,65536,1,731,0,65536,3,0,19464,19464,mtu_sweep/bcast_n1024_g4_r20_m65536.cm
1024,4,20,mcast,65536,1,731,0,65536,3,0,8651,8651,mtu_sweep/bcast_n1024_g4_r20_m65536.cm
1024,4,20,baseline,262144,1,731,0,262144,3,0,66773,66773,mtu_sweep/bcast_n1024_g4_r20_m262144.cm
1024,4,20,mcast,262144,1,731,0,262144,3,0,24364,24364,mtu_sweep/bcast_n1024_g4_r20_m262144.cm
1024,4,20,baseline,1048576,1,731,0,1048576,3,0,255333,255333,mtu_sweep/bcast_n1024_g4_r20_m1048576.cm
1024,4,20,mcast,1048576,1,731,0,1048576,3,0,87217,87217,mtu_sweep/bcast_n1024_g4_r20_m1048576.cm
1024,4,21,baseline,2048,1,1012,0,2048,3,0,3751,3751,mtu_sweep/bcast_n1024_g4_r21_m2048.cm
1024,4,21,mcast,2048,1,1012,0,2048,3,0,3413,3413,mtu_sweep/bcast_n1024_g4_r21_m2048.cm
1024,4,21,baseline,4096,1,1012,0,4096,3,0,4258,4258,mtu_sweep/bcast_n1024_g4_r21_m4096.cm
1024,4,21,mcast,4096,1,1012,0,4096,3,0,3582,3582,mtu_sweep/bcast_n1024_g4_r21_m4096.cm
1024,4,21,baseline,16384,1,1012,0,16384,3,0,7299,7299,mtu_sweep/bcast_n1024_g4_r21_m16384.cm
1024,4,21,mcast,16384,1,1012,0,16384,3,0,4596,4596,mtu_sweep/bcast_n1024_g4_r21_m16384.cm
1024,4,21,baseline,65536,1,1012,0,65536,3,0,19464,19464,mtu_sweep/bcast_n1024_g4_r21_m65536.cm
1024,4,21,mcast,65536,1,1012,0,65536,3,0,8651,8651,mtu_sweep/bcast_n1024_g4_r21_m65536.cm
1024,4,21,baseline,262144,1,1012,0,262144,3,0,66773,66773,mtu_sweep/bcast_n1024_g4_r21_m262144.cm
1024,4,21,mcast,262144,1,1012,0,262144,3,0,24364,24364,mtu_sweep/bcast_n1024_g4_r21_m262144.cm
1024,4,21,baseline,1048576,1,1012,0,1048576,3,0,255333,255333,mtu_sweep/bcast_n1024_g4_r21_m1048576.cm
1024,4,21,mcast,1048576,1,1012,0,1048576,3,0,87217,87217,mtu_sweep/bcast_n1024_g4_r21_m1048576.cm
1024,4,22,baseline,2048,1,3,0,2048,3,0,3751,3751,mtu_sweep/bcast_n1024_g4_r22_m2048.cm
1024,4,22,mcast,2048,1,3,0,2048,3,0,3413,3413,mtu_sweep/bcast_n1024_g4_r22_m2048.cm
1024,4,22,baseline,4096,1,3,0,4096,3,0,4258,4258,mtu_sweep/bcast_n1024_g4_r22_m4096.cm
1024,4,22,mcast,4096,1,3,0,4096,3,0,3582,3582,mtu_sweep/bcast_n1024_g4_r22_m4096.cm
1024,4,22,baseline,16384,1,3,0,16384,3,0,7299,7299,mtu_sweep/bcast_n1024_g4_r22_m16384.cm
1024,4,22,mcast,16384,1,3,0,16384,3,0,4596,4596,mtu_sweep/bcast_n1024_g4_r22_m16384.cm
1024,4,22,baseline,65536,1,3,0,65536,3,0,19464,19464,mtu_sweep/bcast_n1024_g4_r22_m65536.cm
1024,4,22,mcast,65536,1,3,0,65536,3,0,8651,8651,mtu_sweep/bcast_n1024_g4_r22_m65536.cm
1024,4,22,baseline,262144,1,3,0,262144,3,0,66773,66773,mtu_sweep/bcast_n1024_g4_r22_m262144.cm
1024,4,22,mcast,262144,1,3,0,262144,3,0,24364,24364,mtu_sweep/bcast_n1024_g4_r22_m262144.cm
1024,4,22,baseline,1048576,1,3,0,1048576,3,0,255333,255333,mtu_sweep/bcast_n1024_g4_r22_m1048576.cm
1024,4,22,mcast,1048576,1,3,0,1048576,3,0,87217,87217,mtu_sweep/bcast_n1024_g4_r22_m1048576.cm
1024,4,23,baseline,2048,1,343,0,2048,3,0,3751,3751,mtu_sweep/bcast_n1024_g4_r23_m2048.cm
1024,4,23,mcast,2048,1,343,0,2048,3,0,3413,3413,mtu_sweep/bcast_n1024_g4_r23_m2048.cm
1024,4,23,baseline,4096,1,343,0,4096,3,0,4258,4258,mtu_sweep/bcast_n1024_g4_r23_m4096.cm
1024,4,23,mcast,4096,1,343,0,4096,3,0,3582,3582,mtu_sweep/bcast_n1024_g4_r23_m4096.cm
1024,4,23,baseline,16384,1,343,0,16384,3,0,7299,7299,mtu_sweep/bcast_n1024_g4_r23_m16384.cm
1024,4,23,mcast,16384,1,343,0,16384,3,0,4596,4596,mtu_sweep/bcast_n1024_g4_r23_m16384.cm
1024,4,23,baseline,65536,1,343,0,65536,3,0,19464,19464,mtu_sweep/bcast_n1024_g4_r23_m65536.cm
1024,4,23,mcast,65536,1,343,0,65536,3,0,8651,8651,mtu_sweep/bcast_n1024_g4_r23_m65536.cm
1024,4,23,baseline,262144,1,343,0,262144,3,0,66773,66773,mtu_sweep/bcast_n1024_g4_r23_m262144.cm
1024,4,23,mcast,262144,1,343,0,262144,3,0,24364,24364,mtu_sweep/bcast_n1024_g4_r23_m262144.cm
1024,4,23,baseline,1048576,1,343,0,1048576,3,0,255333,255333,mtu_sweep/bcast_n1024_g4_r23_m1048576.cm
1024,4,23,mcast,1048576,1,343,0,1048576,3,0,87217,87217,mtu_sweep/bcast_n1024_g4_r23_m1048576.cm
1024,4,24,baseline,2048,1,803,0,2048,3,0,3751,3751,mtu_sweep/bcast_n1024_g4_r24_m2048.cm
1024,4,24,mcast,2048,1,803,0,2048,3,0,3413,3413,mtu_sweep/bcast_n1024_g4_r24_m2048.cm
1024,4,24,baseline,4096,1,803,0,4096,3,0,4258,4258,mtu_sweep/bcast_n1024_g4_r24_m4096.cm
1024,4,24,mcast,4096,1,803,0,4096,3,0,3582,3582,mtu_sweep/bcast_n1024_g4_r24_m4096.cm
1024,4,24,baseline,16384,1,803,0,16384,3,0,7299,7299,mtu_sweep/bcast_n1024_g4_r24_m16384.cm
1024,4,24,mcast,16384,1,803,0,16384,3,0,4596,4596,mtu_sweep/bcast_n1024_g4_r24_m16384.cm
1024,4,24,baseline,65536,1,803,0,65536,3,0,19464,19464,mtu_sweep/bcast_n1024_g4_r24_m65536.cm
1024,4,24,mcast,65536,1,803,0,65536,3,0,8651,8651,mtu_sweep/bcast_n1024_g4_r24_m65536.cm
1024,4,24,baseline,262144,1,803,0,262144,3,0,66773,66773,mtu_sweep/bcast_n1024_g4_r24_m262144.cm
1024,4,24,mcast,262144,1,803,0,262144,3,0,24364,24364,mtu_sweep/bcast_n1024_g4_r24_m262144.cm
1024,4,24,baseline,1048576,1,803,0,1048576,3,0,255333,255333,mtu_sweep/bcast_n1024_g4_r24_m1048576.cm
1024,4,24,mcast,1048576,1,803,0,1048576,3,0,87217,87217,mtu_sweep/bcast_n1024_g4_r24_m1048576.cm
1024,4,25,baseline,2048,1,665,0,2048,3,0,3751,3751,mtu_sweep/bcast_n1024_g4_r25_m2048.cm
1024,4,25,mcast,2048,1,665,0,2048,3,0,3413,3413,mtu_sweep/bcast_n1024_g4_r25_m2048.cm
1024,4,25,baseline,4096,1,665,0,4096,3,0,4258,4258,mtu_sweep/bcast_n1024_g4_r25_m4096.cm
1024,4,25,mcast,4096,1,665,0,4096,3,0,3582,3582,mtu_sweep/bcast_n1024_g4_r25_m4096.cm
1024,4,25,baseline,16384,1,665,0,16384,3,0,7299,7299,mtu_sweep/bcast_n1024_g4_r25_m16384.cm
1024,4,25,mcast,16384,1,665,0,16384,3,0,4596,4596,mtu_sweep/bcast_n1024_g4_r25_m16384.cm
1024,4,25,baseline,65536,1,665,0,65536,3,0,19464,19464,mtu_sweep/bcast_n1024_g4_r25_m65536.cm
1024,4,25,mcast,65536,1,665,0,65536,3,0,8651,8651,mtu_sweep/bcast_n1024_g4_r25_m65536.cm
1024,4,25,baseline,262144,1,665,0,262144,3,0,66773,66773,mtu_sweep/bcast_n1024_g4_r25_m262144.cm
1024,4,25,mcast,262144,1,665,0,262144,3,0,24364,24364,mtu_sweep/bcast_n1024_g4_r25_m262144.cm
1024,4,25,baseline,1048576,1,665,0,1048576,3,0,255333,255333,mtu_sweep/bcast_n1024_g4_r25_m1048576.cm
1024,4,25,mcast,1048576,1,665,0,1048576,3,0,87217,87217,mtu_sweep/bcast_n1024_g4_r25_m1048576.cm
1024,4,26,baseline,2048,1,458,0,2048,3,0,3751,3751,mtu_sweep/bcast_n1024_g4_r26_m2048.cm
1024,4,26,mcast,2048,1,458,0,2048,3,0,3413,3413,mtu_sweep/bcast_n1024_g4_r26_m2048.cm
1024,4,26,baseline,4096,1,458,0,4096,3,0,4258,4258,mtu_sweep/bcast_n1024_g4_r26_m4096.cm
1024,4,26,mcast,4096,1,458,0,4096,3,0,3582,3582,mtu_sweep/bcast_n1024_g4_r26_m4096.cm
1024,4,26,baseline,16384,1,458,0,16384,3,0,7299,7299,mtu_sweep/bcast_n1024_g4_r26_m16384.cm
1024,4,26,mcast,16384,1,458,0,16384,3,0,4596,4596,mtu_sweep/bcast_n1024_g4_r26_m16384.cm
1024,4,26,baseline,65536,1,458,0,65536,3,0,19464,19464,mtu_sweep/bcast_n1024_g4_r26_m65536.cm
1024,4,26,mcast,65536,1,458,0,65536,3,0,8651,8651,mtu_sweep/bcast_n1024_g4_r26_m65536.cm
1024,4,26,baseline,262144,1,458,0,262144,3,0,66773,66773,mtu_sweep/bcast_n1024_g4_r26_m262144.cm
1024,4,26,mcast,262144,1,458,0,262144,3,0,24364,24364,mtu_sweep/bcast_n1024_g4_r26_m262144.cm
1024,4,26,baseline,1048576,1,458,0,1048576,3,0,255333,255333,mtu_sweep/bcast_n1024_g4_r26_m1048576.cm
1024,4,26,mcast,1048576,1,458,0,1048576,3,0,87217,87217,mtu_sweep/bcast_n1024_g4_r26_m1048576.cm
1024,4,27,baseline,2048,1,408,0,2048,3,0,3751,3751,mtu_sweep/bcast_n1024_g4_r27_m2048.cm
1024,4,27,mcast,2048,1,408,0,2048,3,0,3413,3413,mtu_sweep/bcast_n1024_g4_r27_m2048.cm
1024,4,27,baseline,4096,1,408,0,4096,3,0,4258,4258,mtu_sweep/bcast_n1024_g4_r27_m4096.cm
1024,4,27,mcast,4096,1,408,0,4096,3,0,3582,3582,mtu_sweep/bcast_n1024_g4_r27_m4096.cm
1024,4,27,baseline,16384,1,408,0,16384,3,0,7299,7299,mtu_sweep/bcast_n1024_g4_r27_m16384.cm
1024,4,27,mcast,16384,1,408,0,16384,3,0,4596,4596,mtu_sweep/bcast_n1024_g4_r27_m16384.cm
1024,4,27,baseline,65536,1,408,0,65536,3,0,19464,19464,mtu_sweep/bcast_n1024_g4_r27_m65536.cm
1024,4,27,mcast,65536,1,408,0,65536,3,0,8651,8651,mtu_sweep/bcast_n1024_g4_r27_m65536.cm
1024,4,27,baseline,262144,1,408,0,262144,3,0,66773,66773,mtu_sweep/bcast_n1024_g4_r27_m262144.cm
1024,4,27,mcast,262144,1,408,0,262144,3,0,24364,24364,mtu_sweep/bcast_n1024_g4_r27_m262144.cm
1024,4,27,baseline,1048576,1,408,0,1048576,3,0,255333,255333,mtu_sweep/bcast_n1024_g4_r27_m1048576.cm
1024,4,27,mcast,1048576,1,408,0,1048576,3,0,87217,87217,mtu_sweep/bcast_n1024_g4_r27_m1048576.cm
1024,4,28,baseline,2048,1,53,0,2048,3,0,3751,3751,mtu_sweep/bcast_n1024_g4_r28_m2048.cm
1024,4,28,mcast,2048,1,53,0,2048,3,0,3413,3413,mtu_sweep/bcast_n1024_g4_r28_m2048.cm
1024,4,28,baseline,4096,1,53,0,4096,3,0,4258,4258,mtu_sweep/bcast_n1024_g4_r28_m4096.cm
1024,4,28,mcast,4096,1,53,0,4096,3,0,3582,3582,mtu_sweep/bcast_n1024_g4_r28_m4096.cm
1024,4,28,baseline,16384,1,53,0,16384,3,0,7299,7299,mtu_sweep/bcast_n1024_g4_r28_m16384.cm
1024,4,28,mcast,16384,1,53,0,16384,3,0,4596,4596,mtu_sweep/bcast_n1024_g4_r28_m16384.cm
1024,4,28,baseline,65536,1,53,0,65536,3,0,19464,19464,mtu_sweep/bcast_n1024_g4_r28_m65536.cm
1024,4,28,mcast,65536,1,53,0,65536,3,0,8651,8651,mtu_sweep/bcast_n1024_g4_r28_m65536.cm
1024,4,28,baseline,262144,1,53,0,262144,3,0,66773,66773,mtu_sweep/bcast_n1024_g4_r28_m262144.cm
1024,4,28,mcast,262144,1,53,0,262144,3,0,24364,24364,mtu_sweep/bcast_n1024_g4_r28_m262144.cm
1024,4,28,baseline,1048576,1,53,0,1048576,3,0,255333,255333,mtu_sweep/bcast_n1024_g4_r28_m1048576.cm
1024,4,28,mcast,1048576,1,53,0,1048576,3,0,87217,87217,mtu_sweep/bcast_n1024_g4_r28_m1048576.cm
1024,4,29,baseline,2048,1,494,0,2048,3,0,3751,3751,mtu_sweep/bcast_n1024_g4_r29_m2048.cm
1024,4,29,mcast,2048,1,494,0,2048,3,0,3413,3413,mtu_sweep/bcast_n1024_g4_r29_m2048.cm
1024,4,29,baseline,4096,1,494,0,4096,3,0,4258,4258,mtu_sweep/bcast_n1024_g4_r29_m4096.cm
1024,4,29,mcast,4096,1,494,0,4096,3,0,3582,3582,mtu_sweep/bcast_n1024_g4_r29_m4096.cm
1024,4,29,baseline,16384,1,494,0,16384,3,0,7299,7299,mtu_sweep/bcast_n1024_g4_r29_m16384.cm
1024,4,29,mcast,16384,1,494,0,16384,3,0,4596,4596,mtu_sweep/bcast_n1024_g4_r29_m16384.cm
1024,4,29,baseline,65536,1,494,0,65536,3,0,19464,19464,mtu_sweep/bcast_n1024_g4_r29_m65536.cm
1024,4,29,mcast,65536,1,494,0,65536,3,0,8651,8651,mtu_sweep/bcast_n1024_g4_r29_m65536.cm
1024,4,29,baseline,262144,1,494,0,262144,3,0,66773,66773,mtu_sweep/bcast_n1024_g4_r29_m262144.cm
1024,4,29,mcast,262144,1,494,0,262144,3,0,24364,24364,mtu_sweep/bcast_n1024_g4_r29_m262144.cm
1024,4,29,baseline,1048576,1,494,0,1048576,3,0,255333,255333,mtu_sweep/bcast_n1024_g4_r29_m1048576.cm
1024,4,29,mcast,1048576,1,494,0,1048576,3,0,87217,87217,mtu_sweep/bcast_n1024_g4_r29_m1048576.cm
1024,16,0,baseline,2048,1,235,0,2048,15,0,5779,5779,mtu_sweep/bcast_n1024_g16_r0_m2048.cm
1024,16,0,mcast,2048,1,235,0,2048,15,0,3413,3413,mtu_sweep/bcast_n1024_g16_r0_m2048.cm
1024,16,0,baseline,4096,1,235,0,4096,15,0,8313,8313,mtu_sweep/bcast_n1024_g16_r0_m4096.cm
1024,16,0,mcast,4096,1,235,0,4096,15,0,3582,3582,mtu_sweep/bcast_n1024_g16_r0_m4096.cm
1024,16,0,baseline,16384,1,235,0,16384,15,0,23520,23520,mtu_sweep/bcast_n1024_g16_r0_m16384.cm
1024,16,0,mcast,16384,1,235,0,16384,15,0,4596,4596,mtu_sweep/bcast_n1024_g16_r0_m16384.cm
1024,16,0,baseline,65536,1,235,0,65536,15,0,84345,84345,mtu_sweep/bcast_n1024_g16_r0_m65536.cm
1024,16,0,mcast,65536,1,235,0,65536,15,0,8651,8651,mtu_sweep/bcast_n1024_g16_r0_m65536.cm
1024,16,0,baseline,262144,1,235,0,262144,15,0,320213,320213,mtu_sweep/bcast_n1024_g16_r0_m262144.cm
1024,16,0,mcast,262144,1,235,0,262144,15,0,24364,24364,mtu_sweep/bcast_n1024_g16_r0_m262144.cm
1024,16,0,baseline,1048576,1,235,0,1048576,15,0,1263010,1263010,mtu_sweep/bcast_n1024_g16_r0_m1048576.cm
1024,16,0,mcast,1048576,1,235,0,1048576,15,0,87217,87217,mtu_sweep/bcast_n1024_g16_r0_m1048576.cm
1024,16,1,baseline,2048,1,180,0,2048,15,0,5779,5779,mtu_sweep/bcast_n1024_g16_r1_m2048.cm
1024,16,1,mcast,2048,1,180,0,2048,15,0,3413,3413,mtu_sweep/bcast_n1024_g16_r1_m2048.cm
1024,16,1,baseline,4096,1,180,0,4096,15,0,8313,8313,mtu_sweep/bcast_n1024_g16_r1_m4096.cm
1024,16,1,mcast,4096,1,180,0,4096,15,0,3582,3582,mtu_sweep/bcast_n1024_g16_r1_m4096.cm
1024,16,1,baseline,16384,1,180,0,16384,15,0,23520,23520,mtu_sweep/bcast_n1024_g16_r1_m16384.cm
1024,16,1,mcast,16384,1,180,0,16384,15,0,4596,4596,mtu_sweep/bcast_n1024_g16_r1_m16384.cm
1024,16,1,baseline,65536,1,180,0,65536,15,0,84345,84345,mtu_sweep/bcast_n1024_g16_r1_m65536.cm
1024,16,1,mcast,65536,1,180,0,65536,15,0,8651,8651,mtu_sweep/bcast_n1024_g16_r1_m65536.cm
1024,16,1,baseline,262144,1,180,0,262144,15,0,320213,320213,mtu_sweep/bcast_n1024_g16_r1_m262144.cm
1024,16,1,mcast,262144,1,180,0,262144,15,0,24364,24364,mtu_sweep/bcast_n1024_g16_r1_m262144.cm
1024,16,1,baseline,1048576,1,180,0,1048576,15,0,1263010,1263010,mtu_sweep/bcast_n1024_g16_r1_m1048576.cm
1024,16,1,mcast,1048576,1,180,0,1048576,15,0,87217,87217,mtu_sweep/bcast_n1024_g16_r1_m1048576.cm
1024,16,2,baseline,2048,1,330,0,2048,15,0,5779,5779,mtu_sweep/bcast_n1024_g16_r2_m2048.cm
1024,16,2,mcast,2048,1,330,0,2048,15,0,3413,3413,mtu_sweep/bcast_n1024_g16_r2_m2048.cm
1024,16,2,baseline,4096,1,330,0,4096,15,0,8313,8313,mtu_sweep/bcast_n1024_g16_r2_m4096.cm
1024,16,2,mcast,4096,1,330,0,4096,15,0,3582,3582,mtu_sweep/bcast_n1024_g16_r2_m4096.cm
1024,16,2,baseline,16384,1,330,0,16384,15,0,23520,23520,mtu_sweep/bcast_n1024_g16_r2_m16384.cm
1024,16,2,mcast,16384,1,330,0,16384,15,0,4596,4596,mtu_sweep/bcast_n1024_g16_r2_m16384.cm
1024,16,2,baseline,65536,1,330,0,65536,15,0,84345,84345,mtu_sweep/bcast_n1024_g16_r2_m65536.cm
1024,16,2,mcast,65536,1,330,0,65536,15,0,8651,8651,mtu_sweep/bcast_n1024_g16_r2_m65536.cm
1024,16,2,baseline,262144,1,330,0,262144,15,0,320213,320213,mtu_sweep/bcast_n1024_g16_r2_m262144.cm
1024,16,2,mcast,262144,1,330,0,262144,15,0,24364,24364,mtu_sweep/bcast_n1024_g16_r2_m262144.cm
1024,16,2,baseline,1048576,1,330,0,1048576,15,0,1263010,1263010,mtu_sweep/bcast_n1024_g16_r2_m1048576.cm
1024,16,2,mcast,1048576,1,330,0,1048576,15,0,87217,87217,mtu_sweep/bcast_n1024_g16_r2_m1048576.cm
1024,16,3,baseline,2048,1,202,0,2048,15,0,5779,5779,mtu_sweep/bcast_n1024_g16_r3_m2048.cm
1024,16,3,mcast,2048,1,202,0,2048,15,0,3413,3413,mtu_sweep/bcast_n1024_g16_r3_m2048.cm
1024,16,3,baseline,4096,1,202,0,4096,15,0,8313,8313,mtu_sweep/bcast_n1024_g16_r3_m4096.cm
1024,16,3,mcast,4096,1,202,0,4096,15,0,3582,3582,mtu_sweep/bcast_n1024_g16_r3_m4096.cm
1024,16,3,baseline,16384,1,202,0,16384,15,0,23520,23520,mtu_sweep/bcast_n1024_g16_r3_m16384.cm
1024,16,3,mcast,16384,1,202,0,16384,15,0,4596,4596,mtu_sweep/bcast_n1024_g16_r3_m16384.cm
1024,16,3,baseline,65536,1,202,0,65536,15,0,84345,84345,mtu_sweep/bcast_n1024_g16_r3_m65536.cm
1024,16,3,mcast,65536,1,202,0,65536,15,0,8651,8651,mtu_sweep/bcast_n1024_g16_r3_m65536.cm
1024,16,3,baseline,262144,1,202,0,262144,15,0,320213,320213,mtu_sweep/bcast_n1024_g16_r3_m262144.cm
1024,16,3,mcast,262144,1,202,0,262144,15,0,24364,24364,mtu_sweep/bcast_n1024_g16_r3_m262144.cm
1024,16,3,baseline,1048576,1,202,0,1048576,15,0,1263010,1263010,mtu_sweep/bcast_n1024_g16_r3_m1048576.cm
1024,16,3,mcast,1048576,1,202,0,1048576,15,0,87217,87217,mtu_sweep/bcast_n1024_g16_r3_m1048576.cm
1024,16,4,baseline,2048,1,543,0,2048,15,0,5779,5779,mtu_sweep/bcast_n1024_g16_r4_m2048.cm
1024,16,4,mcast,2048,1,543,0,2048,15,0,3413,3413,mtu_sweep/bcast_n1024_g16_r4_m2048.cm
1024,16,4,baseline,4096,1,543,0,4096,15,0,8313,8313,mtu_sweep/bcast_n1024_g16_r4_m4096.cm
1024,16,4,mcast,4096,1,543,0,4096,15,0,3582,3582,mtu_sweep/bcast_n1024_g16_r4_m4096.cm
1024,16,4,baseline,16384,1,543,0,16384,15,0,23520,23520,mtu_sweep/bcast_n1024_g16_r4_m16384.cm
1024,16,4,mcast,16384,1,543,0,16384,15,0,4596,4596,mtu_sweep/bcast_n1024_g16_r4_m16384.cm
1024,16,4,baseline,65536,1,543,0,65536,15,0,84345,84345,mtu_sweep/bcast_n1024_g16_r4_m65536.cm
1024,16,4,mcast,65536,1,543,0,65536,15,0,8651,8651,mtu_sweep/bcast_n1024_g16_r4_m65536.cm
1024,16,4,baseline,262144,1,543,0,262144,15,0,320213,320213,mtu_sweep/bcast_n1024_g16_r4_m262144.cm
1024,16,4,mcast,262144,1,543,0,262144,15,0,24364,24364,mtu_sweep/bcast_n1024_g16_r4_m262144.cm
1024,16,4,baseline,1048576,1,543,0,1048576,15,0,1263010,1263010,mtu_sweep/bcast_n1024_g16_r4_m1048576.cm
1024,16,4,mcast,1048576,1,543,0,1048576,15,0,87217,87217,mtu_sweep/bcast_n1024_g16_r4_m1048576.cm
1024,16,5,baseline,2048,1,411,0,2048,15,0,5779,5779,mtu_sweep/bcast_n1024_g16_r5_m2048.cm
1024,16,5,mcast,2048,1,411,0,2048,15,0,3413,3413,mtu_sweep/bcast_n1024_g16_r5_m2048.cm
1024,16,5,baseline,4096,1,411,0,4096,15,0,8313,8313,mtu_sweep/bcast_n1024_g16_r5_m4096.cm
1024,16,5,mcast,4096,1,411,0,4096,15,0,3582,3582,mtu_sweep/bcast_n1024_g16_r5_m4096.cm
1024,16,5,baseline,16384,1,411,0,16384,15,0,23520,23520,mtu_sweep/bcast_n1024_g16_r5_m16384.cm
1024,16,5,mcast,16384,1,411,0,16384,15,0,4596,4596,mtu_sweep/bcast_n1024_g16_r5_m16384.cm
1024,16,5,baseline,65536,1,411,0,65536,15,0,84345,84345,mtu_sweep/bcast_n1024_g16_r5_m65536.cm
1024,16,5,mcast,65536,1,411,0,65536,15,0,8651,8651,mtu_sweep/bcast_n1024_g16_r5_m65536.cm
1024,16,5,baseline,262144,1,411,0,262144,15,0,320213,320213,mtu_sweep/bcast_n1024_g16_r5_m262144.cm
1024,16,5,mcast,262144,1,411,0,262144,15,0,24364,24364,mtu_sweep/bcast_n1024_g16_r5_m262144.cm
1024,16,5,baseline,1048576,1,411,0,1048576,15,0,1263010,1263010,mtu_sweep/bcast_n1024_g16_r5_m1048576.cm
1024,16,5,mcast,1048576,1,411,0,1048576,15,0,87217,87217,mtu_sweep/bcast_n1024_g16_r5_m1048576.cm
1024,16,6,baseline,2048,1,869,0,2048,15,0,5779,5779,mtu_sweep/bcast_n1024_g16_r6_m2048.cm
1024,16,6,mcast,2048,1,869,0,2048,15,0,3413,3413,mtu_sweep/bcast_n1024_g16_r6_m2048.cm
1024,16,6,baseline,4096,1,869,0,4096,15,0,8313,8313,mtu_sweep/bcast_n1024_g16_r6_m4096.cm
1024,16,6,mcast,4096,1,869,0,4096,15,0,3582,3582,mtu_sweep/bcast_n1024_g16_r6_m4096.cm
1024,16,6,baseline,16384,1,869,0,16384,15,0,23520,23520,mtu_sweep/bcast_n1024_g16_r6_m16384.cm
1024,16,6,mcast,16384,1,869,0,16384,15,0,4596,4596,mtu_sweep/bcast_n1024_g16_r6_m16384.cm
1024,16,6,baseline,65536,1,869,0,65536,15,0,84345,84345,mtu_sweep/bcast_n1024_g16_r6_m65536.cm
1024,16,6,mcast,65536,1,869,0,65536,15,0,8651,8651,mtu_sweep/bcast_n1024_g16_r6_m65536.cm
1024,16,6,baseline,262144,1,869,0,262144,15,0,320213,320213,mtu_sweep/bcast_n1024_g16_r6_m262144.cm
1024,16,6,mcast,262144,1,869,0,262144,15,0,24364,24364,mtu_sweep/bcast_n1024_g16_r6_m262144.cm
1024,16,6,baseline,1048576,1,869,0,1048576,15,0,1263010,1263010,mtu_sweep/bcast_n1024_g16_r6_m1048576.cm
1024,16,6,mcast,1048576,1,869,0,1048576,15,0,87217,87217,mtu_sweep/bcast_n1024_g16_r6_m1048576.cm
1024,16,7,baseline,2048,1,884,0,2048,15,0,5779,5779,mtu_sweep/bcast_n1024_g16_r7_m2048.cm
1024,16,7,mcast,2048,1,884,0,2048,15,0,3413,3413,mtu_sweep/bcast_n1024_g16_r7_m2048.cm
1024,16,7,baseline,4096,1,884,0,4096,15,0,8313,8313,mtu_sweep/bcast_n1024_g16_r7_m4096.cm
1024,16,7,mcast,4096,1,884,0,4096,15,0,3582,3582,mtu_sweep/bcast_n1024_g16_r7_m4096.cm
1024,16,7,baseline,16384,1,884,0,16384,15,0,23520,23520,mtu_sweep/bcast_n1024_g16_r7_m16384.cm
1024,16,7,mcast,16384,1,884,0,16384,15,0,4596,4596,mtu_sweep/bcast_n1024_g16_r7_m16384.cm
1024,16,7,baseline,65536,1,884,0,65536,15,0,84345,84345,mtu_sweep/bcast_n1024_g16_r7_m65536.cm
1024,16,7,mcast,65536,1,884,0,65536,15,0,8651,8651,mtu_sweep/bcast_n1024_g16_r7_m65536.cm
1024,16,7,baseline,262144,1,884,0,262144,15,0,320213,320213,mtu_sweep/bcast_n1024_g16_r7_m262144.cm
1024,16,7,mcast,262144,1,884,0,262144,15,0,24364,24364,mtu_sweep/bcast_n1024_g16_r7_m262144.cm
1024,16,7,baseline,1048576,1,884,0,1048576,15,0,1263010,1263010,mtu_sweep/bcast_n1024_g16_r7_m1048576.cm
1024,16,7,mcast,1048576,1,884,0,1048576,15,0,87217,87217,mtu_sweep/bcast_n1024_g16_r7_m1048576.cm
1024,16,8,baseline,2048,1,936,0,2048,15,0,5779,5779,mtu_sweep/bcast_n1024_g16_r8_m2048.cm
1024,16,8,mcast,2048,1,936,0,2048,15,0,3413,3413,mtu_sweep/bcast_n1024_g16_r8_m2048.cm
1024,16,8,baseline,4096,1,936,0,4096,15,0,8313,8313,mtu_sweep/bcast_n1024_g16_r8_m4096.cm
1024,16,8,mcast,4096,1,936,0,4096,15,0,3582,3582,mtu_sweep/bcast_n1024_g16_r8_m4096.cm
1024,16,8,baseline,16384,1,936,0,16384,15,0,23520,23520,mtu_sweep/bcast_n1024_g16_r8_m16384.cm
1024,16,8,mcast,16384,1,936,0,16384,15,0,4596,4596,mtu_sweep/bcast_n1024_g16_r8_m16384.cm
1024,16,8,baseline,65536,1,936,0,65536,15,0,84345,84345,mtu_sweep/bcast_n1024_g16_r8_m65536.cm
1024,16,8,mcast,65536,1,936,0,65536,15,0,8651,8651,mtu_sweep/bcast_n1024_g16_r8_m65536.cm
1024,16,8,baseline,262144,1,936,0,262144,15,0,320213,320213,mtu_sweep/bcast_n1024_g16_r8_m262144.cm
1024,16,8,mcast,262144,1,936,0,262144,15,0,24364,24364,mtu_sweep/bcast_n1024_g16_r8_m262144.cm
1024,16,8,baseline,1048576,1,936,0,1048576,15,0,1263010,1263010,mtu_sweep/bcast_n1024_g16_r8_m1048576.cm
1024,16,8,mcast,1048576,1,936,0,1048576,15,0,87217,87217,mtu_sweep/bcast_n1024_g16_r8_m1048576.cm
1024,16,9,baseline,2048,1,652,0,2048,15,0,5779,5779,mtu_sweep/bcast_n1024_g16_r9_m2048.cm
1024,16,9,mcast,2048,1,652,0,2048,15,0,3413,3413,mtu_sweep/bcast_n1024_g16_r9_m2048.cm
1024,16,9,baseline,4096,1,652,0,4096,15,0,8313,8313,mtu_sweep/bcast_n1024_g16_r9_m4096.cm
1024,16,9,mcast,4096,1,652,0,4096,15,0,3582,3582,mtu_sweep/bcast_n1024_g16_r9_m4096.cm
1024,16,9,baseline,16384,1,652,0,16384,15,0,23520,23520,mtu_sweep/bcast_n1024_g16_r9_m16384.cm
1024,16,9,mcast,16384,1,652,0,16384,15,0,4596,4596,mtu_sweep/bcast_n1024_g16_r9_m16384.cm
1024,16,9,baseline,65536,1,652,0,65536,15,0,84345,84345,mtu_sweep/bcast_n1024_g16_r9_m65536.cm
1024,16,9,mcast,65536,1,652,0,65536,15,0,8651,8651,mtu_sweep/bcast_n1024_g16_r9_m65536.cm
1024,16,9,baseline,262144,1,652,0,262144,15,0,320213,320213,mtu_sweep/bcast_n1024_g16_r9_m262144.cm
1024,16,9,mcast,262144,1,652,0,262144,15,0,24364,24364,mtu_sweep/bcast_n1024_g16_r9_m262144.cm
1024,16,9,baseline,1048576,1,652,0,1048576,15,0,1263010,1263010,mtu_sweep/bcast_n1024_g16_r9_m1048576.cm
1024,16,9,mcast,1048576,1,652,0,1048576,15,0,87217,87217,mtu_sweep/bcast_n1024_g16_r9_m1048576.cm
1024,16,10,baseline,2048,1,730,0,2048,15,0,5779,5779,mtu_sweep/bcast_n1024_g16_r10_m2048.cm
1024,16,10,mcast,2048,1,730,0,2048,15,0,3413,3413,mtu_sweep/bcast_n1024_g16_r10_m2048.cm
1024,16,10,baseline,4096,1,730,0,4096,15,0,8313,8313,mtu_sweep/bcast_n1024_g16_r10_m4096.cm
1024,16,10,mcast,4096,1,730,0,4096,15,0,3582,3582,mtu_sweep/bcast_n1024_g16_r10_m4096.cm
1024,16,10,baseline,16384,1,730,0,16384,15,0,23520,23520,mtu_sweep/bcast_n1024_g16_r10_m16384.cm
1024,16,10,mcast,16384,1,730,0,16384,15,0,4596,4596,mtu_sweep/bcast_n1024_g16_r10_m16384.cm
1024,16,10,baseline,65536,1,730,0,65536,15,0,84345,84345,mtu_sweep/bcast_n1024_g16_r10_m65536.cm
1024,16,10,mcast,65536,1,730,0,65536,15,0,8651,8651,mtu_sweep/bcast_n1024_g16_r10_m65536.cm
1024,16,10,baseline,262144,1,730,0,262144,15,0,320213,320213,mtu_sweep/bcast_n1024_g16_r10_m262144.cm
1024,16,10,mcast,262144,1,730,0,262144,15,0,24364,24364,mtu_sweep/bcast_n1024_g16_r10_m262144.cm
1024,16,10,baseline,1048576,1,730,0,1048576,15,0,1263010,1263010,mtu_sweep/bcast_n1024_g16_r10_m1048576.cm
1024,16,10,mcast,1048576,1,730,0,1048576,15,0,87217,87217,mtu_sweep/bcast_n1024_g16_r10_m1048576.cm
1024,16,11,baseline,2048,1,127,0,2048,15,0,5779,5779,mtu_sweep/bcast_n1024_g16_r11_m2048.cm
1024,16,11,mcast,2048,1,127,0,2048,15,0,3413,3413,mtu_sweep/bcast_n1024_g16_r11_m2048.cm
1024,16,11,baseline,4096,1,127,0,4096,15,0,8313,8313,mtu_sweep/bcast_n1024_g16_r11_m4096.cm
1024,16,11,mcast,4096,1,127,0,4096,15,0,3582,3582,mtu_sweep/bcast_n1024_g16_r11_m4096.cm
1024,16,11,baseline,16384,1,127,0,16384,15,0,23520,23520,mtu_sweep/bcast_n1024_g16_r11_m16384.cm
1024,16,11,mcast,16384,1,127,0,16384,15,0,4596,4596,mtu_sweep/bcast_n1024_g16_r11_m16384.cm
1024,16,11,baseline,65536,1,127,0,65536,15,0,84345,84345,mtu_sweep/bcast_n1024_g16_r11_m65536.cm
1024,16,11,mcast,65536,1,127,0,65536,15,0,8651,8651,mtu_sweep/bcast_n1024_g16_r11_m65536.cm
1024,16,11,baseline,262144,1,127,0,262144,15,0,320213,320213,mtu_sweep/bcast_n1024_g16_r11_m262144.cm
1024,16,11,mcast,262144,1,127,0,262144,15,0,24364,24364,mtu_sweep/bcast_n1024_g16_r11_m262144.cm
1024,16,11,baseline,1048576,1,127,0,1048576,15,0,1263010,1263010,mtu_sweep/bcast_n1024_g16_r11_m1048576.cm
1024,16,11,mcast,1048576,1,127,0,1048576,15,0,87217,87217,mtu_sweep/bcast_n1024_g16_r11_m1048576.cm
1024,16,12,baseline,2048,1,569,0,2048,15,0,5779,5779,mtu_sweep/bcast_n1024_g16_r12_m2048.cm
1024,16,12,mcast,2048,1,569,0,2048,15,0,3413,3413,mtu_sweep/bcast_n1024_g16_r12_m2048.cm
1024,16,12,baseline,4096,1,569,0,4096,15,0,8313,8313,mtu_sweep/bcast_n1024_g16_r12_m4096.cm
1024,16,12,mcast,4096,1,569,0,4096,15,0,3582,3582,mtu_sweep/bcast_n1024_g16_r12_m4096.cm
1024,16,12,baseline,16384,1,569,0,16384,15,0,23520,23520,mtu_sweep/bcast_n1024_g16_r12_m16384.cm
1024,16,12,mcast,16384,1,569,0,16384,15,0,4596,4596,mtu_sweep/bcast_n1024_g16_r12_m16384.cm
1024,16,12,baseline,65536,1,569,0,65536,15,0,84345,84345,mtu_sweep/bcast_n1024_g16_r12_m65536.cm
1024,16,12,mcast,65536,1,569,0,65536,15,0,8651,8651,mtu_sweep/bcast_n1024_g16_r12_m65536.cm
1024,16,12,baseline,262144,1,569,0,262144,15,0,320213,320213,mtu_sweep/bcast_n1024_g16_r12_m262144.cm
1024,16,12,mcast,262144,1,569,0,262144,15,0,24364,24364,mtu_sweep/bcast_n1024_g16_r12_m262144.cm
1024,16,12,baseline,1048576,1,569,0,1048576,15,0,1263010,1263010,mtu_sweep/bcast_n1024_g16_r12_m1048576.cm
1024,16,12,mcast,1048576,1,569,0,1048576,15,0,87217,87217,mtu_sweep/bcast_n1024_g16_r12_m1048576.cm
1024,16,13,baseline,2048,1,964,0,2048,15,0,5779,5779,mtu_sweep/bcast_n1024_g16_r13_m2048.cm
1024,16,13,mcast,2048,1,964,0,2048,15,0,3413,3413,mtu_sweep/bcast_n1024_g16_r13_m2048.cm
1024,16,13,baseline,4096,1,964,0,4096,15,0,8313,8313,mtu_sweep/bcast_n1024_g16_r13_m4096.cm
1024,16,13,mcast,4096,1,964,0,4096,15,0,3582,3582,mtu_sweep/bcast_n1024_g16_r13_m4096.cm
1024,16,13,baseline,16384,1,964,0,16384,15,0,23520,23520,mtu_sweep/bcast_n1024_g16_r13_m16384.cm
1024,16,13,mcast,16384,1,964,0,16384,15,0,4596,4596,mtu_sweep/bcast_n1024_g16_r13_m16384.cm
1024,16,13,baseline,65536,1,964,0,65536,15,0,84345,84345,mtu_sweep/bcast_n1024_g16_r13_m65536.cm
1024,16,13,mcast,65536,1,964,0,65536,15,0,8651,8651,mtu_sweep/bcast_n1024_g16_r13_m65536.cm
1024,16,13,baseline,262144,1,964,0,262144,15,0,320213,320213,mtu_sweep/bcast_n1024_g16_r13_m262144.cm
1024,16,13,mcast,262144,1,964,0,262144,15,0,24364,24364,mtu_sweep/bcast_n1024_g16_r13_m262144.cm
1024,16,13,baseline,1048576,1,964,0,1048576,15,0,1263010,1263010,mtu_sweep/bcast_n1024_g16_r13_m1048576.cm
1024,16,13,mcast,1048576,1,964,0,1048576,15,0,87217,87217,mtu_sweep/bcast_n1024_g16_r13_m1048576.cm
1024,16,14,baseline,2048,1,800,0,2048,15,0,5779,5779,mtu_sweep/bcast_n1024_g16_r14_m2048.cm
1024,16,14,mcast,2048,1,800,0,2048,15,0,3413,3413,mtu_sweep/bcast_n1024_g16_r14_m2048.cm
1024,16,14,baseline,4096,1,800,0,4096,15,0,8313,8313,mtu_sweep/bcast_n1024_g16_r14_m4096.cm
1024,16,14,mcast,4096,1,800,0,4096,15,0,3582,3582,mtu_sweep/bcast_n1024_g16_r14_m4096.cm
1024,16,14,baseline,16384,1,800,0,16384,15,0,23520,23520,mtu_sweep/bcast_n1024_g16_r14_m16384.cm
1024,16,14,mcast,16384,1,800,0,16384,15,0,4596,4596,mtu_sweep/bcast_n1024_g16_r14_m16384.cm
1024,16,14,baseline,65536,1,800,0,65536,15,0,84345,84345,mtu_sweep/bcast_n1024_g16_r14_m65536.cm
1024,16,14,mcast,65536,1,800,0,65536,15,0,8651,8651,mtu_sweep/bcast_n1024_g16_r14_m65536.cm
1024,16,14,baseline,262144,1,800,0,262144,15,0,320213,320213,mtu_sweep/bcast_n1024_g16_r14_m262144.cm
1024,16,14,mcast,262144,1,800,0,262144,15,0,24364,24364,mtu_sweep/bcast_n1024_g16_r14_m262144.cm
1024,16,14,baseline,1048576,1,800,0,1048576,15,0,1263010,1263010,mtu_sweep/bcast_n1024_g16_r14_m1048576.cm
1024,16,14,mcast,1048576,1,800,0,1048576,15,0,87217,87217,mtu_sweep/bcast_n1024_g16_r14_m1048576.cm
1024,16,15,baseline,2048,1,432,0,2048,15,0,5779,5779,mtu_sweep/bcast_n1024_g16_r15_m2048.cm
1024,16,15,mcast,2048,1,432,0,2048,15,0,3413,3413,mtu_sweep/bcast_n1024_g16_r15_m2048.cm
1024,16,15,baseline,4096,1,432,0,4096,15,0,8313,8313,mtu_sweep/bcast_n1024_g16_r15_m4096.cm
1024,16,15,mcast,4096,1,432,0,4096,15,0,3582,3582,mtu_sweep/bcast_n1024_g16_r15_m4096.cm
1024,16,15,baseline,16384,1,432,0,16384,15,0,23520,23520,mtu_sweep/bcast_n1024_g16_r15_m16384.cm
1024,16,15,mcast,16384,1,432,0,16384,15,0,4596,4596,mtu_sweep/bcast_n1024_g16_r15_m16384.cm
1024,16,15,baseline,65536,1,432,0,65536,15,0,84345,84345,mtu_sweep/bcast_n1024_g16_r15_m65536.cm
1024,16,15,mcast,65536,1,432,0,65536,15,0,8651,8651,mtu_sweep/bcast_n1024_g16_r15_m65536.cm
1024,16,15,baseline,262144,1,432,0,262144,15,0,320213,320213,mtu_sweep/bcast_n1024_g16_r15_m262144.cm
1024,16,15,mcast,262144,1,432,0,262144,15,0,24364,24364,mtu_sweep/bcast_n1024_g16_r15_m262144.cm
1024,16,15,baseline,1048576,1,432,0,1048576,15,0,1263010,1263010,mtu_sweep/bcast_n1024_g16_r15_m1048576.cm
1024,16,15,mcast,1048576,1,432,0,1048576,15,0,87217,87217,mtu_sweep/bcast_n1024_g16_r15_m1048576.cm
1024,16,16,baseline,2048,1,920,0,2048,15,0,5779,5779,mtu_sweep/bcast_n1024_g16_r16_m2048.cm
1024,16,16,mcast,2048,1,920,0,2048,15,0,3413,3413,mtu_sweep/bcast_n1024_g16_r16_m2048.cm
1024,16,16,baseline,4096,1,920,0,4096,15,0,8313,8313,mtu_sweep/bcast_n1024_g16_r16_m4096.cm
1024,16,16,mcast,4096,1,920,0,4096,15,0,3582,3582,mtu_sweep/bcast_n1024_g16_r16_m4096.cm
1024,16,16,baseline,16384,1,920,0,16384,15,0,23520,23520,mtu_sweep/bcast_n1024_g16_r16_m16384.cm
1024,16,16,mcast,16384,1,920,0,16384,15,0,4596,4596,mtu_sweep/bcast_n1024_g16_r16_m16384.cm
1024,16,16,baseline,65536,1,920,0,65536,15,0,84345,84345,mtu_sweep/bcast_n1024_g16_r16_m65536.cm
1024,16,16,mcast,65536,1,920,0,65536,15,0,8651,8651,mtu_sweep/bcast_n1024_g16_r16_m65536.cm
1024,16,16,baseline,262144,1,920,0,262144,15,0,320213,320213,mtu_sweep/bcast_n1024_g16_r16_m262144.cm
1024,16,16,mcast,262144,1,920,0,262144,15,0,24364,24364,mtu_sweep/bcast_n1024_g16_r16_m262144.cm
1024,16,16,baseline,1048576,1,920,0,1048576,15,0,1263010,1263010,mtu_sweep/bcast_n1024_g16_r16_m1048576.cm
1024,16,16,mcast,1048576,1,920,0,1048576,15,0,87217,87217,mtu_sweep/bcast_n1024_g16_r16_m1048576.cm
1024,16,17,baseline,2048,1,641,0,2048,15,0,5779,5779,mtu_sweep/bcast_n1024_g16_r17_m2048.cm
1024,16,17,mcast,2048,1,641,0,2048,15,0,3413,3413,mtu_sweep/bcast_n1024_g16_r17_m2048.cm
1024,16,17,baseline,4096,1,641,0,4096,15,0,8313,8313,mtu_sweep/bcast_n1024_g16_r17_m4096.cm
1024,16,17,mcast,4096,1,641,0,4096,15,0,3582,3582,mtu_sweep/bcast_n1024_g16_r17_m4096.cm
1024,16,17,baseline,16384,1,641,0,16384,15,0,23520,23520,mtu_sweep/bcast_n1024_g16_r17_m16384.cm
1024,16,17,mcast,16384,1,641,0,16384,15,0,4596,4596,mtu_sweep/bcast_n1024_g16_r17_m16384.cm
1024,16,17,baseline,65536,1,641,0,65536,15,0,84345,84345,mtu_sweep/bcast_n1024_g16_r17_m65536.cm
1024,16,17,mcast,65536,1,641,0,65536,15,0,8651,8651,mtu_sweep/bcast_n1024_g16_r17_m65536.cm
1024,16,17,baseline,262144,1,641,0,262144,15,0,320213,320213,mtu_sweep/bcast_n1024_g16_r17_m262144.cm
1024,16,17,mcast,262144,1,641,0,262144,15,0,24364,24364,mtu_sweep/bcast_n1024_g16_r17_m262144.cm
1024,16,17,baseline,1048576,1,641,0,1048576,15,0,1263010,1263010,mtu_sweep/bcast_n1024_g16_r17_m1048576.cm
1024,16,17,mcast,1048576,1,641,0,1048576,15,0,87217,87217,mtu_sweep/bcast_n1024_g16_r17_m1048576.cm
1024,16,18,baseline,2048,1,422,0,2048,15,0,5779,5779,mtu_sweep/bcast_n1024_g16_r18_m2048.cm
1024,16,18,mcast,2048,1,422,0,2048,15,0,3413,3413,mtu_sweep/bcast_n1024_g16_r18_m2048.cm
1024,16,18,baseline,4096,1,422,0,4096,15,0,8313,8313,mtu_sweep/bcast_n1024_g16_r18_m4096.cm
1024,16,18,mcast,4096,1,422,0,4096,15,0,3582,3582,mtu_sweep/bcast_n1024_g16_r18_m4096.cm
1024,16,18,baseline,16384,1,422,0,16384,15,0,23520,23520,mtu_sweep/bcast_n1024_g16_r18_m16384.cm
1024,16,18,mcast,16384,1,422,0,16384,15,0,4596,4596,mtu_sweep/bcast_n1024_g16_r18_m16384.cm
1024,16,18,baseline,65536,1,422,0,65536,15,0,84345,84345,mtu_sweep/bcast_n1024_g16_r18_m65536.cm
1024,16,18,mcast,65536,1,422,0,65536,15,0,8651,8651,mtu_sweep/bcast_n1024_g16_r18_m65536.cm
1024,16,18,baseline,262144,1,422,0,262144,15,0,320213,320213,mtu_sweep/bcast_n1024_g16_r18_m262144.cm
1024,16,18,mcast,262144,1,422,0,262144,15,0,24364,24364,mtu_sweep/bcast_n1024_g16_r18_m262144.cm
1024,16,18,baseline,1048576,1,422,0,1048576,15,0,1263010,1263010,mtu_sweep/bcast_n1024_g16_r18_m1048576.cm
1024,16,18,mcast,1048576,1,422,0,1048576,15,0,87217,87217,mtu_sweep/bcast_n1024_g16_r18_m1048576.cm
1024,16,19,baseline,2048,1,318,0,2048,15,0,5779,5779,mtu_sweep/bcast_n1024_g16_r19_m2048.cm
1024,16,19,mcast,2048,1,318,0,2048,15,0,3413,3413,mtu_sweep/bcast_n1024_g16_r19_m2048.cm
1024,16,19,baseline,4096,1,318,0,4096,15,0,8313,8313,mtu_sweep/bcast_n1024_g16_r19_m4096.cm
1024,16,19,mcast,4096,1,318,0,4096,15,0,3582,3582,mtu_sweep/bcast_n1024_g16_r19_m4096.cm
1024,16,19,baseline,16384,1,318,0,16384,15,0,23520,23520,mtu_sweep/bcast_n1024_g16_r19_m16384.cm
1024,16,19,mcast,16384,1,318,0,16384,15,0,4596,4596,mtu_sweep/bcast_n1024_g16_r19_m16384.cm
1024,16,19,baseline,65536,1,318,0,65536,15,0,84345,84345,mtu_sweep/bcast_n1024_g16_r19_m65536.cm
1024,16,19,mcast,65536,1,318,0,65536,15,0,8651,8651,mtu_sweep/bcast_n1024_g16_r19_m65536.cm
1024,16,19,baseline,262144,1,318,0,262144,15,0,320213,320213,mtu_sweep/bcast_n1024_g16_r19_m262144.cm
1024,16,19,mcast,262144,1,318,0,262144,15,0,24364,24364,mtu_sweep/bcast_n1024_g16_r19_m262144.cm
1024,16,19,baseline,1048576,1,318,0,1048576,15,0,1263010,1263010,mtu_sweep/bcast_n1024_g16_r19_m1048576.cm
1024,16,19,mcast,1048576,1,318,0,1048576,15,0,87217,87217,mtu_sweep/bcast_n1024_g16_r19_m1048576.cm
1024,16,20,baseline,2048,1,531,0,2048,15,0,5779,5779,mtu_sweep/bcast_n1024_g16_r20_m2048.cm
1024,16,20,mcast,2048,1,531,0,2048,15,0,3413,3413,mtu_sweep/bcast_n1024_g16_r20_m2048.cm
1024,16,20,baseline,4096,1,531,0,4096,15,0,8313,8313,mtu_sweep/bcast_n1024_g16_r20_m4096.cm
1024,16,20,mcast,4096,1,531,0,4096,15,0,3582,3582,mtu_sweep/bcast_n1024_g16_r20_m4096.cm
1024,16,20,baseline,16384,1,531,0,16384,15,0,23520,23520,mtu_sweep/bcast_n1024_g16_r20_m16384.cm
1024,16,20,mcast,16384,1,531,0,16384,15,0,4596,4596,mtu_sweep/bcast_n1024_g16_r20_m16384.cm
1024,16,20,baseline,65536,1,531,0,65536,15,0,84345,84345,mtu_sweep/bcast_n1024_g16_r20_m65536.cm
1024,16,20,mcast,65536,1,531,0,65536,15,0,8651,8651,mtu_sweep/bcast_n1024_g16_r20_m65536.cm
1024,16,20,baseline,262144,1,531,0,262144,15,0,320213,320213,mtu_sweep/bcast_n1024_g16_r20_m262144.cm
1024,16,20,mcast,262144,1,531,0,262144,15,0,24364,24364,mtu_sweep/bcast_n1024_g16_r20_m262144.cm
1024,16,20,baseline,1048576,1,531,0,1048576,15,0,1263010,1263010,mtu_sweep/bcast_n1024_g16_r20_m1048576.cm
1024,16,20,mcast,1048576,1,531,0,1048576,15,0,87217,87217,mtu_sweep/bcast_n1024_g16_r20_m1048576.cm
1024,16,21,baseline,2048,1,893,0,2048,15,0,5779,5779,mtu_sweep/bcast_n1024_g16_r21_m2048.cm
1024,16,21,mcast,2048,1,893,0,2048,15,0,3413,3413,mtu_sweep/bcast_n1024_g16_r21_m2048.cm
1024,16,21,baseline,4096,1,893,0,4096,15,0,8313,8313,mtu_sweep/bcast_n1024_g16_r21_m4096.cm
1024,16,21,mcast,4096,1,893,0,4096,15,0,3582,3582,mtu_sweep/bcast_n1024_g16_r21_m4096.cm
1024,16,21,baseline,16384,1,893,0,16384,15,0,23520,23520,mtu_sweep/bcast_n1024_g16_r21_m16384.cm
1024,16,21,mcast,16384,1,893,0,16384,15,0,4596,4596,mtu_sweep/bcast_n1024_g16_r21_m16384.cm
1024,16,21,baseline,65536,1,893,0,65536,15,0,84345,84345,mtu_sweep/bcast_n1024_g16_r21_m65536.cm
1024,16,21,mcast,65536,1,893,0,65536,15,0,8651,8651,mtu_sweep/bcast_n1024_g16_r21_m65536.cm
1024,16,21,baseline,262144,1,893,0,262144,15,0,320213,320213,mtu_sweep/bcast_n1024_g16_r21_m262144.cm
1024,16,21,mcast,262144,1,893,0,262144,15,0,24364,24364,mtu_sweep/bcast_n1024_g16_r21_m262144.cm
1024,16,21,baseline,1048576,1,893,0,1048576,15,0,1263010,1263010,mtu_sweep/bcast_n1024_g16_r21_m1048576.cm
1024,16,21,mcast,1048576,1,893,0,1048576,15,0,87217,87217,mtu_sweep/bcast_n1024_g16_r21_m1048576.cm
1024,16,22,baseline,2048,1,663,0,2048,15,0,5779,5779,mtu_sweep/bcast_n1024_g16_r22_m2048.cm
1024,16,22,mcast,2048,1,663,0,2048,15,0,3413,3413,mtu_sweep/bcast_n1024_g16_r22_m2048.cm
1024,16,22,baseline,4096,1,663,0,4096,15,0,8313,8313,mtu_sweep/bcast_n1024_g16_r22_m4096.cm
1024,16,22,mcast,4096,1,663,0,4096,15,0,3582,3582,mtu_sweep/bcast_n1024_g16_r22_m4096.cm
1024,16,22,baseline,16384,1,663,0,16384,15,0,23520,23520,mtu_sweep/bcast_n1024_g16_r22_m16384.cm
1024,16,22,mcast,16384,1,663,0,16384,15,0,4596,4596,mtu_sweep/bcast_n1024_g16_r22_m16384.cm
1024,16,22,baseline,65536,1,663,0,65536,15,0,84345,84345,mtu_sweep/bcast_n1024_g16_r22_m65536.cm
1024,16,22,mcast,65536,1,663,0,65536,15,0,8651,8651,mtu_sweep/bcast_n1024_g16_r22_m65536.cm
1024,16,22,baseline,262144,1,663,0,262144,15,0,320213,320213,mtu_sweep/bcast_n1024_g16_r22_m262144.cm
1024,16,22,mcast,262144,1,663,0,262144,15,0,24364,24364,mtu_sweep/bcast_n1024_g16_r22_m262144.cm
1024,16,22,baseline,1048576,1,663,0,1048576,15,0,1263010,1263010,mtu_sweep/bcast_n1024_g16_r22_m1048576.cm
1024,16,22,mcast,1048576,1,663,0,1048576,15,0,87217,87217,mtu_sweep/bcast_n1024_g16_r22_m1048576.cm
1024,16,23,baseline,2048,1,291,0,2048,15,0,5779,5779,mtu_sweep/bcast_n1024_g16_r23_m2048.cm
1024,16,23,mcast,2048,1,291,0,2048,15,0,3413,3413,mtu_sweep/bcast_n1024_g16_r23_m2048.cm
1024,16,23,baseline,4096,1,291,0,4096,15,0,8313,8313,mtu_sweep/bcast_n1024_g16_r23_m4096.cm
1024,16,23,mcast,4096,1,291,0,4096,15,0,3582,3582,mtu_sweep/bcast_n1024_g16_r23_m4096.cm
1024,16,23,baseline,16384,1,291,0,16384,15,0,23520,23520,mtu_sweep/bcast_n1024_g16_r23_m16384.cm
1024,16,23,mcast,16384,1,291,0,16384,15,0,4596,4596,mtu_sweep/bcast_n1024_g16_r23_m16384.cm
1024,16,23,baseline,65536,1,291,0,65536,15,0,84345,84345,mtu_sweep/bcast_n1024_g16_r23_m65536.cm
1024,16,23,mcast,65536,1,291,0,65536,15,0,8651,8651,mtu_sweep/bcast_n1024_g16_r23_m65536.cm
1024,16,23,baseline,262144,1,291,0,262144,15,0,320213,320213,mtu_sweep/bcast_n1024_g16_r23_m262144.cm
1024,16,23,mcast,262144,1,291,0,262144,15,0,24364,24364,mtu_sweep/bcast_n1024_g16_r23_m262144.cm
1024,16,23,baseline,1048576,1,291,0,1048576,15,0,1263010,1263010,mtu_sweep/bcast_n1024_g16_r23_m1048576.cm
1024,16,23,mcast,1048576,1,291,0,1048576,15,0,87217,87217,mtu_sweep/bcast_n1024_g16_r23_m1048576.cm
1024,16,24,baseline,2048,1,902,0,2048,15,0,5779,5779,mtu_sweep/bcast_n1024_g16_r24_m2048.cm
1024,16,24,mcast,2048,1,902,0,2048,15,0,3413,3413,mtu_sweep/bcast_n1024_g16_r24_m2048.cm
1024,16,24,baseline,4096,1,902,0,4096,15,0,8313,8313,mtu_sweep/bcast_n1024_g16_r24_m4096.cm
1024,16,24,mcast,4096,1,902,0,4096,15,0,3582,3582,mtu_sweep/bcast_n1024_g16_r24_m4096.cm
1024,16,24,baseline,16384,1,902,0,16384,15,0,23520,23520,mtu_sweep/bcast_n1024_g16_r24_m16384.cm
1024,16,24,mcast,16384,1,902,0,16384,15,0,4596,4596,mtu_sweep/bcast_n1024_g16_r24_m16384.cm
1024,16,24,baseline,65536,1,902,0,65536,15,0,84345,84345,mtu_sweep/bcast_n1024_g16_r24_m65536.cm
1024,16,24,mcast,65536,1,902,0,65536,15,0,8651,8651,mtu_sweep/bcast_n1024_g16_r24_m65536.cm
1024,16,24,baseline,262144,1,902,0,262144,15,0,320213,320213,mtu_sweep/bcast_n1024_g16_r24_m262144.cm
1024,16,24,mcast,262144,1,902,0,262144,15,0,24364,24364,mtu_sweep/bcast_n1024_g16_r24_m262144.cm
1024,16,24,baseline,1048576,1,902,0,1048576,15,0,1263010,1263010,mtu_sweep/bcast_n1024_g16_r24_m1048576.cm
1024,16,24,mcast,1048576,1,902,0,1048576,15,0,87217,87217,mtu_sweep/bcast_n1024_g16_r24_m1048576.cm
1024,16,25,baseline,2048,1,930,0,2048,15,0,5779,5779,mtu_sweep/bcast_n1024_g16_r25_m2048.cm
1024,16,25,mcast,2048,1,930,0,2048,15,0,3413,3413,mtu_sweep/bcast_n1024_g16_r25_m2048.cm
1024,16,25,baseline,4096,1,930,0,4096,15,0,8313,8313,mtu_sweep/bcast_n1024_g16_r25_m4096.cm
1024,16,25,mcast,4096,1,930,0,4096,15,0,3582,3582,mtu_sweep/bcast_n1024_g16_r25_m4096.cm
1024,16,25,baseline,16384,1,930,0,16384,15,0,23520,23520,mtu_sweep/bcast_n1024_g16_r25_m16384.cm
1024,16,25,mcast,16384,1,930,0,16384,15,0,4596,4596,mtu_sweep/bcast_n1024_g16_r25_m16384.cm
1024,16,25,baseline,65536,1,930,0,65536,15,0,84345,84345,mtu_sweep/bcast_n1024_g16_r25_m65536.cm
1024,16,25,mcast,65536,1,930,0,65536,15,0,8651,8651,mtu_sweep/bcast_n1024_g16_r25_m65536.cm
1024,16,25,baseline,262144,1,930,0,262144,15,0,320213,320213,mtu_sweep/bcast_n1024_g16_r25_m262144.cm
1024,16,25,mcast,262144,1,930,0,262144,15,0,24364,24364,mtu_sweep/bcast_n1024_g16_r25_m262144.cm
1024,16,25,baseline,1048576,1,930,0,1048576,15,0,1263010,1263010,mtu_sweep/bcast_n1024_g16_r25_m1048576.cm
1024,16,25,mcast,1048576,1,930,0,1048576,15,0,87217,87217,mtu_sweep/bcast_n1024_g16_r25_m1048576.cm
1024,16,26,baseline,2048,1,634,0,2048,15,0,5779,5779,mtu_sweep/bcast_n1024_g16_r26_m2048.cm
1024,16,26,mcast,2048,1,634,0,2048,15,0,3413,3413,mtu_sweep/bcast_n1024_g16_r26_m2048.cm
1024,16,26,baseline,4096,1,634,0,4096,15,0,8313,8313,mtu_sweep/bcast_n1024_g16_r26_m4096.cm
1024,16,26,mcast,4096,1,634,0,4096,15,0,3582,3582,mtu_sweep/bcast_n1024_g16_r26_m4096.cm
1024,16,26,baseline,16384,1,634,0,16384,15,0,23520,23520,mtu_sweep/bcast_n1024_g16_r26_m16384.cm
1024,16,26,mcast,16384,1,634,0,16384,15,0,4596,4596,mtu_sweep/bcast_n1024_g16_r26_m16384.cm
1024,16,26,baseline,65536,1,634,0,65536,15,0,84345,84345,mtu_sweep/bcast_n1024_g16_r26_m65536.cm
1024,16,26,mcast,65536,1,634,0,65536,15,0,8651,8651,mtu_sweep/bcast_n1024_g16_r26_m65536.cm
1024,16,26,baseline,262144,1,634,0,262144,15,0,320213,320213,mtu_sweep/bcast_n1024_g16_r26_m262144.cm
1024,16,26,mcast,262144,1,634,0,262144,15,0,24364,24364,mtu_sweep/bcast_n1024_g16_r26_m262144.cm
1024,16,26,baseline,1048576,1,634,0,1048576,15,0,1263010,1263010,mtu_sweep/bcast_n1024_g16_r26_m1048576.cm
1024,16,26,mcast,1048576,1,634,0,1048576,15,0,87217,87217,mtu_sweep/bcast_n1024_g16_r26_m1048576.cm
1024,16,27,baseline,2048,1,934,0,2048,15,0,5610,5610,mtu_sweep/bcast_n1024_g16_r27_m2048.cm
1024,16,27,mcast,2048,1,934,0,2048,15,0,3413,3413,mtu_sweep/bcast_n1024_g16_r27_m2048.cm
1024,16,27,baseline,4096,1,934,0,4096,15,0,8144,8144,mtu_sweep/bcast_n1024_g16_r27_m4096.cm
1024,16,27,mcast,4096,1,934,0,4096,15,0,3582,3582,mtu_sweep/bcast_n1024_g16_r27_m4096.cm
1024,16,27,baseline,16384,1,934,0,16384,15,0,23351,23351,mtu_sweep/bcast_n1024_g16_r27_m16384.cm
1024,16,27,mcast,16384,1,934,0,16384,15,0,4596,4596,mtu_sweep/bcast_n1024_g16_r27_m16384.cm
1024,16,27,baseline,65536,1,934,0,65536,15,0,84176,84176,mtu_sweep/bcast_n1024_g16_r27_m65536.cm
1024,16,27,mcast,65536,1,934,0,65536,15,0,8651,8651,mtu_sweep/bcast_n1024_g16_r27_m65536.cm
1024,16,27,baseline,262144,1,934,0,262144,15,0,320044,320044,mtu_sweep/bcast_n1024_g16_r27_m262144.cm
1024,16,27,mcast,262144,1,934,0,262144,15,0,24364,24364,mtu_sweep/bcast_n1024_g16_r27_m262144.cm
1024,16,27,baseline,1048576,1,934,0,1048576,15,0,1262841,1262841,mtu_sweep/bcast_n1024_g16_r27_m1048576.cm
1024,16,27,mcast,1048576,1,934,0,1048576,15,0,87217,87217,mtu_sweep/bcast_n1024_g16_r27_m1048576.cm
1024,16,28,baseline,2048,1,529,0,2048,15,0,5779,5779,mtu_sweep/bcast_n1024_g16_r28_m2048.cm
1024,16,28,mcast,2048,1,529,0,2048,15,0,3413,3413,mtu_sweep/bcast_n1024_g16_r28_m2048.cm
1024,16,28,baseline,4096,1,529,0,4096,15,0,8313,8313,mtu_sweep/bcast_n1024_g16_r28_m4096.cm
1024,16,28,mcast,4096,1,529,0,4096,15,0,3582,3582,mtu_sweep/bcast_n1024_g16_r28_m4096.cm
1024,16,28,baseline,16384,1,529,0,16384,15,0,23520,23520,mtu_sweep/bcast_n1024_g16_r28_m16384.cm
1024,16,28,mcast,16384,1,529,0,16384,15,0,4596,4596,mtu_sweep/bcast_n1024_g16_r28_m16384.cm
1024,16,28,baseline,65536,1,529,0,65536,15,0,84345,84345,mtu_sweep/bcast_n1024_g16_r28_m65536.cm
1024,16,28,mcast,65536,1,529,0,65536,15,0,8651,8651,mtu_sweep/bcast_n1024_g16_r28_m65536.cm
1024,16,28,baseline,262144,1,529,0,262144,15,0,320213,320213,mtu_sweep/bcast_n1024_g16_r28_m262144.cm
1024,16,28,mcast,262144,1,529,0,262144,15,0,24364,24364,mtu_sweep/bcast_n1024_g16_r28_m262144.cm
1024,16,28,baseline,1048576,1,529,0,1048576,15,0,1263010,1263010,mtu_sweep/bcast_n1024_g16_r28_m1048576.cm
1024,16,28,mcast,1048576,1,529,0,1048576,15,0,87217,87217,mtu_sweep/bcast_n1024_g16_r28_m1048576.cm
1024,16,29,baseline,2048,1,757,0,2048,15,0,5779,5779,mtu_sweep/bcast_n1024_g16_r29_m2048.cm
1024,16,29,mcast,2048,1,757,0,2048,15,0,3413,3413,mtu_sweep/bcast_n1024_g16_r29_m2048.cm
1024,16,29,baseline,4096,1,757,0,4096,15,0,8313,8313,mtu_sweep/bcast_n1024_g16_r29_m4096.cm
1024,16,29,mcast,4096,1,757,0,4096,15,0,3582,3582,mtu_sweep/bcast_n1024_g16_r29_m4096.cm
1024,16,29,baseline,16384,1,757,0,16384,15,0,23520,23520,mtu_sweep/bcast_n1024_g16_r29_m16384.cm
1024,16,29,mcast,16384,1,757,0,16384,15,0,4596,4596,mtu_sweep/bcast_n1024_g16_r29_m16384.cm
1024,16,29,baseline,65536,1,757,0,65536,15,0,84345,84345,mtu_sweep/bcast_n1024_g16_r29_m65536.cm
1024,16,29,mcast,65536,1,757,0,65536,15,0,8651,8651,mtu_sweep/bcast_n1024_g16_r29_m65536.cm
1024,16,29,baseline,262144,1,757,0,262144,15,0,320213,320213,mtu_sweep/bcast_n1024_g16_r29_m262144.cm
1024,16,29,mcast,262144,1,757,0,262144,15,0,24364,24364,mtu_sweep/bcast_n1024_g16_r29_m262144.cm
1024,16,29,baseline,1048576,1,757,0,1048576,15,0,1263010,1263010,mtu_sweep/bcast_n1024_g16_r29_m1048576.cm
1024,16,29,mcast,1048576,1,757,0,1048576,15,0,87217,87217,mtu_sweep/bcast_n1024_g16_r29_m1048576.cm
1024,64,0,baseline,2048,1,518,0,2048,63,0,13889,13889,mtu_sweep/bcast_n1024_g64_r0_m2048.cm
1024,64,0,mcast,2048,1,518,0,2048,63,0,3413,3413,mtu_sweep/bcast_n1024_g64_r0_m2048.cm
1024,64,0,baseline,4096,1,518,0,4096,63,0,24533,24533,mtu_sweep/bcast_n1024_g64_r0_m4096.cm
1024,64,0,mcast,4096,1,518,0,4096,63,0,3582,3582,mtu_sweep/bcast_n1024_g64_r0_m4096.cm
1024,64,0,baseline,16384,1,518,0,16384,63,0,88400,88400,mtu_sweep/bcast_n1024_g64_r0_m16384.cm
1024,64,0,mcast,16384,1,518,0,16384,63,0,4596,4596,mtu_sweep/bcast_n1024_g64_r0_m16384.cm
1024,64,0,baseline,65536,1,518,0,65536,63,0,343868,343868,mtu_sweep/bcast_n1024_g64_r0_m65536.cm
1024,64,0,mcast,65536,1,518,0,65536,63,0,8651,8651,mtu_sweep/bcast_n1024_g64_r0_m65536.cm
1024,64,0,baseline,262144,1,518,0,262144,63,0,1333973,1333973,mtu_sweep/bcast_n1024_g64_r0_m262144.cm
1024,64,0,mcast,262144,1,518,0,262144,63,0,24364,24364,mtu_sweep/bcast_n1024_g64_r0_m262144.cm
1024,64,0,baseline,1048576,1,518,0,1048576,63,0,5293720,5293720,mtu_sweep/bcast_n1024_g64_r0_m1048576.cm
1024,64,0,mcast,1048576,1,518,0,1048576,63,0,87217,87217,mtu_sweep/bcast_n1024_g64_r0_m1048576.cm
1024,64,1,baseline,2048,1,482,0,2048,63,0,13889,13889,mtu_sweep/bcast_n1024_g64_r1_m2048.cm
1024,64,1,mcast,2048,1,482,0,2048,63,0,3413,3413,mtu_sweep/bcast_n1024_g64_r1_m2048.cm
1024,64,1,baseline,4096,1,482,0,4096,63,0,24533,24533,mtu_sweep/bcast_n1024_g64_r1_m4096.cm
1024,64,1,mcast,4096,1,482,0,4096,63,0,3582,3582,mtu_sweep/bcast_n1024_g64_r1_m4096.cm
1024,64,1,baseline,16384,1,482,0,16384,63,0,88400,88400,mtu_sweep/bcast_n1024_g64_r1_m16384.cm
1024,64,1,mcast,16384,1,482,0,16384,63,0,4596,4596,mtu_sweep/bcast_n1024_g64_r1_m16384.cm
1024,64,1,baseline,65536,1,482,0,65536,63,0,343868,343868,mtu_sweep/bcast_n1024_g64_r1_m65536.cm
1024,64,1,mcast,65536,1,482,0,65536,63,0,8651,8651,mtu_sweep/bcast_n1024_g64_r1_m65536.cm
1024,64,1,baseline,262144,1,482,0,262144,63,0,1333973,1333973,mtu_sweep/bcast_n1024_g64_r1_m262144.cm
1024,64,1,mcast,262144,1,482,0,262144,63,0,24364,24364,mtu_sweep/bcast_n1024_g64_r1_m262144.cm
1024,64,1,baseline,1048576,1,482,0,1048576,63,0,5293720,5293720,mtu_sweep/bcast_n1024_g64_r1_m1048576.cm
1024,64,1,mcast,1048576,1,482,0,1048576,63,0,87217,87217,mtu_sweep/bcast_n1024_g64_r1_m1048576.cm
1024,64,2,baseline,2048,1,333,0,2048,63,0,13889,13889,mtu_sweep/bcast_n1024_g64_r2_m2048.cm
1024,64,2,mcast,2048,1,333,0,2048,63,0,3413,3413,mtu_sweep/bcast_n1024_g64_r2_m2048.cm
1024,64,2,baseline,4096,1,333,0,4096,63,0,24533,24533,mtu_sweep/bcast_n1024_g64_r2_m4096.cm
1024,64,2,mcast,4096,1,333,0,4096,63,0,3582,3582,mtu_sweep/bcast_n1024_g64_r2_m4096.cm
1024,64,2,baseline,16384,1,333,0,16384,63,0,88400,88400,mtu_sweep/bcast_n1024_g64_r2_m16384.cm
1024,64,2,mcast,16384,1,333,0,16384,63,0,4596,4596,mtu_sweep/bcast_n1024_g64_r2_m16384.cm
1024,64,2,baseline,65536,1,333,0,65536,63,0,343868,343868,mtu_sweep/bcast_n1024_g64_r2_m65536.cm
1024,64,2,mcast,65536,1,333,0,65536,63,0,8651,8651,mtu_sweep/bcast_n1024_g64_r2_m65536.cm
1024,64,2,baseline,262144,1,333,0,262144,63,0,1333973,1333973,mtu_sweep/bcast_n1024_g64_r2_m262144.cm
1024,64,2,mcast,262144,1,333,0,262144,63,0,24364,24364,mtu_sweep/bcast_n1024_g64_r2_m262144.cm
1024,64,2,baseline,1048576,1,333,0,1048576,63,0,5293720,5293720,mtu_sweep/bcast_n1024_g64_r2_m1048576.cm
1024,64,2,mcast,1048576,1,333,0,1048576,63,0,87217,87217,mtu_sweep/bcast_n1024_g64_r2_m1048576.cm
1024,64,3,baseline,2048,1,280,0,2048,63,0,13889,13889,mtu_sweep/bcast_n1024_g64_r3_m2048.cm
1024,64,3,mcast,2048,1,280,0,2048,63,0,3413,3413,mtu_sweep/bcast_n1024_g64_r3_m2048.cm
1024,64,3,baseline,4096,1,280,0,4096,63,0,24533,24533,mtu_sweep/bcast_n1024_g64_r3_m4096.cm
1024,64,3,mcast,4096,1,280,0,4096,63,0,3582,3582,mtu_sweep/bcast_n1024_g64_r3_m4096.cm
1024,64,3,baseline,16384,1,280,0,16384,63,0,88400,88400,mtu_sweep/bcast_n1024_g64_r3_m16384.cm
1024,64,3,mcast,16384,1,280,0,16384,63,0,4596,4596,mtu_sweep/bcast_n1024_g64_r3_m16384.cm
1024,64,3,baseline,65536,1,280,0,65536,63,0,343868,343868,mtu_sweep/bcast_n1024_g64_r3_m65536.cm
1024,64,3,mcast,65536,1,280,0,65536,63,0,8651,8651,mtu_sweep/bcast_n1024_g64_r3_m65536.cm
1024,64,3,baseline,262144,1,280,0,262144,63,0,1333973,1333973,mtu_sweep/bcast_n1024_g64_r3_m262144.cm
1024,64,3,mcast,262144,1,280,0,262144,63,0,24364,24364,mtu_sweep/bcast_n1024_g64_r3_m262144.cm
1024,64,3,baseline,1048576,1,280,0,1048576,63,0,5293720,5293720,mtu_sweep/bcast_n1024_g64_r3_m1048576.cm
1024,64,3,mcast,1048576,1,280,0,1048576,63,0,87217,87217,mtu_sweep/bcast_n1024_g64_r3_m1048576.cm
1024,64,4,baseline,2048,1,141,0,2048,63,0,13720,13720,mtu_sweep/bcast_n1024_g64_r4_m2048.cm
1024,64,4,mcast,2048,1,141,0,2048,63,0,3413,3413,mtu_sweep/bcast_n1024_g64_r4_m2048.cm
1024,64,4,baseline,4096,1,141,0,4096,63,0,24364,24364,mtu_sweep/bcast_n1024_g64_r4_m4096.cm
1024,64,4,mcast,4096,1,141,0,4096,63,0,3582,3582,mtu_sweep/bcast_n1024_g64_r4_m4096.cm
1024,64,4,baseline,16384,1,141,0,16384,63,0,88231,88231,mtu_sweep/bcast_n1024_g64_r4_m16384.cm
1024,64,4,mcast,16384,1,141,0,16384,63,0,4596,4596,mtu_sweep/bcast_n1024_g64_r4_m16384.cm
1024,64,4,baseline,65536,1,141,0,65536,63,0,343699,343699,mtu_sweep/bcast_n1024_g64_r4_m65536.cm
1024,64,4,mcast,65536,1,141,0,65536,63,0,8651,8651,mtu_sweep/bcast_n1024_g64_r4_m65536.cm
1024,64,4,baseline,262144,1,141,0,262144,63,0,1333804,1333804,mtu_sweep/bcast_n1024_g64_r4_m262144.cm
1024,64,4,mcast,262144,1,141,0,262144,63,0,24364,24364,mtu_sweep/bcast_n1024_g64_r4_m262144.cm
1024,64,4,baseline,1048576,1,141,0,1048576,63,0,5293551,5293551,mtu_sweep/bcast_n1024_g64_r4_m1048576.cm
1024,64,4,mcast,1048576,1,141,0,1048576,63,0,87217,87217,mtu_sweep/bcast_n1024_g64_r4_m1048576.cm
1024,64,5,baseline,2048,1,302,0,2048,63,0,13889,13889,mtu_sweep/bcast_n1024_g64_r5_m2048.cm
1024,64,5,mcast,2048,1,302,0,2048,63,0,3413,3413,mtu_sweep/bcast_n1024_g64_r5_m2048.cm
1024,64,5,baseline,4096,1,302,0,4096,63,0,24533,24533,mtu_sweep/bcast_n1024_g64_r5_m4096.cm
1024,64,5,mcast,4096,1,302,0,4096,63,0,3582,3582,mtu_sweep/bcast_n1024_g64_r5_m4096.cm
1024,64,5,baseline,16384,1,302,0,16384,63,0,88400,88400,mtu_sweep/bcast_n1024_g64_r5_m16384.cm
1024,64,5,mcast,16384,1,302,0,16384,63,0,4596,4596,mtu_sweep/bcast_n1024_g64_r5_m16384.cm
1024,64,5,baseline,65536,1,302,0,65536,63,0,343868,343868,mtu_sweep/bcast_n1024_g64_r5_m65536.cm
1024,64,5,mcast,65536,1,302,0,65536,63,0,8651,8651,mtu_sweep/bcast_n1024_g64_r5_m65536.cm
1024,64,5,baseline,262144,1,302,0,262144,63,0,1333973,1333973,mtu_sweep/bcast_n1024_g64_r5_m262144.cm
1024,64,5,mcast,262144,1,302,0,262144,63,0,24364,24364,mtu_sweep/bcast_n1024_g64_r5_m262144.cm
1024,64,5,baseline,1048576,1,302,0,1048576,63,0,5293720,5293720,mtu_sweep/bcast_n1024_g64_r5_m1048576.cm
1024,64,5,mcast,1048576,1,302,0,1048576,63,0,87217,87217,mtu_sweep/bcast_n1024_g64_r5_m1048576.cm
1024,64,6,baseline,2048,1,100,0,2048,63,0,13889,13889,mtu_sweep/bcast_n1024_g64_r6_m2048.cm
1024,64,6,mcast,2048,1,100,0,2048,63,0,3413,3413,mtu_sweep/bcast_n1024_g64_r6_m2048.cm
1024,64,6,baseline,4096,1,100,0,4096,63,0,24533,24533,mtu_sweep/bcast_n1024_g64_r6_m4096.cm
1024,64,6,mcast,4096,1,100,0,4096,63,0,3582,3582,mtu_sweep/bcast_n1024_g64_r6_m4096.cm
1024,64,6,baseline,16384,1,100,0,16384,63,0,88400,88400,mtu_sweep/bcast_n1024_g64_r6_m16384.cm
1024,64,6,mcast,16384,1,100,0,16384,63,0,4596,4596,mtu_sweep/bcast_n1024_g64_r6_m16384.cm
1024,64,6,baseline,65536,1,100,0,65536,63,0,343868,343868,mtu_sweep/bcast_n1024_g64_r6_m65536.cm
1024,64,6,mcast,65536,1,100,0,65536,63,0,8651,8651,mtu_sweep/bcast_n1024_g64_r6_m65536.cm
1024,64,6,baseline,262144,1,100,0,262144,63,0,1333973,1333973,mtu_sweep/bcast_n1024_g64_r6_m262144.cm
1024,64,6,mcast,262144,1,100,0,262144,63,0,24364,24364,mtu_sweep/bcast_n1024_g64_r6_m262144.cm
1024,64,6,baseline,1048576,1,100,0,1048576,63,0,5293720,5293720,mtu_sweep/bcast_n1024_g64_r6_m1048576.cm
1024,64,6,mcast,1048576,1,100,0,1048576,63,0,87217,87217,mtu_sweep/bcast_n1024_g64_r6_m1048576.cm
1024,64,7,baseline,2048,1,360,0,2048,63,0,13889,13889,mtu_sweep/bcast_n1024_g64_r7_m2048.cm
1024,64,7,mcast,2048,1,360,0,2048,63,0,3413,3413,mtu_sweep/bcast_n1024_g64_r7_m2048.cm
1024,64,7,baseline,4096,1,360,0,4096,63,0,24533,24533,mtu_sweep/bcast_n1024_g64_r7_m4096.cm
1024,64,7,mcast,4096,1,360,0,4096,63,0,3582,3582,mtu_sweep/bcast_n1024_g64_r7_m4096.cm
1024,64,7,baseline,16384,1,360,0,16384,63,0,88400,88400,mtu_sweep/bcast_n1024_g64_r7_m16384.cm
1024,64,7,mcast,16384,1,360,0,16384,63,0,4596,4596,mtu_sweep/bcast_n1024_g64_r7_m16384.cm
1024,64,7,baseline,65536,1,360,0,65536,63,0,343868,343868,mtu_sweep/bcast_n1024_g64_r7_m65536.cm
1024,64,7,mcast,65536,1,360,0,65536,63,0,8651,8651,mtu_sweep/bcast_n1024_g64_r7_m65536.cm
1024,64,7,baseline,262144,1,360,0,262144,63,0,1333973,1333973,mtu_sweep/bcast_n1024_g64_r7_m262144.cm
1024,64,7,mcast,262144,1,360,0,262144,63,0,24364,24364,mtu_sweep/bcast_n1024_g64_r7_m262144.cm
1024,64,7,baseline,1048576,1,360,0,1048576,63,0,5293720,5293720,mtu_sweep/bcast_n1024_g64_r7_m1048576.cm
1024,64,7,mcast,1048576,1,360,0,1048576,63,0,87217,87217,mtu_sweep/bcast_n1024_g64_r7_m1048576.cm
1024,64,8,baseline,2048,1,357,0,2048,63,0,13889,13889,mtu_sweep/bcast_n1024_g64_r8_m2048.cm
1024,64,8,mcast,2048,1,357,0,2048,63,0,3413,3413,mtu_sweep/bcast_n1024_g64_r8_m2048.cm
1024,64,8,baseline,4096,1,357,0,4096,63,0,24533,24533,mtu_sweep/bcast_n1024_g64_r8_m4096.cm
1024,64,8,mcast,4096,1,357,0,4096,63,0,3582,3582,mtu_sweep/bcast_n1024_g64_r8_m4096.cm
1024,64,8,baseline,16384,1,357,0,16384,63,0,88400,88400,mtu_sweep/bcast_n1024_g64_r8_m16384.cm
1024,64,8,mcast,16384,1,357,0,16384,63,0,4596,4596,mtu_sweep/bcast_n1024_g64_r8_m16384.cm
1024,64,8,baseline,65536,1,357,0,65536,63,0,343868,343868,mtu_sweep/bcast_n1024_g64_r8_m65536.cm
1024,64,8,mcast,65536,1,357,0,65536,63,0,8651,8651,mtu_sweep/bcast_n1024_g64_r8_m65536.cm
1024,64,8,baseline,262144,1,357,0,262144,63,0,1333973,1333973,mtu_sweep/bcast_n1024_g64_r8_m262144.cm
1024,64,8,mcast,262144,1,357,0,262144,63,0,24364,24364,mtu_sweep/bcast_n1024_g64_r8_m262144.cm
1024,64,8,baseline,1048576,1,357,0,1048576,63,0,5293720,5293720,mtu_sweep/bcast_n1024_g64_r8_m1048576.cm
1024,64,8,mcast,1048576,1,357,0,1048576,63,0,87217,87217,mtu_sweep/bcast_n1024_g64_r8_m1048576.cm
1024,64,9,baseline,2048,1,191,0,2048,63,0,13889,13889,mtu_sweep/bcast_n1024_g64_r9_m2048.cm
1024,64,9,mcast,2048,1,191,0,2048,63,0,3413,3413,mtu_sweep/bcast_n1024_g64_r9_m2048.cm
1024,64,9,baseline,4096,1,191,0,4096,63,0,24533,24533,mtu_sweep/bcast_n1024_g64_r9_m4096.cm
1024,64,9,mcast,4096,1,191,0,4096,63,0,3582,3582,mtu_sweep/bcast_n1024_g64_r9_m4096.cm
1024,64,9,baseline,16384,1,191,0,16384,63,0,88400,88400,mtu_sweep/bcast_n1024_g64_r9_m16384.cm
1024,64,9,mcast,16384,1,191,0,16384,63,0,4596,4596,mtu_sweep/bcast_n1024_g64_r9_m16384.cm
1024,64,9,baseline,65536,1,191,0,65536,63,0,343868,343868,mtu_sweep/bcast_n1024_g64_r9_m65536.cm
1024,64,9,mcast,65536,1,191,0,65536,63,0,8651,8651,mtu_sweep/bcast_n1024_g64_r9_m65536.cm
1024,64,9,baseline,262144,1,191,0,262144,63,0,1333973,1333973,mtu_sweep/bcast_n1024_g64_r9_m262144.cm
1024,64,9,mcast,262144,1,191,0,262144,63,0,24364,24364,mtu_sweep/bcast_n1024_g64_r9_m262144.cm
1024,64,9,baseline,1048576,1,191,0,1048576,63,0,5293720,5293720,mtu_sweep/bcast_n1024_g64_r9_m1048576.cm
1024,64,9,mcast,1048576,1,191,0,1048576,63,0,87217,87217,mtu_sweep/bcast_n1024_g64_r9_m1048576.cm
1024,64,10,baseline,2048,1,808,0,2048,63,0,13889,13889,mtu_sweep/bcast_n1024_g64_r10_m2048.cm
1024,64,10,mcast,2048,1,808,0,2048,63,0,3413,3413,mtu_sweep/bcast_n1024_g64_r10_m2048.cm
1024,64,10,baseline,4096,1,808,0,4096,63,0,24533,24533,mtu_sweep/bcast_n1024_g64_r10_m4096.cm
1024,64,10,mcast,4096,1,808,0,4096,63,0,3582,3582,mtu_sweep/bcast_n1024_g64_r10_m4096.cm
1024,64,10,baseline,16384,1,808,0,16384,63,0,88400,88400,mtu_sweep/bcast_n1024_g64_r10_m16384.cm
1024,64,10,mcast,16384,1,808,0,16384,63,0,4596,4596,mtu_sweep/bcast_n1024_g64_r10_m16384.cm
1024,64,10,baseline,65536,1,808,0,65536,63,0,343868,343868,mtu_sweep/bcast_n1024_g64_r10_m65536.cm
1024,64,10,mcast,65536,1,808,0,65536,63,0,8651,8651,mtu_sweep/bcast_n1024_g64_r10_m65536.cm
1024,64,10,baseline,262144,1,808,0,262144,63,0,1333973,1333973,mtu_sweep/bcast_n1024_g64_r10_m262144.cm
1024,64,10,mcast,262144,1,808,0,262144,63,0,24364,24364,mtu_sweep/bcast_n1024_g64_r10_m262144.cm
1024,64,10,baseline,1048576,1,808,0,1048576,63,0,5293720,5293720,mtu_sweep/bcast_n1024_g64_r10_m1048576.cm
1024,64,10,mcast,1048576,1,808,0,1048576,63,0,87217,87217,mtu_sweep/bcast_n1024_g64_r10_m1048576.cm
1024,64,11,baseline,2048,1,343,0,2048,63,0,13720,13720,mtu_sweep/bcast_n1024_g64_r11_m2048.cm
1024,64,11,mcast,2048,1,343,0,2048,63,0,3413,3413,mtu_sweep/bcast_n1024_g64_r11_m2048.cm
1024,64,11,baseline,4096,1,343,0,4096,63,0,24364,24364,mtu_sweep/bcast_n1024_g64_r11_m4096.cm
1024,64,11,mcast,4096,1,343,0,4096,63,0,3582,3582,mtu_sweep/bcast_n1024_g64_r11_m4096.cm
1024,64,11,baseline,16384,1,343,0,16384,63,0,88231,88231,mtu_sweep/bcast_n1024_g64_r11_m16384.cm
1024,64,11,mcast,16384,1,343,0,16384,63,0,4596,4596,mtu_sweep/bcast_n1024_g64_r11_m16384.cm
1024,64,11,baseline,65536,1,343,0,65536,63,0,343699,343699,mtu_sweep/bcast_n1024_g64_r11_m65536.cm
1024,64,11,mcast,65536,1,343,0,65536,63,0,8651,8651,mtu_sweep/bcast_n1024_g64_r11_m65536.cm
1024,64,11,baseline,262144,1,343,0,262144,63,0,1333804,1333804,mtu_sweep/bcast_n1024_g64_r11_m262144.cm
1024,64,11,mcast,262144,1,343,0,262144,63,0,24364,24364,mtu_sweep/bcast_n1024_g64_r11_m262144.cm
1024,64,11,baseline,1048576,1,343,0,1048576,63,0,5293551,5293551,mtu_sweep/bcast_n1024_g64_r11_m1048576.cm
1024,64,11,mcast,1048576,1,343,0,1048576,63,0,87217,87217,mtu_sweep/bcast_n1024_g64_r11_m1048576.cm
1024,64,12,baseline,2048,1,488,0,2048,63,0,13889,13889,mtu_sweep/bcast_n1024_g64_r12_m2048.cm
1024,64,12,mcast,2048,1,488,0,2048,63,0,3413,3413,mtu_sweep/bcast_n1024_g64_r12_m2048.cm
1024,64,12,baseline,4096,1,488,0,4096,63,0,24533,24533,mtu_sweep/bcast_n1024_g64_r12_m4096.cm
1024,64,12,mcast,4096,1,488,0,4096,63,0,3582,3582,mtu_sweep/bcast_n1024_g64_r12_m4096.cm
1024,64,12,baseline,16384,1,488,0,16384,63,0,88400,88400,mtu_sweep/bcast_n1024_g64_r12_m16384.cm
1024,64,12,mcast,16384,1,488,0,16384,63,0,4596,4596,mtu_sweep/bcast_n1024_g64_r12_m16384.cm
1024,64,12,baseline,65536,1,488,0,65536,63,0,343868,343868,mtu_sweep/bcast_n1024_g64_r12_m65536.cm
1024,64,12,mcast,65536,1,488,0,65536,63,0,8651,8651,mtu_sweep/bcast_n1024_g64_r12_m65536.cm
1024,64,12,baseline,262144,1,488,0,262144,63,0,1333973,1333973,mtu_sweep/bcast_n1024_g64_r12_m262144.cm
1024,64,12,mcast,262144,1,488,0,262144,63,0,24364,24364,mtu_sweep/bcast_n1024_g64_r12_m262144.cm
1024,64,12,baseline,1048576,1,488,0,1048576,63,0,5293720,5293720,mtu_sweep/bcast_n1024_g64_r12_m1048576.cm
1024,64,12,mcast,1048576,1,488,0,1048576,63,0,87217,87217,mtu_sweep/bcast_n1024_g64_r12_m1048576.cm
1024,64,13,baseline,2048,1,236,0,2048,63,0,13889,13889,mtu_sweep/bcast_n1024_g64_r13_m2048.cm
1024,64,13,mcast,2048,1,236,0,2048,63,0,3413,3413,mtu_sweep/bcast_n1024_g64_r13_m2048.cm
1024,64,13,baseline,4096,1,236,0,4096,63,0,24533,24533,mtu_sweep/bcast_n1024_g64_r13_m4096.cm
1024,64,13,mcast,4096,1,236,0,4096,63,0,3582,3582,mtu_sweep/bcast_n1024_g64_r13_m4096.cm
1024,64,13,baseline,16384,1,236,0,16384,63,0,88400,88400,mtu_sweep/bcast_n1024_g64_r13_m16384.cm
1024,64,13,mcast,16384,1,236,0,16384,63,0,4596,4596,mtu_sweep/bcast_n1024_g64_r13_m16384.cm
1024,64,13,baseline,65536,1,236,0,65536,63,0,343868,343868,mtu_sweep/bcast_n1024_g64_r13_m65536.cm
1024,64,13,mcast,65536,1,236,0,65536,63,0,8651,8651,mtu_sweep/bcast_n1024_g64_r13_m65536.cm
1024,64,13,baseline,262144,1,236,0,262144,63,0,1333973,1333973,mtu_sweep/bcast_n1024_g64_r13_m262144.cm
1024,64,13,mcast,262144,1,236,0,262144,63,0,24364,24364,mtu_sweep/bcast_n1024_g64_r13_m262144.cm
1024,64,13,baseline,1048576,1,236,0,1048576,63,0,5293720,5293720,mtu_sweep/bcast_n1024_g64_r13_m1048576.cm
1024,64,13,mcast,1048576,1,236,0,1048576,63,0,87217,87217,mtu_sweep/bcast_n1024_g64_r13_m1048576.cm
1024,64,14,baseline,2048,1,563,0,2048,63,0,13889,13889,mtu_sweep/bcast_n1024_g64_r14_m2048.cm
1024,64,14,mcast,2048,1,563,0,2048,63,0,3413,3413,mtu_sweep/bcast_n1024_g64_r14_m2048.cm
1024,64,14,baseline,4096,1,563,0,4096,63,0,24533,24533,mtu_sweep/bcast_n1024_g64_r14_m4096.cm
1024,64,14,mcast,4096,1,563,0,4096,63,0,3582,3582,mtu_sweep/bcast_n1024_g64_r14_m4096.cm
1024,64,14,baseline,16384,1,563,0,16384,63,0,88400,88400,mtu_sweep/bcast_n1024_g64_r14_m16384.cm
1024,64,14,mcast,16384,1,563,0,16384,63,0,4596,4596,mtu_sweep/bcast_n1024_g64_r14_m16384.cm
1024,64,14,baseline,65536,1,563,0,65536,63,0,343868,343868,mtu_sweep/bcast_n1024_g64_r14_m65536.cm
1024,64,14,mcast,65536,1,563,0,65536,63,0,8651,8651,mtu_sweep/bcast_n1024_g64_r14_m65536.cm
1024,64,14,baseline,262144,1,563,0,262144,63,0,1333973,1333973,mtu_sweep/bcast_n1024_g64_r14_m262144.cm
1024,64,14,mcast,262144,1,563,0,262144,63,0,24364,24364,mtu_sweep/bcast_n1024_g64_r14_m262144.cm
1024,64,14,baseline,1048576,1,563,0,1048576,63,0,5293720,5293720,mtu_sweep/bcast_n1024_g64_r14_m1048576.cm
1024,64,14,mcast,1048576,1,563,0,1048576,63,0,87217,87217,mtu_sweep/bcast_n1024_g64_r14_m1048576.cm
1024,64,15,baseline,2048,1,879,0,2048,63,0,13889,13889,mtu_sweep/bcast_n1024_g64_r15_m2048.cm
1024,64,15,mcast,2048,1,879,0,2048,63,0,3413,3413,mtu_sweep/bcast_n1024_g64_r15_m2048.cm
1024,64,15,baseline,4096,1,879,0,4096,63,0,24533,24533,mtu_sweep/bcast_n1024_g64_r15_m4096.cm
1024,64,15,mcast,4096,1,879,0,4096,63,0,3582,3582,mtu_sweep/bcast_n1024_g64_r15_m4096.cm
1024,64,15,baseline,16384,1,879,0,16384,63,0,88400,88400,mtu_sweep/bcast_n1024_g64_r15_m16384.cm
1024,64,15,mcast,16384,1,879,0,16384,63,0,4596,4596,mtu_sweep/bcast_n1024_g64_r15_m16384.cm
1024,64,15,baseline,65536,1,879,0,65536,63,0,343868,343868,mtu_sweep/bcast_n1024_g64_r15_m65536.cm
1024,64,15,mcast,65536,1,879,0,65536,63,0,8651,8651,mtu_sweep/bcast_n1024_g64_r15_m65536.cm
1024,64,15,baseline,262144,1,879,0,262144,63,0,1333973,1333973,mtu_sweep/bcast_n1024_g64_r15_m262144.cm
1024,64,15,mcast,262144,1,879,0,262144,63,0,24364,24364,mtu_sweep/bcast_n1024_g64_r15_m262144.cm
1024,64,15,baseline,1048576,1,879,0,1048576,63,0,5293720,5293720,mtu_sweep/bcast_n1024_g64_r15_m1048576.cm
1024,64,15,mcast,1048576,1,879,0,1048576,63,0,87217,87217,mtu_sweep/bcast_n1024_g64_r15_m1048576.cm
1024,64,16,baseline,2048,1,615,0,2048,63,0,13889,13889,mtu_sweep/bcast_n1024_g64_r16_m2048.cm
1024,64,16,mcast,2048,1,615,0,2048,63,0,3413,3413,mtu_sweep/bcast_n1024_g64_r16_m2048.cm
1024,64,16,baseline,4096,1,615,0,4096,63,0,24533,24533,mtu_sweep/bcast_n1024_g64_r16_m4096.cm
1024,64,16,mcast,4096,1,615,0,4096,63,0,3582,3582,mtu_sweep/bcast_n1024_g64_r16_m4096.cm
1024,64,16,baseline,16384,1,615,0,16384,63,0,88400,88400,mtu_sweep/bcast_n1024_g64_r16_m16384.cm
1024,64,16,mcast,16384,1,615,0,16384,63,0,4596,4596,mtu_sweep/bcast_n1024_g64_r16_m16384.cm
1024,64,16,baseline,65536,1,615,0,65536,63,0,343868,343868,mtu_sweep/bcast_n1024_g64_r16_m65536.cm
1024,64,16,mcast,65536,1,615,0,65536,63,0,8651,8651,mtu_sweep/bcast_n1024_g64_r16_m65536.cm
1024,64,16,baseline,262144,1,615,0,262144,63,0,1333973,1333973,mtu_sweep/bcast_n1024_g64_r16_m262144.cm
1024,64,16,mcast,262144,1,615,0,262144,63,0,24364,24364,mtu_sweep/bcast_n1024_g64_r16_m262144.cm
1024,64,16,baseline,1048576,1,615,0,1048576,63,0,5293720,5293720,mtu_sweep/bcast_n1024_g64_r16_m1048576.cm
1024,64,16,mcast,1048576,1,615,0,1048576,63,0,87217,87217,mtu_sweep/bcast_n1024_g64_r16_m1048576.cm
1024,64,17,baseline,2048,1,706,0,2048,63,0,13889,13889,mtu_sweep/bcast_n1024_g64_r17_m2048.cm
1024,64,17,mcast,2048,1,706,0,2048,63,0,3413,3413,mtu_sweep/bcast_n1024_g64_r17_m2048.cm
1024,64,17,baseline,4096,1,706,0,4096,63,0,24533,24533,mtu_sweep/bcast_n1024_g64_r17_m4096.cm
1024,64,17,mcast,4096,1,706,0,4096,63,0,3582,3582,mtu_sweep/bcast_n1024_g64_r17_m4096.cm
1024,64,17,baseline,16384,1,706,0,16384,63,0,88400,88400,mtu_sweep/bcast_n1024_g64_r17_m16384.cm
1024,64,17,mcast,16384,1,706,0,16384,63,0,4596,4596,mtu_sweep/bcast_n1024_g64_r17_m16384.cm
1024,64,17,baseline,65536,1,706,0,65536,63,0,343868,343868,mtu_sweep/bcast_n1024_g64_r17_m65536.cm
1024,64,17,mcast,65536,1,706,0,65536,63,0,8651,8651,mtu_sweep/bcast_n1024_g64_r17_m65536.cm
1024,64,17,baseline,262144,1,706,0,262144,63,0,1333973,1333973,mtu_sweep/bcast_n1024_g64_r17_m262144.cm
1024,64,17,mcast,262144,1,706,0,262144,63,0,24364,24364,mtu_sweep/bcast_n1024_g64_r17_m262144.cm
1024,64,17,baseline,1048576,1,706,0,1048576,63,0,5293720,5293720,mtu_sweep/bcast_n1024_g64_r17_m1048576.cm
1024,64,17,mcast,1048576,1,706,0,1048576,63,0,87217,87217,mtu_sweep/bcast_n1024_g64_r17_m1048576.cm
1024,64,18,baseline,2048,1,48,0,2048,63,0,13889,13889,mtu_sweep/bcast_n1024_g64_r18_m2048.cm
1024,64,18,mcast,2048,1,48,0,2048,63,0,3413,3413,mtu_sweep/bcast_n1024_g64_r18_m2048.cm
1024,64,18,baseline,4096,1,48,0,4096,63,0,24533,24533,mtu_sweep/bcast_n1024_g64_r18_m4096.cm
1024,64,18,mcast,4096,1,48,0,4096,63,0,3582,3582,mtu_sweep/bcast_n1024_g64_r18_m4096.cm
1024,64,18,baseline,16384,1,48,0,16384,63,0,88400,88400,mtu_sweep/bcast_n1024_g64_r18_m16384.cm
1024,64,18,mcast,16384,1,48,0,16384,63,0,4596,4596,mtu_sweep/bcast_n1024_g64_r18_m16384.cm
1024,64,18,baseline,65536,1,48,0,65536,63,0,343868,343868,mtu_sweep/bcast_n1024_g64_r18_m65536.cm
1024,64,18,mcast,65536,1,48,0,65536,63,0,8651,8651,mtu_sweep/bcast_n1024_g64_r18_m65536.cm
1024,64,18,baseline,262144,1,48,0,262144,63,0,1333973,1333973,mtu_sweep/bcast_n1024_g64_r18_m262144.cm
1024,64,18,mcast,262144,1,48,0,262144,63,0,24364,24364,mtu_sweep/bcast_n1024_g64_r18_m262144.cm
1024,64,18,baseline,1048576,1,48,0,1048576,63,0,5293720,5293720,mtu_sweep/bcast_n1024_g64_r18_m1048576.cm
1024,64,18,mcast,1048576,1,48,0,1048576,63,0,87217,87217,mtu_sweep/bcast_n1024_g64_r18_m1048576.cm
1024,64,19,baseline,2048,1,363,0,2048,63,0,13889,13889,mtu_sweep/bcast_n1024_g64_r19_m2048.cm
1024,64,19,mcast,2048,1,363,0,2048,63,0,3413,3413,mtu_sweep/bcast_n1024_g64_r19_m2048.cm
1024,64,19,baseline,4096,1,363,0,4096,63,0,24533,24533,mtu_sweep/bcast_n1024_g64_r19_m4096.cm
1024,64,19,mcast,4096,1,363,0,4096,63,0,3582,3582,mtu_sweep/bcast_n1024_g64_r19_m4096.cm
1024,64,19,baseline,16384,1,363,0,16384,63,0,88400,88400,mtu_sweep/bcast_n1024_g64_r19_m16384.cm
1024,64,19,mcast,16384,1,363,0,16384,63,0,4596,4596,mtu_sweep/bcast_n1024_g64_r19_m16384.cm
1024,64,19,baseline,65536,1,363,0,65536,63,0,343868,343868,mtu_sweep/bcast_n1024_g64_r19_m65536.cm
1024,64,19,mcast,65536,1,363,0,65536,63,0,8651,8651,mtu_sweep/bcast_n1024_g64_r19_m65536.cm
1024,64,19,baseline,262144,1,363,0,262144,63,0,1333973,1333973,mtu_sweep/bcast_n1024_g64_r19_m262144.cm
1024,64,19,mcast,262144,1,363,0,262144,63,0,24364,24364,mtu_sweep/bcast_n1024_g64_r19_m262144.cm
1024,64,19,baseline,1048576,1,363,0,1048576,63,0,5293720,5293720,mtu_sweep/bcast_n1024_g64_r19_m1048576.cm
1024,64,19,mcast,1048576,1,363,0,1048576,63,0,87217,87217,mtu_sweep/bcast_n1024_g64_r19_m1048576.cm
1024,64,20,baseline,2048,1,367,0,2048,63,0,13889,13889,mtu_sweep/bcast_n1024_g64_r20_m2048.cm
1024,64,20,mcast,2048,1,367,0,2048,63,0,3413,3413,mtu_sweep/bcast_n1024_g64_r20_m2048.cm
1024,64,20,baseline,4096,1,367,0,4096,63,0,24533,24533,mtu_sweep/bcast_n1024_g64_r20_m4096.cm
1024,64,20,mcast,4096,1,367,0,4096,63,0,3582,3582,mtu_sweep/bcast_n1024_g64_r20_m4096.cm
1024,64,20,baseline,16384,1,367,0,16384,63,0,88400,88400,mtu_sweep/bcast_n1024_g64_r20_m16384.cm
1024,64,20,mcast,16384,1,367,0,16384,63,0,4596,4596,mtu_sweep/bcast_n1024_g64_r20_m16384.cm
1024,64,20,baseline,65536,1,367,0,65536,63,0,343868,343868,mtu_sweep/bcast_n1024_g64_r20_m65536.cm
1024,64,20,mcast,65536,1,367,0,65536,63,0,8651,8651,mtu_sweep/bcast_n1024_g64_r20_m65536.cm
1024,64,20,baseline,262144,1,367,0,262144,63,0,1333973,1333973,mtu_sweep/bcast_n1024_g64_r20_m262144.cm
1024,64,20,mcast,262144,1,367,0,262144,63,0,24364,24364,mtu_sweep/bcast_n1024_g64_r20_m262144.cm
1024,64,20,baseline,1048576,1,367,0,1048576,63,0,5293720,5293720,mtu_sweep/bcast_n1024_g64_r20_m1048576.cm
1024,64,20,mcast,1048576,1,367,0,1048576,63,0,87217,87217,mtu_sweep/bcast_n1024_g64_r20_m1048576.cm
1024,64,21,baseline,2048,1,604,0,2048,63,0,13889,13889,mtu_sweep/bcast_n1024_g64_r21_m2048.cm
1024,64,21,mcast,2048,1,604,0,2048,63,0,3413,3413,mtu_sweep/bcast_n1024_g64_r21_m2048.cm
1024,64,21,baseline,4096,1,604,0,4096,63,0,24533,24533,mtu_sweep/bcast_n1024_g64_r21_m4096.cm
1024,64,21,mcast,4096,1,604,0,4096,63,0,3582,3582,mtu_sweep/bcast_n1024_g64_r21_m4096.cm
1024,64,21,baseline,16384,1,604,0,16384,63,0,88400,88400,mtu_sweep/bcast_n1024_g64_r21_m16384.cm
1024,64,21,mcast,16384,1,604,0,16384,63,0,4596,4596,mtu_sweep/bcast_n1024_g64_r21_m16384.cm
1024,64,21,baseline,65536,1,604,0,65536,63,0,343868,343868,mtu_sweep/bcast_n1024_g64_r21_m65536.cm
1024,64,21,mcast,65536,1,604,0,65536,63,0,8651,8651,mtu_sweep/bcast_n1024_g64_r21_m65536.cm
1024,64,21,baseline,262144,1,604,0,262144,63,0,1333973,1333973,mtu_sweep/bcast_n1024_g64_r21_m262144.cm
1024,64,21,mcast,262144,1,604,0,262144,63,0,24364,24364,mtu_sweep/bcast_n1024_g64_r21_m262144.cm
1024,64,21,baseline,1048576,1,604,0,1048576,63,0,5293720,5293720,mtu_sweep/bcast_n1024_g64_r21_m1048576.cm
1024,64,21,mcast,1048576,1,604,0,1048576,63,0,87217,87217,mtu_sweep/bcast_n1024_g64_r21_m1048576.cm
1024,64,22,baseline,2048,1,438,0,2048,63,0,13889,13889,mtu_sweep/bcast_n1024_g64_r22_m2048.cm
1024,64,22,mcast,2048,1,438,0,2048,63,0,3413,3413,mtu_sweep/bcast_n1024_g64_r22_m2048.cm
1024,64,22,baseline,4096,1,438,0,4096,63,0,24533,24533,mtu_sweep/bcast_n1024_g64_r22_m4096.cm
1024,64,22,mcast,4096,1,438,0,4096,63,0,3582,3582,mtu_sweep/bcast_n1024_g64_r22_m4096.cm
1024,64,22,baseline,16384,1,438,0,16384,63,0,88400,88400,mtu_sweep/bcast_n1024_g64_r22_m16384.cm
1024,64,22,mcast,16384,1,438,0,16384,63,0,4596,4596,mtu_sweep/bcast_n1024_g64_r22_m16384.cm
1024,64,22,baseline,65536,1,438,0,65536,63,0,343868,343868,mtu_sweep/bcast_n1024_g64_r22_m65536.cm
1024,64,22,mcast,65536,1,438,0,65536,63,0,8651,8651,mtu_sweep/bcast_n1024_g64_r22_m65536.cm
1024,64,22,baseline,262144,1,438,0,262144,63,0,1333973,1333973,mtu_sweep/bcast_n1024_g64_r22_m262144.cm
1024,64,22,mcast,262144,1,438,0,262144,63,0,24364,24364,mtu_sweep/bcast_n1024_g64_r22_m262144.cm
1024,64,22,baseline,1048576,1,438,0,1048576,63,0,5293720,5293720,mtu_sweep/bcast_n1024_g64_r22_m1048576.cm
1024,64,22,mcast,1048576,1,438,0,1048576,63,0,87217,87217,mtu_sweep/bcast_n1024_g64_r22_m1048576.cm
1024,64,23,baseline,2048,1,69,0,2048,63,0,13889,13889,mtu_sweep/bcast_n1024_g64_r23_m2048.cm
1024,64,23,mcast,2048,1,69,0,2048,63,0,3413,3413,mtu_sweep/bcast_n1024_g64_r23_m2048.cm
1024,64,23,baseline,4096,1,69,0,4096,63,0,24533,24533,mtu_sweep/bcast_n1024_g64_r23_m4096.cm
1024,64,23,mcast,4096,1,69,0,4096,63,0,3582,3582,mtu_sweep/bcast_n1024_g64_r23_m4096.cm
1024,64,23,baseline,16384,1,69,0,16384,63,0,88400,88400,mtu_sweep/bcast_n1024_g64_r23_m16384.cm
1024,64,23,mcast,16384,1,69,0,16384,63,0,4596,4596,mtu_sweep/bcast_n1024_g64_r23_m16384.cm
1024,64,23,baseline,65536,1,69,0,65536,63,0,343868,343868,mtu_sweep/bcast_n1024_g64_r23_m65536.cm
1024,64,23,mcast,65536,1,69,0,65536,63,0,8651,8651,mtu_sweep/bcast_n1024_g64_r23_m65536.cm
1024,64,23,baseline,262144,1,69,0,262144,63,0,1333973,1333973,mtu_sweep/bcast_n1024_g64_r23_m262144.cm
1024,64,23,mcast,262144,1,69,0,262144,63,0,24364,24364,mtu_sweep/bcast_n1024_g64_r23_m262144.cm
1024,64,23,baseline,1048576,1,69,0,1048576,63,0,5293720,5293720,mtu_sweep/bcast_n1024_g64_r23_m1048576.cm
1024,64,23,mcast,1048576,1,69,0,1048576,63,0,87217,87217,mtu_sweep/bcast_n1024_g64_r23_m1048576.cm
1024,64,24,baseline,2048,1,889,0,2048,63,0,13889,13889,mtu_sweep/bcast_n1024_g64_r24_m2048.cm
1024,64,24,mcast,2048,1,889,0,2048,63,0,3413,3413,mtu_sweep/bcast_n1024_g64_r24_m2048.cm
1024,64,24,baseline,4096,1,889,0,4096,63,0,24533,24533,mtu_sweep/bcast_n1024_g64_r24_m4096.cm
1024,64,24,mcast,4096,1,889,0,4096,63,0,3582,3582,mtu_sweep/bcast_n1024_g64_r24_m4096.cm
1024,64,24,baseline,16384,1,889,0,16384,63,0,88400,88400,mtu_sweep/bcast_n1024_g64_r24_m16384.cm
1024,64,24,mcast,16384,1,889,0,16384,63,0,4596,4596,mtu_sweep/bcast_n1024_g64_r24_m16384.cm
1024,64,24,baseline,65536,1,889,0,65536,63,0,343868,343868,mtu_sweep/bcast_n1024_g64_r24_m65536.cm
1024,64,24,mcast,65536,1,889,0,65536,63,0,8651,8651,mtu_sweep/bcast_n1024_g64_r24_m65536.cm
1024,64,24,baseline,262144,1,889,0,262144,63,0,1333973,1333973,mtu_sweep/bcast_n1024_g64_r24_m262144.cm
1024,64,24,mcast,262144,1,889,0,262144,63,0,24364,24364,mtu_sweep/bcast_n1024_g64_r24_m262144.cm
1024,64,24,baseline,1048576,1,889,0,1048576,63,0,5293720,5293720,mtu_sweep/bcast_n1024_g64_r24_m1048576.cm
1024,64,24,mcast,1048576,1,889,0,1048576,63,0,87217,87217,mtu_sweep/bcast_n1024_g64_r24_m1048576.cm
1024,64,25,baseline,2048,1,827,0,2048,63,0,13889,13889,mtu_sweep/bcast_n1024_g64_r25_m2048.cm
1024,64,25,mcast,2048,1,827,0,2048,63,0,3413,3413,mtu_sweep/bcast_n1024_g64_r25_m2048.cm
1024,64,25,baseline,4096,1,827,0,4096,63,0,24533,24533,mtu_sweep/bcast_n1024_g64_r25_m4096.cm
1024,64,25,mcast,4096,1,827,0,4096,63,0,3582,3582,mtu_sweep/bcast_n1024_g64_r25_m4096.cm
1024,64,25,baseline,16384,1,827,0,16384,63,0,88400,88400,mtu_sweep/bcast_n1024_g64_r25_m16384.cm
1024,64,25,mcast,16384,1,827,0,16384,63,0,4596,4596,mtu_sweep/bcast_n1024_g64_r25_m16384.cm
1024,64,25,baseline,65536,1,827,0,65536,63,0,343868,343868,mtu_sweep/bcast_n1024_g64_r25_m65536.cm
1024,64,25,mcast,65536,1,827,0,65536,63,0,8651,8651,mtu_sweep/bcast_n1024_g64_r25_m65536.cm
1024,64,25,baseline,262144,1,827,0,262144,63,0,1333973,1333973,mtu_sweep/bcast_n1024_g64_r25_m262144.cm
1024,64,25,mcast,262144,1,827,0,262144,63,0,24364,24364,mtu_sweep/bcast_n1024_g64_r25_m262144.cm
1024,64,25,baseline,1048576,1,827,0,1048576,63,0,5293720,5293720,mtu_sweep/bcast_n1024_g64_r25_m1048576.cm
1024,64,25,mcast,1048576,1,827,0,1048576,63,0,87217,87217,mtu_sweep/bcast_n1024_g64_r25_m1048576.cm
1024,64,26,baseline,2048,1,856,0,2048,63,0,13889,13889,mtu_sweep/bcast_n1024_g64_r26_m2048.cm
1024,64,26,mcast,2048,1,856,0,2048,63,0,3413,3413,mtu_sweep/bcast_n1024_g64_r26_m2048.cm
1024,64,26,baseline,4096,1,856,0,4096,63,0,24533,24533,mtu_sweep/bcast_n1024_g64_r26_m4096.cm
1024,64,26,mcast,4096,1,856,0,4096,63,0,3582,3582,mtu_sweep/bcast_n1024_g64_r26_m4096.cm
1024,64,26,baseline,16384,1,856,0,16384,63,0,88400,88400,mtu_sweep/bcast_n1024_g64_r26_m16384.cm
1024,64,26,mcast,16384,1,856,0,16384,63,0,4596,4596,mtu_sweep/bcast_n1024_g64_r26_m16384.cm
1024,64,26,baseline,65536,1,856,0,65536,63,0,343868,343868,mtu_sweep/bcast_n1024_g64_r26_m65536.cm
1024,64,26,mcast,65536,1,856,0,65536,63,0,8651,8651,mtu_sweep/bcast_n1024_g64_r26_m65536.cm
1024,64,26,baseline,262144,1,856,0,262144,63,0,1333973,1333973,mtu_sweep/bcast_n1024_g64_r26_m262144.cm
1024,64,26,mcast,262144,1,856,0,262144,63,0,24364,24364,mtu_sweep/bcast_n1024_g64_r26_m262144.cm
1024,64,26,baseline,1048576,1,856,0,1048576,63,0,5293720,5293720,mtu_sweep/bcast_n1024_g64_r26_m1048576.cm
1024,64,26,mcast,1048576,1,856,0,1048576,63,0,87217,87217,mtu_sweep/bcast_n1024_g64_r26_m1048576.cm
1024,64,27,baseline,2048,1,21,0,2048,63,0,13889,13889,mtu_sweep/bcast_n1024_g64_r27_m2048.cm
1024,64,27,mcast,2048,1,21,0,2048,63,0,3413,3413,mtu_sweep/bcast_n1024_g64_r27_m2048.cm
1024,64,27,baseline,4096,1,21,0,4096,63,0,24533,24533,mtu_sweep/bcast_n1024_g64_r27_m4096.cm
1024,64,27,mcast,4096,1,21,0,4096,63,0,3582,3582,mtu_sweep/bcast_n1024_g64_r27_m4096.cm
1024,64,27,baseline,16384,1,21,0,16384,63,0,88400,88400,mtu_sweep/bcast_n1024_g64_r27_m16384.cm
1024,64,27,mcast,16384,1,21,0,16384,63,0,4596,4596,mtu_sweep/bcast_n1024_g64_r27_m16384.cm
1024,64,27,baseline,65536,1,21,0,65536,63,0,343868,343868,mtu_sweep/bcast_n1024_g64_r27_m65536.cm
1024,64,27,mcast,65536,1,21,0,65536,63,0,8651,8651,mtu_sweep/bcast_n1024_g64_r27_m65536.cm
1024,64,27,baseline,262144,1,21,0,262144,63,0,1333973,1333973,mtu_sweep/bcast_n1024_g64_r27_m262144.cm
1024,64,27,mcast,262144,1,21,0,262144,63,0,24364,24364,mtu_sweep/bcast_n1024_g64_r27_m262144.cm
1024,64,27,baseline,1048576,1,21,0,1048576,63,0,5293720,5293720,mtu_sweep/bcast_n1024_g64_r27_m1048576.cm
1024,64,27,mcast,1048576,1,21,0,1048576,63,0,87217,87217,mtu_sweep/bcast_n1024_g64_r27_m1048576.cm
1024,64,28,baseline,2048,1,88,0,2048,63,0,13889,13889,mtu_sweep/bcast_n1024_g64_r28_m2048.cm
1024,64,28,mcast,2048,1,88,0,2048,63,0,3413,3413,mtu_sweep/bcast_n1024_g64_r28_m2048.cm
1024,64,28,baseline,4096,1,88,0,4096,63,0,24533,24533,mtu_sweep/bcast_n1024_g64_r28_m4096.cm
1024,64,28,mcast,4096,1,88,0,4096,63,0,3582,3582,mtu_sweep/bcast_n1024_g64_r28_m4096.cm
1024,64,28,baseline,16384,1,88,0,16384,63,0,88400,88400,mtu_sweep/bcast_n1024_g64_r28_m16384.cm
1024,64,28,mcast,16384,1,88,0,16384,63,0,4596,4596,mtu_sweep/bcast_n1024_g64_r28_m16384.cm
1024,64,28,baseline,65536,1,88,0,65536,63,0,343868,343868,mtu_sweep/bcast_n1024_g64_r28_m65536.cm
1024,64,28,mcast,65536,1,88,0,65536,63,0,8651,8651,mtu_sweep/bcast_n1024_g64_r28_m65536.cm
1024,64,28,baseline,262144,1,88,0,262144,63,0,1333973,1333973,mtu_sweep/bcast_n1024_g64_r28_m262144.cm
1024,64,28,mcast,262144,1,88,0,262144,63,0,24364,24364,mtu_sweep/bcast_n1024_g64_r28_m262144.cm
1024,64,28,baseline,1048576,1,88,0,1048576,63,0,5293720,5293720,mtu_sweep/bcast_n1024_g64_r28_m1048576.cm
1024,64,28,mcast,1048576,1,88,0,1048576,63,0,87217,87217,mtu_sweep/bcast_n1024_g64_r28_m1048576.cm
1024,64,29,baseline,2048,1,847,0,2048,63,0,13889,13889,mtu_sweep/bcast_n1024_g64_r29_m2048.cm
1024,64,29,mcast,2048,1,847,0,2048,63,0,3413,3413,mtu_sweep/bcast_n1024_g64_r29_m2048.cm
1024,64,29,baseline,4096,1,847,0,4096,63,0,24533,24533,mtu_sweep/bcast_n1024_g64_r29_m4096.cm
1024,64,29,mcast,4096,1,847,0,4096,63,0,3582,3582,mtu_sweep/bcast_n1024_g64_r29_m4096.cm
1024,64,29,baseline,16384,1,847,0,16384,63,0,88400,88400,mtu_sweep/bcast_n1024_g64_r29_m16384.cm
1024,64,29,mcast,16384,1,847,0,16384,63,0,4596,4596,mtu_sweep/bcast_n1024_g64_r29_m16384.cm
1024,64,29,baseline,65536,1,847,0,65536,63,0,343868,343868,mtu_sweep/bcast_n1024_g64_r29_m65536.cm
1024,64,29,mcast,65536,1,847,0,65536,63,0,8651,8651,mtu_sweep/bcast_n1024_g64_r29_m65536.cm
1024,64,29,baseline,262144,1,847,0,262144,63,0,1333973,1333973,mtu_sweep/bcast_n1024_g64_r29_m262144.cm
1024,64,29,mcast,262144,1,847,0,262144,63,0,24364,24364,mtu_sweep/bcast_n1024_g64_r29_m262144.cm
1024,64,29,baseline,1048576,1,847,0,1048576,63,0,5293720,5293720,mtu_sweep/bcast_n1024_g64_r29_m1048576.cm
1024,64,29,mcast,1048576,1,847,0,1048576,63,0,87217,87217,mtu_sweep/bcast_n1024_g64_r29_m1048576.cm
