topology_class,su_topo,collective,baseline_algo,group_size,msg_bytes,size_mult,crosses_inc,crosses_baseline,bytes_inc,bytes_baseline,ratio_crosses,ratio_bytes,analytic_ratio,inc_makespan_ns,base_makespan_ns,drops,inc_status,base_status,so_topo,nodes,gpus_per_node,mtu,intranode_linkspeed_mbps,engine,command
single_switch,scaleup_single_switch_64_4000Gbps.topo,allgather,ring,2,8192,1,4,8,16640,16896,2.0000,1.0154,1.0000,516,918,0,ok,ok,tree16_bw200Gbps.topo,2,64,4160,4000000,pcm-sdk,/workspace/sim/pcm-sdk_zhiyi/pcm/build/bin/htsim_flow_app_atlahs -goal /tmp/scaleup_coll_footprint/inc_single_switch_allgather_2_1.bin -nodes 2 -num_gpus_per_node 64 -topo /workspace/simulation-scripts/topo_files/tree16_bw200Gbps.topo -intranode_topo /workspace/simulation-scripts/topo_files/scaleup_single_switch_64_4000Gbps.topo -intranode_linkspeed 4000000 -end 100000000 -sender_cc_only -intranode_queue_type lossless_input -link_crosses_csv /tmp/lc_96o0xs2v.csv -mtu 4160 -groups /tmp/scaleup_coll_footprint/inc_single_switch_allgather_2_1.groups
single_switch,scaleup_single_switch_64_4000Gbps.topo,allgather,rdouble,2,8192,1,4,8,16640,16896,2.0000,1.0154,1.0000,516,918,0,ok,ok,tree16_bw200Gbps.topo,2,64,4160,4000000,pcm-sdk,/workspace/sim/pcm-sdk_zhiyi/pcm/build/bin/htsim_flow_app_atlahs -goal /tmp/scaleup_coll_footprint/inc_single_switch_allgather_2_1.bin -nodes 2 -num_gpus_per_node 64 -topo /workspace/simulation-scripts/topo_files/tree16_bw200Gbps.topo -intranode_topo /workspace/simulation-scripts/topo_files/scaleup_single_switch_64_4000Gbps.topo -intranode_linkspeed 4000000 -end 100000000 -sender_cc_only -intranode_queue_type lossless_input -link_crosses_csv /tmp/lc_96o0xs2v.csv -mtu 4160 -groups /tmp/scaleup_coll_footprint/inc_single_switch_allgather_2_1.groups
single_switch,scaleup_single_switch_64_4000Gbps.topo,allreduce,ring,2,8192,1,8,16,33280,33792,2.0000,1.0154,,524,1737,0,ok,ok,tree16_bw200Gbps.topo,2,64,4160,4000000,pcm-sdk,/workspace/sim/pcm-sdk_zhiyi/pcm/build/bin/htsim_flow_app_atlahs -goal /tmp/scaleup_coll_footprint/inc_single_switch_allreduce_2_1.bin -nodes 2 -num_gpus_per_node 64 -topo /workspace/simulation-scripts/topo_files/tree16_bw200Gbps.topo -intranode_topo /workspace/simulation-scripts/topo_files/scaleup_single_switch_64_4000Gbps.topo -intranode_linkspeed 4000000 -end 100000000 -sender_cc_only -intranode_queue_type lossless_input -link_crosses_csv /tmp/lc_5rmfmsii.csv -mtu 4160 -groups /tmp/scaleup_coll_footprint/inc_single_switch_allreduce_2_1.groups
single_switch,scaleup_single_switch_64_4000Gbps.topo,allreduce,rdouble,2,8192,1,8,16,33280,33792,2.0000,1.0154,,524,1737,0,ok,ok,tree16_bw200Gbps.topo,2,64,4160,4000000,pcm-sdk,/workspace/sim/pcm-sdk_zhiyi/pcm/build/bin/htsim_flow_app_atlahs -goal /tmp/scaleup_coll_footprint/inc_single_switch_allreduce_2_1.bin -nodes 2 -num_gpus_per_node 64 -topo /workspace/simulation-scripts/topo_files/tree16_bw200Gbps.topo -intranode_topo /workspace/simulation-scripts/topo_files/scaleup_single_switch_64_4000Gbps.topo -intranode_linkspeed 4000000 -end 100000000 -sender_cc_only -intranode_queue_type lossless_input -link_crosses_csv /tmp/lc_5rmfmsii.csv -mtu 4160 -groups /tmp/scaleup_coll_footprint/inc_single_switch_allreduce_2_1.groups
single_switch,scaleup_single_switch_64_4000Gbps.topo,reduce_scatter,ring,2,8192,1,4,8,16640,16896,2.0000,1.0154,,516,918,0,ok,ok,tree16_bw200Gbps.topo,2,64,4160,4000000,pcm-sdk,/workspace/sim/pcm-sdk_zhiyi/pcm/build/bin/htsim_flow_app_atlahs -goal /tmp/scaleup_coll_footprint/inc_single_switch_reduce_scatter_2_1.bin -nodes 2 -num_gpus_per_node 64 -topo /workspace/simulation-scripts/topo_files/tree16_bw200Gbps.topo -intranode_topo /workspace/simulation-scripts/topo_files/scaleup_single_switch_64_4000Gbps.topo -intranode_linkspeed 4000000 -end 100000000 -sender_cc_only -intranode_queue_type lossless_input -link_crosses_csv /tmp/lc_q35g8or4.csv -mtu 4160 -groups /tmp/scaleup_coll_footprint/inc_single_switch_reduce_scatter_2_1.groups
single_switch,scaleup_single_switch_64_4000Gbps.topo,reduce_scatter,rdouble,2,8192,1,4,8,16640,16896,2.0000,1.0154,,516,918,0,ok,ok,tree16_bw200Gbps.topo,2,64,4160,4000000,pcm-sdk,/workspace/sim/pcm-sdk_zhiyi/pcm/build/bin/htsim_flow_app_atlahs -goal /tmp/scaleup_coll_footprint/inc_single_switch_reduce_scatter_2_1.bin -nodes 2 -num_gpus_per_node 64 -topo /workspace/simulation-scripts/topo_files/tree16_bw200Gbps.topo -intranode_topo /workspace/simulation-scripts/topo_files/scaleup_single_switch_64_4000Gbps.topo -intranode_linkspeed 4000000 -end 100000000 -sender_cc_only -intranode_queue_type lossless_input -link_crosses_csv /tmp/lc_q35g8or4.csv -mtu 4160 -groups /tmp/scaleup_coll_footprint/inc_single_switch_reduce_scatter_2_1.groups
single_switch,scaleup_single_switch_64_4000Gbps.topo,bcast,ring,2,8192,1,4,8,16640,16896,2.0000,1.0154,,524,934,0,ok,ok,tree16_bw200Gbps.topo,2,64,4160,4000000,pcm-sdk,/workspace/sim/pcm-sdk_zhiyi/pcm/build/bin/htsim_flow_app_atlahs -goal /tmp/scaleup_coll_footprint/inc_single_switch_bcast_2_1.bin -nodes 2 -num_gpus_per_node 64 -topo /workspace/simulation-scripts/topo_files/tree16_bw200Gbps.topo -intranode_topo /workspace/simulation-scripts/topo_files/scaleup_single_switch_64_4000Gbps.topo -intranode_linkspeed 4000000 -end 100000000 -sender_cc_only -intranode_queue_type lossless_input -link_crosses_csv /tmp/lc_kcg_aa9q.csv -mtu 4160 -groups /tmp/scaleup_coll_footprint/inc_single_switch_bcast_2_1.groups
single_switch,scaleup_single_switch_64_4000Gbps.topo,reduce,ring,2,8192,1,4,8,16640,16896,2.0000,1.0154,,524,934,0,ok,ok,tree16_bw200Gbps.topo,2,64,4160,4000000,pcm-sdk,/workspace/sim/pcm-sdk_zhiyi/pcm/build/bin/htsim_flow_app_atlahs -goal /tmp/scaleup_coll_footprint/inc_single_switch_reduce_2_1.bin -nodes 2 -num_gpus_per_node 64 -topo /workspace/simulation-scripts/topo_files/tree16_bw200Gbps.topo -intranode_topo /workspace/simulation-scripts/topo_files/scaleup_single_switch_64_4000Gbps.topo -intranode_linkspeed 4000000 -end 100000000 -sender_cc_only -intranode_queue_type lossless_input -link_crosses_csv /tmp/lc_mnxyx4hp.csv -mtu 4160 -groups /tmp/scaleup_coll_footprint/inc_single_switch_reduce_2_1.groups
single_switch,scaleup_single_switch_64_4000Gbps.topo,allgather,ring,4,16384,1,16,48,66560,101376,3.0000,1.5231,1.5000,533,2556,0,ok,ok,tree16_bw200Gbps.topo,2,64,4160,4000000,pcm-sdk,/workspace/sim/pcm-sdk_zhiyi/pcm/build/bin/htsim_flow_app_atlahs -goal /tmp/scaleup_coll_footprint/inc_single_switch_allgather_4_1.bin -nodes 2 -num_gpus_per_node 64 -topo /workspace/simulation-scripts/topo_files/tree16_bw200Gbps.topo -intranode_topo /workspace/simulation-scripts/topo_files/scaleup_single_switch_64_4000Gbps.topo -intranode_linkspeed 4000000 -end 100000000 -sender_cc_only -intranode_queue_type lossless_input -link_crosses_csv /tmp/lc_lpm_87bq.csv -mtu 4160 -groups /tmp/scaleup_coll_footprint/inc_single_switch_allgather_4_1.groups
single_switch,scaleup_single_switch_64_4000Gbps.topo,allgather,rdouble,4,16384,1,16,48,66560,101376,3.0000,1.5231,1.5000,533,1746,0,ok,ok,tree16_bw200Gbps.topo,2,64,4160,4000000,pcm-sdk,/workspace/sim/pcm-sdk_zhiyi/pcm/build/bin/htsim_flow_app_atlahs -goal /tmp/scaleup_coll_footprint/inc_single_switch_allgather_4_1.bin -nodes 2 -num_gpus_per_node 64 -topo /workspace/simulation-scripts/topo_files/tree16_bw200Gbps.topo -intranode_topo /workspace/simulation-scripts/topo_files/scaleup_single_switch_64_4000Gbps.topo -intranode_linkspeed 4000000 -end 100000000 -sender_cc_only -intranode_queue_type lossless_input -link_crosses_csv /tmp/lc_lpm_87bq.csv -mtu 4160 -groups /tmp/scaleup_coll_footprint/inc_single_switch_allgather_4_1.groups
single_switch,scaleup_single_switch_64_4000Gbps.topo,allreduce,ring,4,16384,1,32,96,133120,202752,3.0000,1.5231,,541,5013,0,ok,ok,tree16_bw200Gbps.topo,2,64,4160,4000000,pcm-sdk,/workspace/sim/pcm-sdk_zhiyi/pcm/build/bin/htsim_flow_app_atlahs -goal /tmp/scaleup_coll_footprint/inc_single_switch_allreduce_4_1.bin -nodes 2 -num_gpus_per_node 64 -topo /workspace/simulation-scripts/topo_files/tree16_bw200Gbps.topo -intranode_topo /workspace/simulation-scripts/topo_files/scaleup_single_switch_64_4000Gbps.topo -intranode_linkspeed 4000000 -end 100000000 -sender_cc_only -intranode_queue_type lossless_input -link_crosses_csv /tmp/lc_ba16iow5.csv -mtu 4160 -groups /tmp/scaleup_coll_footprint/inc_single_switch_allreduce_4_1.groups
single_switch,scaleup_single_switch_64_4000Gbps.topo,allreduce,rdouble,4,16384,1,32,96,133120,202752,3.0000,1.5231,,541,3392,0,ok,ok,tree16_bw200Gbps.topo,2,64,4160,4000000,pcm-sdk,/workspace/sim/pcm-sdk_zhiyi/pcm/build/bin/htsim_flow_app_atlahs -goal /tmp/scaleup_coll_footprint/inc_single_switch_allreduce_4_1.bin -nodes 2 -num_gpus_per_node 64 -topo /workspace/simulation-scripts/topo_files/tree16_bw200Gbps.topo -intranode_topo /workspace/simulation-scripts/topo_files/scaleup_single_switch_64_4000Gbps.topo -intranode_linkspeed 4000000 -end 100000000 -sender_cc_only -intranode_queue_type lossless_input -link_crosses_csv /tmp/lc_ba16iow5.csv -mtu 4160 -groups /tmp/scaleup_coll_footprint/inc_single_switch_allreduce_4_1.groups
single_switch,scaleup_single_switch_64_4000Gbps.topo,reduce_scatter,ring,4,16384,1,16,48,66560,101376,3.0000,1.5231,,533,2556,0,ok,ok,tree16_bw200Gbps.topo,2,64,4160,4000000,pcm-sdk,/workspace/sim/pcm-sdk_zhiyi/pcm/build/bin/htsim_flow_app_atlahs -goal /tmp/scaleup_coll_footprint/inc_single_switch_reduce_scatter_4_1.bin -nodes 2 -num_gpus_per_node 64 -topo /workspace/simulation-scripts/topo_files/tree16_bw200Gbps.topo -intranode_topo /workspace/simulation-scripts/topo_files/scaleup_single_switch_64_4000Gbps.topo -intranode_linkspeed 4000000 -end 100000000 -sender_cc_only -intranode_queue_type lossless_input -link_crosses_csv /tmp/lc_k21l81fs.csv -mtu 4160 -groups /tmp/scaleup_coll_footprint/inc_single_switch_reduce_scatter_4_1.groups
single_switch,scaleup_single_switch_64_4000Gbps.topo,reduce_scatter,rdouble,4,16384,1,16,48,66560,101376,3.0000,1.5231,,533,1746,0,ok,ok,tree16_bw200Gbps.topo,2,64,4160,4000000,pcm-sdk,/workspace/sim/pcm-sdk_zhiyi/pcm/build/bin/htsim_flow_app_atlahs -goal /tmp/scaleup_coll_footprint/inc_single_switch_reduce_scatter_4_1.bin -nodes 2 -num_gpus_per_node 64 -topo /workspace/simulation-scripts/topo_files/tree16_bw200Gbps.topo -intranode_topo /workspace/simulation-scripts/topo_files/scaleup_single_switch_64_4000Gbps.topo -intranode_linkspeed 4000000 -end 100000000 -sender_cc_only -intranode_queue_type lossless_input -link_crosses_csv /tmp/lc_k21l81fs.csv -mtu 4160 -groups /tmp/scaleup_coll_footprint/inc_single_switch_reduce_scatter_4_1.groups
single_switch,scaleup_single_switch_64_4000Gbps.topo,bcast,ring,4,16384,1,16,48,66560,101376,3.0000,1.5231,,541,2600,0,ok,ok,tree16_bw200Gbps.topo,2,64,4160,4000000,pcm-sdk,/workspace/sim/pcm-sdk_zhiyi/pcm/build/bin/htsim_flow_app_atlahs -goal /tmp/scaleup_coll_footprint/inc_single_switch_bcast_4_1.bin -nodes 2 -num_gpus_per_node 64 -topo /workspace/simulation-scripts/topo_files/tree16_bw200Gbps.topo -intranode_topo /workspace/simulation-scripts/topo_files/scaleup_single_switch_64_4000Gbps.topo -intranode_linkspeed 4000000 -end 100000000 -sender_cc_only -intranode_queue_type lossless_input -link_crosses_csv /tmp/lc_ee54_ufm.csv -mtu 4160 -groups /tmp/scaleup_coll_footprint/inc_single_switch_bcast_4_1.groups
single_switch,scaleup_single_switch_64_4000Gbps.topo,reduce,ring,4,16384,1,16,48,66560,101376,3.0000,1.5231,,541,2600,0,ok,ok,tree16_bw200Gbps.topo,2,64,4160,4000000,pcm-sdk,/workspace/sim/pcm-sdk_zhiyi/pcm/build/bin/htsim_flow_app_atlahs -goal /tmp/scaleup_coll_footprint/inc_single_switch_reduce_4_1.bin -nodes 2 -num_gpus_per_node 64 -topo /workspace/simulation-scripts/topo_files/tree16_bw200Gbps.topo -intranode_topo /workspace/simulation-scripts/topo_files/scaleup_single_switch_64_4000Gbps.topo -intranode_linkspeed 4000000 -end 100000000 -sender_cc_only -intranode_queue_type lossless_input -link_crosses_csv /tmp/lc_tq3paqj2.csv -mtu 4160 -groups /tmp/scaleup_coll_footprint/inc_single_switch_reduce_4_1.groups
single_switch,scaleup_single_switch_64_4000Gbps.topo,allgather,ring,8,32768,1,64,224,266240,473088,3.5000,1.7769,1.7500,566,5832,0,ok,ok,tree16_bw200Gbps.topo,2,64,4160,4000000,pcm-sdk,/workspace/sim/pcm-sdk_zhiyi/pcm/build/bin/htsim_flow_app_atlahs -goal /tmp/scaleup_coll_footprint/inc_single_switch_allgather_8_1.bin -nodes 2 -num_gpus_per_node 64 -topo /workspace/simulation-scripts/topo_files/tree16_bw200Gbps.topo -intranode_topo /workspace/simulation-scripts/topo_files/scaleup_single_switch_64_4000Gbps.topo -intranode_linkspeed 4000000 -end 100000000 -sender_cc_only -intranode_queue_type lossless_input -link_crosses_csv /tmp/lc_qbvhboto.csv -mtu 4160 -groups /tmp/scaleup_coll_footprint/inc_single_switch_allgather_8_1.groups
single_switch,scaleup_single_switch_64_4000Gbps.topo,allgather,rdouble,8,32768,1,64,192,266240,471040,3.0000,1.7692,1.7500,566,2589,0,ok,ok,tree16_bw200Gbps.topo,2,64,4160,4000000,pcm-sdk,/workspace/sim/pcm-sdk_zhiyi/pcm/build/bin/htsim_flow_app_atlahs -goal /tmp/scaleup_coll_footprint/inc_single_switch_allgather_8_1.bin -nodes 2 -num_gpus_per_node 64 -topo /workspace/simulation-scripts/topo_files/tree16_bw200Gbps.topo -intranode_topo /workspace/simulation-scripts/topo_files/scaleup_single_switch_64_4000Gbps.topo -intranode_linkspeed 4000000 -end 100000000 -sender_cc_only -intranode_queue_type lossless_input -link_crosses_csv /tmp/lc_qbvhboto.csv -mtu 4160 -groups /tmp/scaleup_coll_footprint/inc_single_switch_allgather_8_1.groups
single_switch,scaleup_single_switch_64_4000Gbps.topo,allreduce,ring,8,32768,1,128,448,532480,946176,3.5000,1.7769,,574,11564,0,ok,ok,tree16_bw200Gbps.topo,2,64,4160,4000000,pcm-sdk,/workspace/sim/pcm-sdk_zhiyi/pcm/build/bin/htsim_flow_app_atlahs -goal /tmp/scaleup_coll_footprint/inc_single_switch_allreduce_8_1.bin -nodes 2 -num_gpus_per_node 64 -topo /workspace/simulation-scripts/topo_files/tree16_bw200Gbps.topo -intranode_topo /workspace/simulation-scripts/topo_files/scaleup_single_switch_64_4000Gbps.topo -intranode_linkspeed 4000000 -end 100000000 -sender_cc_only -intranode_queue_type lossless_input -link_crosses_csv /tmp/lc_7p3enftv.csv -mtu 4160 -groups /tmp/scaleup_coll_footprint/inc_single_switch_allreduce_8_1.groups
single_switch,scaleup_single_switch_64_4000Gbps.topo,allreduce,rdouble,8,32768,1,128,384,532480,942080,3.0000,1.7692,,574,5079,0,ok,ok,tree16_bw200Gbps.topo,2,64,4160,4000000,pcm-sdk,/workspace/sim/pcm-sdk_zhiyi/pcm/build/bin/htsim_flow_app_atlahs -goal /tmp/scaleup_coll_footprint/inc_single_switch_allreduce_8_1.bin -nodes 2 -num_gpus_per_node 64 -topo /workspace/simulation-scripts/topo_files/tree16_bw200Gbps.topo -intranode_topo /workspace/simulation-scripts/topo_files/scaleup_single_switch_64_4000Gbps.topo -intranode_linkspeed 4000000 -end 100000000 -sender_cc_only -intranode_queue_type lossless_input -link_crosses_csv /tmp/lc_7p3enftv.csv -mtu 4160 -groups /tmp/scaleup_coll_footprint/inc_single_switch_allreduce_8_1.groups
single_switch,scaleup_single_switch_64_4000Gbps.topo,reduce_scatter,ring,8,32768,1,64,224,266240,473088,3.5000,1.7769,,566,5832,0,ok,ok,tree16_bw200Gbps.topo,2,64,4160,4000000,pcm-sdk,/workspace/sim/pcm-sdk_zhiyi/pcm/build/bin/htsim_flow_app_atlahs -goal /tmp/scaleup_coll_footprint/inc_single_switch_reduce_scatter_8_1.bin -nodes 2 -num_gpus_per_node 64 -topo /workspace/simulation-scripts/topo_files/tree16_bw200Gbps.topo -intranode_topo /workspace/simulation-scripts/topo_files/scaleup_single_switch_64_4000Gbps.topo -intranode_linkspeed 4000000 -end 100000000 -sender_cc_only -intranode_queue_type lossless_input -link_crosses_csv /tmp/lc_yzg894wf.csv -mtu 4160 -groups /tmp/scaleup_coll_footprint/inc_single_switch_reduce_scatter_8_1.groups
single_switch,scaleup_single_switch_64_4000Gbps.topo,reduce_scatter,rdouble,8,32768,1,64,192,266240,471040,3.0000,1.7692,,566,2589,0,ok,ok,tree16_bw200Gbps.topo,2,64,4160,4000000,pcm-sdk,/workspace/sim/pcm-sdk_zhiyi/pcm/build/bin/htsim_flow_app_atlahs -goal /tmp/scaleup_coll_footprint/inc_single_switch_reduce_scatter_8_1.bin -nodes 2 -num_gpus_per_node 64 -topo /workspace/simulation-scripts/topo_files/tree16_bw200Gbps.topo -intranode_topo /workspace/simulation-scripts/topo_files/scaleup_single_switch_64_4000Gbps.topo -intranode_linkspeed 4000000 -end 100000000 -sender_cc_only -intranode_queue_type lossless_input -link_crosses_csv /tmp/lc_yzg894wf.csv -mtu 4160 -groups /tmp/scaleup_coll_footprint/inc_single_switch_reduce_scatter_8_1.groups
single_switch,scaleup_single_switch_64_4000Gbps.topo,bcast,ring,8,32768,1,64,224,266240,473088,3.5000,1.7769,,574,5932,0,ok,ok,tree16_bw200Gbps.topo,2,64,4160,4000000,pcm-sdk,/workspace/sim/pcm-sdk_zhiyi/pcm/build/bin/htsim_flow_app_atlahs -goal /tmp/scaleup_coll_footprint/inc_single_switch_bcast_8_1.bin -nodes 2 -num_gpus_per_node 64 -topo /workspace/simulation-scripts/topo_files/tree16_bw200Gbps.topo -intranode_topo /workspace/simulation-scripts/topo_files/scaleup_single_switch_64_4000Gbps.topo -intranode_linkspeed 4000000 -end 100000000 -sender_cc_only -intranode_queue_type lossless_input -link_crosses_csv /tmp/lc_af4gji0s.csv -mtu 4160 -groups /tmp/scaleup_coll_footprint/inc_single_switch_bcast_8_1.groups
single_switch,scaleup_single_switch_64_4000Gbps.topo,reduce,ring,8,32768,1,64,224,266240,473088,3.5000,1.7769,,574,5932,0,ok,ok,tree16_bw200Gbps.topo,2,64,4160,4000000,pcm-sdk,/workspace/sim/pcm-sdk_zhiyi/pcm/build/bin/htsim_flow_app_atlahs -goal /tmp/scaleup_coll_footprint/inc_single_switch_reduce_8_1.bin -nodes 2 -num_gpus_per_node 64 -topo /workspace/simulation-scripts/topo_files/tree16_bw200Gbps.topo -intranode_topo /workspace/simulation-scripts/topo_files/scaleup_single_switch_64_4000Gbps.topo -intranode_linkspeed 4000000 -end 100000000 -sender_cc_only -intranode_queue_type lossless_input -link_crosses_csv /tmp/lc_rjxb4a3b.csv -mtu 4160 -groups /tmp/scaleup_coll_footprint/inc_single_switch_reduce_8_1.groups
single_switch,scaleup_single_switch_64_4000Gbps.topo,allgather,ring,16,65536,1,256,960,1064960,2027520,3.7500,1.9038,1.8750,633,12383,0,ok,ok,tree16_bw200Gbps.topo,2,64,4160,4000000,pcm-sdk,/workspace/sim/pcm-sdk_zhiyi/pcm/build/bin/htsim_flow_app_atlahs -goal /tmp/scaleup_coll_footprint/inc_single_switch_allgather_16_1.bin -nodes 2 -num_gpus_per_node 64 -topo /workspace/simulation-scripts/topo_files/tree16_bw200Gbps.topo -intranode_topo /workspace/simulation-scripts/topo_files/scaleup_single_switch_64_4000Gbps.topo -intranode_linkspeed 4000000 -end 100000000 -sender_cc_only -intranode_queue_type lossless_input -link_crosses_csv /tmp/lc_8oso9cs7.csv -mtu 4160 -groups /tmp/scaleup_coll_footprint/inc_single_switch_allgather_16_1.groups
single_switch,scaleup_single_switch_64_4000Gbps.topo,allgather,rdouble,16,65536,1,256,736,1064960,2013184,2.8750,1.8904,1.8750,633,3467,0,ok,ok,tree16_bw200Gbps.topo,2,64,4160,4000000,pcm-sdk,/workspace/sim/pcm-sdk_zhiyi/pcm/build/bin/htsim_flow_app_atlahs -goal /tmp/scaleup_coll_footprint/inc_single_switch_allgather_16_1.bin -nodes 2 -num_gpus_per_node 64 -topo /workspace/simulation-scripts/topo_files/tree16_bw200Gbps.topo -intranode_topo /workspace/simulation-scripts/topo_files/scaleup_single_switch_64_4000Gbps.topo -intranode_linkspeed 4000000 -end 100000000 -sender_cc_only -intranode_queue_type lossless_input -link_crosses_csv /tmp/lc_8oso9cs7.csv -mtu 4160 -groups /tmp/scaleup_coll_footprint/inc_single_switch_allgather_16_1.groups
single_switch,scaleup_single_switch_64_4000Gbps.topo,allreduce,ring,16,65536,1,512,1920,2129920,4055040,3.7500,1.9038,,641,24666,0,ok,ok,tree16_bw200Gbps.topo,2,64,4160,4000000,pcm-sdk,/workspace/sim/pcm-sdk_zhiyi/pcm/build/bin/htsim_flow_app_atlahs -goal /tmp/scaleup_coll_footprint/inc_single_switch_allreduce_16_1.bin -nodes 2 -num_gpus_per_node 64 -topo /workspace/simulation-scripts/topo_files/tree16_bw200Gbps.topo -intranode_topo /workspace/simulation-scripts/topo_files/scaleup_single_switch_64_4000Gbps.topo -intranode_linkspeed 4000000 -end 100000000 -sender_cc_only -intranode_queue_type lossless_input -link_crosses_csv /tmp/lc_hwmn0gx9.csv -mtu 4160 -groups /tmp/scaleup_coll_footprint/inc_single_switch_allreduce_16_1.groups
single_switch,scaleup_single_switch_64_4000Gbps.topo,allreduce,rdouble,16,65536,1,512,1472,2129920,4026368,2.8750,1.8904,,641,6834,0,ok,ok,tree16_bw200Gbps.topo,2,64,4160,4000000,pcm-sdk,/workspace/sim/pcm-sdk_zhiyi/pcm/build/bin/htsim_flow_app_atlahs -goal /tmp/scaleup_coll_footprint/inc_single_switch_allreduce_16_1.bin -nodes 2 -num_gpus_per_node 64 -topo /workspace/simulation-scripts/topo_files/tree16_bw200Gbps.topo -intranode_topo /workspace/simulation-scripts/topo_files/scaleup_single_switch_64_4000Gbps.topo -intranode_linkspeed 4000000 -end 100000000 -sender_cc_only -intranode_queue_type lossless_input -link_crosses_csv /tmp/lc_hwmn0gx9.csv -mtu 4160 -groups /tmp/scaleup_coll_footprint/inc_single_switch_allreduce_16_1.groups
single_switch,scaleup_single_switch_64_4000Gbps.topo,reduce_scatter,ring,16,65536,1,256,960,1064960,2027520,3.7500,1.9038,,633,12383,0,ok,ok,tree16_bw200Gbps.topo,2,64,4160,4000000,pcm-sdk,/workspace/sim/pcm-sdk_zhiyi/pcm/build/bin/htsim_flow_app_atlahs -goal /tmp/scaleup_coll_footprint/inc_single_switch_reduce_scatter_16_1.bin -nodes 2 -num_gpus_per_node 64 -topo /workspace/simulation-scripts/topo_files/tree16_bw200Gbps.topo -intranode_topo /workspace/simulation-scripts/topo_files/scaleup_single_switch_64_4000Gbps.topo -intranode_linkspeed 4000000 -end 100000000 -sender_cc_only -intranode_queue_type lossless_input -link_crosses_csv /tmp/lc_zyll17ce.csv -mtu 4160 -groups /tmp/scaleup_coll_footprint/inc_single_switch_reduce_scatter_16_1.groups
single_switch,scaleup_single_switch_64_4000Gbps.topo,reduce_scatter,rdouble,16,65536,1,256,736,1064960,2013184,2.8750,1.8904,,633,3467,0,ok,ok,tree16_bw200Gbps.topo,2,64,4160,4000000,pcm-sdk,/workspace/sim/pcm-sdk_zhiyi/pcm/build/bin/htsim_flow_app_atlahs -goal /tmp/scaleup_coll_footprint/inc_single_switch_reduce_scatter_16_1.bin -nodes 2 -num_gpus_per_node 64 -topo /workspace/simulation-scripts/topo_files/tree16_bw200Gbps.topo -intranode_topo /workspace/simulation-scripts/topo_files/scaleup_single_switch_64_4000Gbps.topo -intranode_linkspeed 4000000 -end 100000000 -sender_cc_only -intranode_queue_type lossless_input -link_crosses_csv /tmp/lc_zyll17ce.csv -mtu 4160 -groups /tmp/scaleup_coll_footprint/inc_single_switch_reduce_scatter_16_1.groups
single_switch,scaleup_single_switch_64_4000Gbps.topo,bcast,ring,16,65536,1,256,960,1064960,2027520,3.7500,1.9038,,641,12595,0,ok,ok,tree16_bw200Gbps.topo,2,64,4160,4000000,pcm-sdk,/workspace/sim/pcm-sdk_zhiyi/pcm/build/bin/htsim_flow_app_atlahs -goal /tmp/scaleup_coll_footprint/inc_single_switch_bcast_16_1.bin -nodes 2 -num_gpus_per_node 64 -topo /workspace/simulation-scripts/topo_files/tree16_bw200Gbps.topo -intranode_topo /workspace/simulation-scripts/topo_files/scaleup_single_switch_64_4000Gbps.topo -intranode_linkspeed 4000000 -end 100000000 -sender_cc_only -intranode_queue_type lossless_input -link_crosses_csv /tmp/lc_k7t9r9lv.csv -mtu 4160 -groups /tmp/scaleup_coll_footprint/inc_single_switch_bcast_16_1.groups
single_switch,scaleup_single_switch_64_4000Gbps.topo,reduce,ring,16,65536,1,256,960,1064960,2027520,3.7500,1.9038,,641,12595,0,ok,ok,tree16_bw200Gbps.topo,2,64,4160,4000000,pcm-sdk,/workspace/sim/pcm-sdk_zhiyi/pcm/build/bin/htsim_flow_app_atlahs -goal /tmp/scaleup_coll_footprint/inc_single_switch_reduce_16_1.bin -nodes 2 -num_gpus_per_node 64 -topo /workspace/simulation-scripts/topo_files/tree16_bw200Gbps.topo -intranode_topo /workspace/simulation-scripts/topo_files/scaleup_single_switch_64_4000Gbps.topo -intranode_linkspeed 4000000 -end 100000000 -sender_cc_only -intranode_queue_type lossless_input -link_crosses_csv /tmp/lc_aa3bpcrm.csv -mtu 4160 -groups /tmp/scaleup_coll_footprint/inc_single_switch_reduce_16_1.groups
single_switch,scaleup_single_switch_64_4000Gbps.topo,allgather,ring,32,131072,1,1024,3968,4259840,8380416,3.8750,1.9673,1.9375,766,25485,0,ok,ok,tree16_bw200Gbps.topo,2,64,4160,4000000,pcm-sdk,/workspace/sim/pcm-sdk_zhiyi/pcm/build/bin/htsim_flow_app_atlahs -goal /tmp/scaleup_coll_footprint/inc_single_switch_allgather_32_1.bin -nodes 2 -num_gpus_per_node 64 -topo /workspace/simulation-scripts/topo_files/tree16_bw200Gbps.topo -intranode_topo /workspace/simulation-scripts/topo_files/scaleup_single_switch_64_4000Gbps.topo -intranode_linkspeed 4000000 -end 100000000 -sender_cc_only -intranode_queue_type lossless_input -link_crosses_csv /tmp/lc__iu1xix3.csv -mtu 4160 -groups /tmp/scaleup_coll_footprint/inc_single_switch_allgather_32_1.groups
single_switch,scaleup_single_switch_64_4000Gbps.topo,allgather,rdouble,32,131072,1,1024,2816,4259840,8306688,2.7500,1.9500,1.9375,766,4410,0,ok,ok,tree16_bw200Gbps.topo,2,64,4160,4000000,pcm-sdk,/workspace/sim/pcm-sdk_zhiyi/pcm/build/bin/htsim_flow_app_atlahs -goal /tmp/scaleup_coll_footprint/inc_single_switch_allgather_32_1.bin -nodes 2 -num_gpus_per_node 64 -topo /workspace/simulation-scripts/topo_files/tree16_bw200Gbps.topo -intranode_topo /workspace/simulation-scripts/topo_files/scaleup_single_switch_64_4000Gbps.topo -intranode_linkspeed 4000000 -end 100000000 -sender_cc_only -intranode_queue_type lossless_input -link_crosses_csv /tmp/lc__iu1xix3.csv -mtu 4160 -groups /tmp/scaleup_coll_footprint/inc_single_switch_allgather_32_1.groups
single_switch,scaleup_single_switch_64_4000Gbps.topo,allreduce,ring,32,131072,1,2048,7936,8519680,16760832,3.8750,1.9673,,774,50871,0,ok,ok,tree16_bw200Gbps.topo,2,64,4160,4000000,pcm-sdk,/workspace/sim/pcm-sdk_zhiyi/pcm/build/bin/htsim_flow_app_atlahs -goal /tmp/scaleup_coll_footprint/inc_single_switch_allreduce_32_1.bin -nodes 2 -num_gpus_per_node 64 -topo /workspace/simulation-scripts/topo_files/tree16_bw200Gbps.topo -intranode_topo /workspace/simulation-scripts/topo_files/scaleup_single_switch_64_4000Gbps.topo -intranode_linkspeed 4000000 -end 100000000 -sender_cc_only -intranode_queue_type lossless_input -link_crosses_csv /tmp/lc_6hcv0w1f.csv -mtu 4160 -groups /tmp/scaleup_coll_footprint/inc_single_switch_allreduce_32_1.groups
single_switch,scaleup_single_switch_64_4000Gbps.topo,allreduce,rdouble,32,131072,1,2048,5632,8519680,16613376,2.7500,1.9500,,774,8721,0,ok,ok,tree16_bw200Gbps.topo,2,64,4160,4000000,pcm-sdk,/workspace/sim/pcm-sdk_zhiyi/pcm/build/bin/htsim_flow_app_atlahs -goal /tmp/scaleup_coll_footprint/inc_single_switch_allreduce_32_1.bin -nodes 2 -num_gpus_per_node 64 -topo /workspace/simulation-scripts/topo_files/tree16_bw200Gbps.topo -intranode_topo /workspace/simulation-scripts/topo_files/scaleup_single_switch_64_4000Gbps.topo -intranode_linkspeed 4000000 -end 100000000 -sender_cc_only -intranode_queue_type lossless_input -link_crosses_csv /tmp/lc_6hcv0w1f.csv -mtu 4160 -groups /tmp/scaleup_coll_footprint/inc_single_switch_allreduce_32_1.groups
single_switch,scaleup_single_switch_64_4000Gbps.topo,reduce_scatter,ring,32,131072,1,1024,3968,4259840,8380416,3.8750,1.9673,,766,25485,0,ok,ok,tree16_bw200Gbps.topo,2,64,4160,4000000,pcm-sdk,/workspace/sim/pcm-sdk_zhiyi/pcm/build/bin/htsim_flow_app_atlahs -goal /tmp/scaleup_coll_footprint/inc_single_switch_reduce_scatter_32_1.bin -nodes 2 -num_gpus_per_node 64 -topo /workspace/simulation-scripts/topo_files/tree16_bw200Gbps.topo -intranode_topo /workspace/simulation-scripts/topo_files/scaleup_single_switch_64_4000Gbps.topo -intranode_linkspeed 4000000 -end 100000000 -sender_cc_only -intranode_queue_type lossless_input -link_crosses_csv /tmp/lc_4o4nmbjt.csv -mtu 4160 -groups /tmp/scaleup_coll_footprint/inc_single_switch_reduce_scatter_32_1.groups
single_switch,scaleup_single_switch_64_4000Gbps.topo,reduce_scatter,rdouble,32,131072,1,1024,2816,4259840,8306688,2.7500,1.9500,,766,4410,0,ok,ok,tree16_bw200Gbps.topo,2,64,4160,4000000,pcm-sdk,/workspace/sim/pcm-sdk_zhiyi/pcm/build/bin/htsim_flow_app_atlahs -goal /tmp/scaleup_coll_footprint/inc_single_switch_reduce_scatter_32_1.bin -nodes 2 -num_gpus_per_node 64 -topo /workspace/simulation-scripts/topo_files/tree16_bw200Gbps.topo -intranode_topo /workspace/simulation-scripts/topo_files/scaleup_single_switch_64_4000Gbps.topo -intranode_linkspeed 4000000 -end 100000000 -sender_cc_only -intranode_queue_type lossless_input -link_crosses_csv /tmp/lc_4o4nmbjt.csv -mtu 4160 -groups /tmp/scaleup_coll_footprint/inc_single_switch_reduce_scatter_32_1.groups
single_switch,scaleup_single_switch_64_4000Gbps.topo,bcast,ring,32,131072,1,1024,3968,4259840,8380416,3.8750,1.9673,,774,25921,0,ok,ok,tree16_bw200Gbps.topo,2,64,4160,4000000,pcm-sdk,/workspace/sim/pcm-sdk_zhiyi/pcm/build/bin/htsim_flow_app_atlahs -goal /tmp/scaleup_coll_footprint/inc_single_switch_bcast_32_1.bin -nodes 2 -num_gpus_per_node 64 -topo /workspace/simulation-scripts/topo_files/tree16_bw200Gbps.topo -intranode_topo /workspace/simulation-scripts/topo_files/scaleup_single_switch_64_4000Gbps.topo -intranode_linkspeed 4000000 -end 100000000 -sender_cc_only -intranode_queue_type lossless_input -link_crosses_csv /tmp/lc_tqqyo6bn.csv -mtu 4160 -groups /tmp/scaleup_coll_footprint/inc_single_switch_bcast_32_1.groups
single_switch,scaleup_single_switch_64_4000Gbps.topo,reduce,ring,32,131072,1,1024,3968,4259840,8380416,3.8750,1.9673,,774,25921,0,ok,ok,tree16_bw200Gbps.topo,2,64,4160,4000000,pcm-sdk,/workspace/sim/pcm-sdk_zhiyi/pcm/build/bin/htsim_flow_app_atlahs -goal /tmp/scaleup_coll_footprint/inc_single_switch_reduce_32_1.bin -nodes 2 -num_gpus_per_node 64 -topo /workspace/simulation-scripts/topo_files/tree16_bw200Gbps.topo -intranode_topo /workspace/simulation-scripts/topo_files/scaleup_single_switch_64_4000Gbps.topo -intranode_linkspeed 4000000 -end 100000000 -sender_cc_only -intranode_queue_type lossless_input -link_crosses_csv /tmp/lc__wj419u7.csv -mtu 4160 -groups /tmp/scaleup_coll_footprint/inc_single_switch_reduce_32_1.groups
single_switch,scaleup_single_switch_64_4000Gbps.topo,allgather,ring,64,262144,1,4096,16128,17039360,34062336,3.9375,1.9990,1.9688,1032,51690,0,ok,ok,tree16_bw200Gbps.topo,2,64,4160,4000000,pcm-sdk,/workspace/sim/pcm-sdk_zhiyi/pcm/build/bin/htsim_flow_app_atlahs -goal /tmp/scaleup_coll_footprint/inc_single_switch_allgather_64_1.bin -nodes 2 -num_gpus_per_node 64 -topo /workspace/simulation-scripts/topo_files/tree16_bw200Gbps.topo -intranode_topo /workspace/simulation-scripts/topo_files/scaleup_single_switch_64_4000Gbps.topo -intranode_linkspeed 4000000 -end 100000000 -sender_cc_only -intranode_queue_type lossless_input -link_crosses_csv /tmp/lc_v7p3pckw.csv -mtu 4160 -groups /tmp/scaleup_coll_footprint/inc_single_switch_allgather_64_1.groups
single_switch,scaleup_single_switch_64_4000Gbps.topo,allgather,rdouble,64,262144,1,4096,10880,17039360,33726464,2.6562,1.9793,1.9688,1032,5487,0,ok,ok,tree16_bw200Gbps.topo,2,64,4160,4000000,pcm-sdk,/workspace/sim/pcm-sdk_zhiyi/pcm/build/bin/htsim_flow_app_atlahs -goal /tmp/scaleup_coll_footprint/inc_single_switch_allgather_64_1.bin -nodes 2 -num_gpus_per_node 64 -topo /workspace/simulation-scripts/topo_files/tree16_bw200Gbps.topo -intranode_topo /workspace/simulation-scripts/topo_files/scaleup_single_switch_64_4000Gbps.topo -intranode_linkspeed 4000000 -end 100000000 -sender_cc_only -intranode_queue_type lossless_input -link_crosses_csv /tmp/lc_v7p3pckw.csv -mtu 4160 -groups /tmp/scaleup_coll_footprint/inc_single_switch_allgather_64_1.groups
single_switch,scaleup_single_switch_64_4000Gbps.topo,allreduce,ring,64,262144,1,8192,32256,34078720,68124672,3.9375,1.9990,,1040,103280,0,ok,ok,tree16_bw200Gbps.topo,2,64,4160,4000000,pcm-sdk,/workspace/sim/pcm-sdk_zhiyi/pcm/build/bin/htsim_flow_app_atlahs -goal /tmp/scaleup_coll_footprint/inc_single_switch_allreduce_64_1.bin -nodes 2 -num_gpus_per_node 64 -topo /workspace/simulation-scripts/topo_files/tree16_bw200Gbps.topo -intranode_topo /workspace/simulation-scripts/topo_files/scaleup_single_switch_64_4000Gbps.topo -intranode_linkspeed 4000000 -end 100000000 -sender_cc_only -intranode_queue_type lossless_input -link_crosses_csv /tmp/lc_v6io27xa.csv -mtu 4160 -groups /tmp/scaleup_coll_footprint/inc_single_switch_allreduce_64_1.groups
single_switch,scaleup_single_switch_64_4000Gbps.topo,allreduce,rdouble,64,262144,1,8192,21760,34078720,67452928,2.6562,1.9793,,1040,10875,0,ok,ok,tree16_bw200Gbps.topo,2,64,4160,4000000,pcm-sdk,/workspace/sim/pcm-sdk_zhiyi/pcm/build/bin/htsim_flow_app_atlahs -goal /tmp/scaleup_coll_footprint/inc_single_switch_allreduce_64_1.bin -nodes 2 -num_gpus_per_node 64 -topo /workspace/simulation-scripts/topo_files/tree16_bw200Gbps.topo -intranode_topo /workspace/simulation-scripts/topo_files/scaleup_single_switch_64_4000Gbps.topo -intranode_linkspeed 4000000 -end 100000000 -sender_cc_only -intranode_queue_type lossless_input -link_crosses_csv /tmp/lc_v6io27xa.csv -mtu 4160 -groups /tmp/scaleup_coll_footprint/inc_single_switch_allreduce_64_1.groups
single_switch,scaleup_single_switch_64_4000Gbps.topo,reduce_scatter,ring,64,262144,1,4096,16128,17039360,34062336,3.9375,1.9990,,1032,51690,0,ok,ok,tree16_bw200Gbps.topo,2,64,4160,4000000,pcm-sdk,/workspace/sim/pcm-sdk_zhiyi/pcm/build/bin/htsim_flow_app_atlahs -goal /tmp/scaleup_coll_footprint/inc_single_switch_reduce_scatter_64_1.bin -nodes 2 -num_gpus_per_node 64 -topo /workspace/simulation-scripts/topo_files/tree16_bw200Gbps.topo -intranode_topo /workspace/simulation-scripts/topo_files/scaleup_single_switch_64_4000Gbps.topo -intranode_linkspeed 4000000 -end 100000000 -sender_cc_only -intranode_queue_type lossless_input -link_crosses_csv /tmp/lc_zqc1uhjj.csv -mtu 4160 -groups /tmp/scaleup_coll_footprint/inc_single_switch_reduce_scatter_64_1.groups
single_switch,scaleup_single_switch_64_4000Gbps.topo,reduce_scatter,rdouble,64,262144,1,4096,10880,17039360,33726464,2.6562,1.9793,,1032,5487,0,ok,ok,tree16_bw200Gbps.topo,2,64,4160,4000000,pcm-sdk,/workspace/sim/pcm-sdk_zhiyi/pcm/build/bin/htsim_flow_app_atlahs -goal /tmp/scaleup_coll_footprint/inc_single_switch_reduce_scatter_64_1.bin -nodes 2 -num_gpus_per_node 64 -topo /workspace/simulation-scripts/topo_files/tree16_bw200Gbps.topo -intranode_topo /workspace/simulation-scripts/topo_files/scaleup_single_switch_64_4000Gbps.topo -intranode_linkspeed 4000000 -end 100000000 -sender_cc_only -intranode_queue_type lossless_input -link_crosses_csv /tmp/lc_zqc1uhjj.csv -mtu 4160 -groups /tmp/scaleup_coll_footprint/inc_single_switch_reduce_scatter_64_1.groups
single_switch,scaleup_single_switch_64_4000Gbps.topo,bcast,ring,64,262144,1,4096,16128,17039360,34062336,3.9375,1.9990,,1040,52574,0,ok,ok,tree16_bw200Gbps.topo,2,64,4160,4000000,pcm-sdk,/workspace/sim/pcm-sdk_zhiyi/pcm/build/bin/htsim_flow_app_atlahs -goal /tmp/scaleup_coll_footprint/inc_single_switch_bcast_64_1.bin -nodes 2 -num_gpus_per_node 64 -topo /workspace/simulation-scripts/topo_files/tree16_bw200Gbps.topo -intranode_topo /workspace/simulation-scripts/topo_files/scaleup_single_switch_64_4000Gbps.topo -intranode_linkspeed 4000000 -end 100000000 -sender_cc_only -intranode_queue_type lossless_input -link_crosses_csv /tmp/lc_lon68ety.csv -mtu 4160 -groups /tmp/scaleup_coll_footprint/inc_single_switch_bcast_64_1.groups
single_switch,scaleup_single_switch_64_4000Gbps.topo,reduce,ring,64,262144,1,4096,16128,17039360,34062336,3.9375,1.9990,,1040,52574,0,ok,ok,tree16_bw200Gbps.topo,2,64,4160,4000000,pcm-sdk,/workspace/sim/pcm-sdk_zhiyi/pcm/build/bin/htsim_flow_app_atlahs -goal /tmp/scaleup_coll_footprint/inc_single_switch_reduce_64_1.bin -nodes 2 -num_gpus_per_node 64 -topo /workspace/simulation-scripts/topo_files/tree16_bw200Gbps.topo -intranode_topo /workspace/simulation-scripts/topo_files/scaleup_single_switch_64_4000Gbps.topo -intranode_linkspeed 4000000 -end 100000000 -sender_cc_only -intranode_queue_type lossless_input -link_crosses_csv /tmp/lc_yrlu9ojr.csv -mtu 4160 -groups /tmp/scaleup_coll_footprint/inc_single_switch_reduce_64_1.groups
fat3tier,scaleup_3tier_256_4000Gbps.topo,allgather,ring,2,8192,1,4,8,16640,16896,2.0000,1.0154,1.0000,516,918,0,ok,ok,tree16_bw200Gbps.topo,2,256,4160,4000000,pcm-sdk,/workspace/sim/pcm-sdk_zhiyi/pcm/build/bin/htsim_flow_app_atlahs -goal /tmp/scaleup_coll_footprint/inc_fat3tier_allgather_2_1.bin -nodes 2 -num_gpus_per_node 256 -topo /workspace/simulation-scripts/topo_files/tree16_bw200Gbps.topo -intranode_topo /workspace/simulation-scripts/topo_files/scaleup_3tier_256_4000Gbps.topo -intranode_linkspeed 4000000 -end 100000000 -sender_cc_only -intranode_queue_type lossless_input -link_crosses_csv /tmp/lc_0daio83x.csv -mtu 4160 -groups /tmp/scaleup_coll_footprint/inc_fat3tier_allgather_2_1.groups
fat3tier,scaleup_3tier_256_4000Gbps.topo,allgather,rdouble,2,8192,1,4,8,16640,16896,2.0000,1.0154,1.0000,516,918,0,ok,ok,tree16_bw200Gbps.topo,2,256,4160,4000000,pcm-sdk,/workspace/sim/pcm-sdk_zhiyi/pcm/build/bin/htsim_flow_app_atlahs -goal /tmp/scaleup_coll_footprint/inc_fat3tier_allgather_2_1.bin -nodes 2 -num_gpus_per_node 256 -topo /workspace/simulation-scripts/topo_files/tree16_bw200Gbps.topo -intranode_topo /workspace/simulation-scripts/topo_files/scaleup_3tier_256_4000Gbps.topo -intranode_linkspeed 4000000 -end 100000000 -sender_cc_only -intranode_queue_type lossless_input -link_crosses_csv /tmp/lc_0daio83x.csv -mtu 4160 -groups /tmp/scaleup_coll_footprint/inc_fat3tier_allgather_2_1.groups
fat3tier,scaleup_3tier_256_4000Gbps.topo,allreduce,ring,2,8192,1,8,16,33280,33792,2.0000,1.0154,,524,1737,0,ok,ok,tree16_bw200Gbps.topo,2,256,4160,4000000,pcm-sdk,/workspace/sim/pcm-sdk_zhiyi/pcm/build/bin/htsim_flow_app_atlahs -goal /tmp/scaleup_coll_footprint/inc_fat3tier_allreduce_2_1.bin -nodes 2 -num_gpus_per_node 256 -topo /workspace/simulation-scripts/topo_files/tree16_bw200Gbps.topo -intranode_topo /workspace/simulation-scripts/topo_files/scaleup_3tier_256_4000Gbps.topo -intranode_linkspeed 4000000 -end 100000000 -sender_cc_only -intranode_queue_type lossless_input -link_crosses_csv /tmp/lc_cd_oztoa.csv -mtu 4160 -groups /tmp/scaleup_coll_footprint/inc_fat3tier_allreduce_2_1.groups
fat3tier,scaleup_3tier_256_4000Gbps.topo,allreduce,rdouble,2,8192,1,8,16,33280,33792,2.0000,1.0154,,524,1737,0,ok,ok,tree16_bw200Gbps.topo,2,256,4160,4000000,pcm-sdk,/workspace/sim/pcm-sdk_zhiyi/pcm/build/bin/htsim_flow_app_atlahs -goal /tmp/scaleup_coll_footprint/inc_fat3tier_allreduce_2_1.bin -nodes 2 -num_gpus_per_node 256 -topo /workspace/simulation-scripts/topo_files/tree16_bw200Gbps.topo -intranode_topo /workspace/simulation-scripts/topo_files/scaleup_3tier_256_4000Gbps.topo -intranode_linkspeed 4000000 -end 100000000 -sender_cc_only -intranode_queue_type lossless_input -link_crosses_csv /tmp/lc_cd_oztoa.csv -mtu 4160 -groups /tmp/scaleup_coll_footprint/inc_fat3tier_allreduce_2_1.groups
fat3tier,scaleup_3tier_256_4000Gbps.topo,reduce_scatter,ring,2,8192,1,4,8,16640,16896,2.0000,1.0154,,516,918,0,ok,ok,tree16_bw200Gbps.topo,2,256,4160,4000000,pcm-sdk,/workspace/sim/pcm-sdk_zhiyi/pcm/build/bin/htsim_flow_app_atlahs -goal /tmp/scaleup_coll_footprint/inc_fat3tier_reduce_scatter_2_1.bin -nodes 2 -num_gpus_per_node 256 -topo /workspace/simulation-scripts/topo_files/tree16_bw200Gbps.topo -intranode_topo /workspace/simulation-scripts/topo_files/scaleup_3tier_256_4000Gbps.topo -intranode_linkspeed 4000000 -end 100000000 -sender_cc_only -intranode_queue_type lossless_input -link_crosses_csv /tmp/lc_o4dy24_d.csv -mtu 4160 -groups /tmp/scaleup_coll_footprint/inc_fat3tier_reduce_scatter_2_1.groups
fat3tier,scaleup_3tier_256_4000Gbps.topo,reduce_scatter,rdouble,2,8192,1,4,8,16640,16896,2.0000,1.0154,,516,918,0,ok,ok,tree16_bw200Gbps.topo,2,256,4160,4000000,pcm-sdk,/workspace/sim/pcm-sdk_zhiyi/pcm/build/bin/htsim_flow_app_atlahs -goal /tmp/scaleup_coll_footprint/inc_fat3tier_reduce_scatter_2_1.bin -nodes 2 -num_gpus_per_node 256 -topo /workspace/simulation-scripts/topo_files/tree16_bw200Gbps.topo -intranode_topo /workspace/simulation-scripts/topo_files/scaleup_3tier_256_4000Gbps.topo -intranode_linkspeed 4000000 -end 100000000 -sender_cc_only -intranode_queue_type lossless_input -link_crosses_csv /tmp/lc_o4dy24_d.csv -mtu 4160 -groups /tmp/scaleup_coll_footprint/inc_fat3tier_reduce_scatter_2_1.groups
fat3tier,scaleup_3tier_256_4000Gbps.topo,bcast,ring,2,8192,1,4,8,16640,16896,2.0000,1.0154,,524,934,0,ok,ok,tree16_bw200Gbps.topo,2,256,4160,4000000,pcm-sdk,/workspace/sim/pcm-sdk_zhiyi/pcm/build/bin/htsim_flow_app_atlahs -goal /tmp/scaleup_coll_footprint/inc_fat3tier_bcast_2_1.bin -nodes 2 -num_gpus_per_node 256 -topo /workspace/simulation-scripts/topo_files/tree16_bw200Gbps.topo -intranode_topo /workspace/simulation-scripts/topo_files/scaleup_3tier_256_4000Gbps.topo -intranode_linkspeed 4000000 -end 100000000 -sender_cc_only -intranode_queue_type lossless_input -link_crosses_csv /tmp/lc_uwba4sl9.csv -mtu 4160 -groups /tmp/scaleup_coll_footprint/inc_fat3tier_bcast_2_1.groups
fat3tier,scaleup_3tier_256_4000Gbps.topo,reduce,ring,2,8192,1,4,8,16640,16896,2.0000,1.0154,,524,934,0,ok,ok,tree16_bw200Gbps.topo,2,256,4160,4000000,pcm-sdk,/workspace/sim/pcm-sdk_zhiyi/pcm/build/bin/htsim_flow_app_atlahs -goal /tmp/scaleup_coll_footprint/inc_fat3tier_reduce_2_1.bin -nodes 2 -num_gpus_per_node 256 -topo /workspace/simulation-scripts/topo_files/tree16_bw200Gbps.topo -intranode_topo /workspace/simulation-scripts/topo_files/scaleup_3tier_256_4000Gbps.topo -intranode_linkspeed 4000000 -end 100000000 -sender_cc_only -intranode_queue_type lossless_input -link_crosses_csv /tmp/lc_qzki2don.csv -mtu 4160 -groups /tmp/scaleup_coll_footprint/inc_fat3tier_reduce_2_1.groups
fat3tier,scaleup_3tier_256_4000Gbps.topo,allgather,ring,4,16384,1,16,48,66560,101376,3.0000,1.5231,1.5000,533,2556,0,ok,ok,tree16_bw200Gbps.topo,2,256,4160,4000000,pcm-sdk,/workspace/sim/pcm-sdk_zhiyi/pcm/build/bin/htsim_flow_app_atlahs -goal /tmp/scaleup_coll_footprint/inc_fat3tier_allgather_4_1.bin -nodes 2 -num_gpus_per_node 256 -topo /workspace/simulation-scripts/topo_files/tree16_bw200Gbps.topo -intranode_topo /workspace/simulation-scripts/topo_files/scaleup_3tier_256_4000Gbps.topo -intranode_linkspeed 4000000 -end 100000000 -sender_cc_only -intranode_queue_type lossless_input -link_crosses_csv /tmp/lc_peac07f5.csv -mtu 4160 -groups /tmp/scaleup_coll_footprint/inc_fat3tier_allgather_4_1.groups
fat3tier,scaleup_3tier_256_4000Gbps.topo,allgather,rdouble,4,16384,1,16,48,66560,101376,3.0000,1.5231,1.5000,533,1746,0,ok,ok,tree16_bw200Gbps.topo,2,256,4160,4000000,pcm-sdk,/workspace/sim/pcm-sdk_zhiyi/pcm/build/bin/htsim_flow_app_atlahs -goal /tmp/scaleup_coll_footprint/inc_fat3tier_allgather_4_1.bin -nodes 2 -num_gpus_per_node 256 -topo /workspace/simulation-scripts/topo_files/tree16_bw200Gbps.topo -intranode_topo /workspace/simulation-scripts/topo_files/scaleup_3tier_256_4000Gbps.topo -intranode_linkspeed 4000000 -end 100000000 -sender_cc_only -intranode_queue_type lossless_input -link_crosses_csv /tmp/lc_peac07f5.csv -mtu 4160 -groups /tmp/scaleup_coll_footprint/inc_fat3tier_allgather_4_1.groups
fat3tier,scaleup_3tier_256_4000Gbps.topo,allreduce,ring,4,16384,1,32,96,133120,202752,3.0000,1.5231,,541,5013,0,ok,ok,tree16_bw200Gbps.topo,2,256,4160,4000000,pcm-sdk,/workspace/sim/pcm-sdk_zhiyi/pcm/build/bin/htsim_flow_app_atlahs -goal /tmp/scaleup_coll_footprint/inc_fat3tier_allreduce_4_1.bin -nodes 2 -num_gpus_per_node 256 -topo /workspace/simulation-scripts/topo_files/tree16_bw200Gbps.topo -intranode_topo /workspace/simulation-scripts/topo_files/scaleup_3tier_256_4000Gbps.topo -intranode_linkspeed 4000000 -end 100000000 -sender_cc_only -intranode_queue_type lossless_input -link_crosses_csv /tmp/lc_20z0vvrl.csv -mtu 4160 -groups /tmp/scaleup_coll_footprint/inc_fat3tier_allreduce_4_1.groups
fat3tier,scaleup_3tier_256_4000Gbps.topo,allreduce,rdouble,4,16384,1,32,96,133120,202752,3.0000,1.5231,,541,3392,0,ok,ok,tree16_bw200Gbps.topo,2,256,4160,4000000,pcm-sdk,/workspace/sim/pcm-sdk_zhiyi/pcm/build/bin/htsim_flow_app_atlahs -goal /tmp/scaleup_coll_footprint/inc_fat3tier_allreduce_4_1.bin -nodes 2 -num_gpus_per_node 256 -topo /workspace/simulation-scripts/topo_files/tree16_bw200Gbps.topo -intranode_topo /workspace/simulation-scripts/topo_files/scaleup_3tier_256_4000Gbps.topo -intranode_linkspeed 4000000 -end 100000000 -sender_cc_only -intranode_queue_type lossless_input -link_crosses_csv /tmp/lc_20z0vvrl.csv -mtu 4160 -groups /tmp/scaleup_coll_footprint/inc_fat3tier_allreduce_4_1.groups
fat3tier,scaleup_3tier_256_4000Gbps.topo,reduce_scatter,ring,4,16384,1,16,48,66560,101376,3.0000,1.5231,,533,2556,0,ok,ok,tree16_bw200Gbps.topo,2,256,4160,4000000,pcm-sdk,/workspace/sim/pcm-sdk_zhiyi/pcm/build/bin/htsim_flow_app_atlahs -goal /tmp/scaleup_coll_footprint/inc_fat3tier_reduce_scatter_4_1.bin -nodes 2 -num_gpus_per_node 256 -topo /workspace/simulation-scripts/topo_files/tree16_bw200Gbps.topo -intranode_topo /workspace/simulation-scripts/topo_files/scaleup_3tier_256_4000Gbps.topo -intranode_linkspeed 4000000 -end 100000000 -sender_cc_only -intranode_queue_type lossless_input -link_crosses_csv /tmp/lc_171mzaf5.csv -mtu 4160 -groups /tmp/scaleup_coll_footprint/inc_fat3tier_reduce_scatter_4_1.groups
fat3tier,scaleup_3tier_256_4000Gbps.topo,reduce_scatter,rdouble,4,16384,1,16,48,66560,101376,3.0000,1.5231,,533,1746,0,ok,ok,tree16_bw200Gbps.topo,2,256,4160,4000000,pcm-sdk,/workspace/sim/pcm-sdk_zhiyi/pcm/build/bin/htsim_flow_app_atlahs -goal /tmp/scaleup_coll_footprint/inc_fat3tier_reduce_scatter_4_1.bin -nodes 2 -num_gpus_per_node 256 -topo /workspace/simulation-scripts/topo_files/tree16_bw200Gbps.topo -intranode_topo /workspace/simulation-scripts/topo_files/scaleup_3tier_256_4000Gbps.topo -intranode_linkspeed 4000000 -end 100000000 -sender_cc_only -intranode_queue_type lossless_input -link_crosses_csv /tmp/lc_171mzaf5.csv -mtu 4160 -groups /tmp/scaleup_coll_footprint/inc_fat3tier_reduce_scatter_4_1.groups
fat3tier,scaleup_3tier_256_4000Gbps.topo,bcast,ring,4,16384,1,16,48,66560,101376,3.0000,1.5231,,541,2600,0,ok,ok,tree16_bw200Gbps.topo,2,256,4160,4000000,pcm-sdk,/workspace/sim/pcm-sdk_zhiyi/pcm/build/bin/htsim_flow_app_atlahs -goal /tmp/scaleup_coll_footprint/inc_fat3tier_bcast_4_1.bin -nodes 2 -num_gpus_per_node 256 -topo /workspace/simulation-scripts/topo_files/tree16_bw200Gbps.topo -intranode_topo /workspace/simulation-scripts/topo_files/scaleup_3tier_256_4000Gbps.topo -intranode_linkspeed 4000000 -end 100000000 -sender_cc_only -intranode_queue_type lossless_input -link_crosses_csv /tmp/lc_fkefltzg.csv -mtu 4160 -groups /tmp/scaleup_coll_footprint/inc_fat3tier_bcast_4_1.groups
fat3tier,scaleup_3tier_256_4000Gbps.topo,reduce,ring,4,16384,1,16,48,66560,101376,3.0000,1.5231,,541,2600,0,ok,ok,tree16_bw200Gbps.topo,2,256,4160,4000000,pcm-sdk,/workspace/sim/pcm-sdk_zhiyi/pcm/build/bin/htsim_flow_app_atlahs -goal /tmp/scaleup_coll_footprint/inc_fat3tier_reduce_4_1.bin -nodes 2 -num_gpus_per_node 256 -topo /workspace/simulation-scripts/topo_files/tree16_bw200Gbps.topo -intranode_topo /workspace/simulation-scripts/topo_files/scaleup_3tier_256_4000Gbps.topo -intranode_linkspeed 4000000 -end 100000000 -sender_cc_only -intranode_queue_type lossless_input -link_crosses_csv /tmp/lc_x6487mqe.csv -mtu 4160 -groups /tmp/scaleup_coll_footprint/inc_fat3tier_reduce_4_1.groups
fat3tier,scaleup_3tier_256_4000Gbps.topo,allgather,ring,8,32768,1,80,280,332800,591360,3.5000,1.7769,1.7500,1258,15750,0,ok,ok,tree16_bw200Gbps.topo,2,256,4160,4000000,pcm-sdk,/workspace/sim/pcm-sdk_zhiyi/pcm/build/bin/htsim_flow_app_atlahs -goal /tmp/scaleup_coll_footprint/inc_fat3tier_allgather_8_1.bin -nodes 2 -num_gpus_per_node 256 -topo /workspace/simulation-scripts/topo_files/tree16_bw200Gbps.topo -intranode_topo /workspace/simulation-scripts/topo_files/scaleup_3tier_256_4000Gbps.topo -intranode_linkspeed 4000000 -end 100000000 -sender_cc_only -intranode_queue_type lossless_input -link_crosses_csv /tmp/lc_4ol8zant.csv -mtu 4160 -groups /tmp/scaleup_coll_footprint/inc_fat3tier_allgather_8_1.groups
fat3tier,scaleup_3tier_256_4000Gbps.topo,allgather,rdouble,8,32768,1,80,296,332800,739840,3.7000,2.2231,1.7500,1258,4031,0,ok,ok,tree16_bw200Gbps.topo,2,256,4160,4000000,pcm-sdk,/workspace/sim/pcm-sdk_zhiyi/pcm/build/bin/htsim_flow_app_atlahs -goal /tmp/scaleup_coll_footprint/inc_fat3tier_allgather_8_1.bin -nodes 2 -num_gpus_per_node 256 -topo /workspace/simulation-scripts/topo_files/tree16_bw200Gbps.topo -intranode_topo /workspace/simulation-scripts/topo_files/scaleup_3tier_256_4000Gbps.topo -intranode_linkspeed 4000000 -end 100000000 -sender_cc_only -intranode_queue_type lossless_input -link_crosses_csv /tmp/lc_4ol8zant.csv -mtu 4160 -groups /tmp/scaleup_coll_footprint/inc_fat3tier_allgather_8_1.groups
fat3tier,scaleup_3tier_256_4000Gbps.topo,allreduce,ring,8,32768,1,160,560,665600,1182720,3.5000,1.7769,,1291,31401,0,ok,ok,tree16_bw200Gbps.topo,2,256,4160,4000000,pcm-sdk,/workspace/sim/pcm-sdk_zhiyi/pcm/build/bin/htsim_flow_app_atlahs -goal /tmp/scaleup_coll_footprint/inc_fat3tier_allreduce_8_1.bin -nodes 2 -num_gpus_per_node 256 -topo /workspace/simulation-scripts/topo_files/tree16_bw200Gbps.topo -intranode_topo /workspace/simulation-scripts/topo_files/scaleup_3tier_256_4000Gbps.topo -intranode_linkspeed 4000000 -end 100000000 -sender_cc_only -intranode_queue_type lossless_input -link_crosses_csv /tmp/lc_lwcn9tt4.csv -mtu 4160 -groups /tmp/scaleup_coll_footprint/inc_fat3tier_allreduce_8_1.groups
fat3tier,scaleup_3tier_256_4000Gbps.topo,allreduce,rdouble,8,32768,1,160,588,665600,1479424,3.6750,2.2227,,1291,7963,0,ok,ok,tree16_bw200Gbps.topo,2,256,4160,4000000,pcm-sdk,/workspace/sim/pcm-sdk_zhiyi/pcm/build/bin/htsim_flow_app_atlahs -goal /tmp/scaleup_coll_footprint/inc_fat3tier_allreduce_8_1.bin -nodes 2 -num_gpus_per_node 256 -topo /workspace/simulation-scripts/topo_files/tree16_bw200Gbps.topo -intranode_topo /workspace/simulation-scripts/topo_files/scaleup_3tier_256_4000Gbps.topo -intranode_linkspeed 4000000 -end 100000000 -sender_cc_only -intranode_queue_type lossless_input -link_crosses_csv /tmp/lc_lwcn9tt4.csv -mtu 4160 -groups /tmp/scaleup_coll_footprint/inc_fat3tier_allreduce_8_1.groups
fat3tier,scaleup_3tier_256_4000Gbps.topo,reduce_scatter,ring,8,32768,1,88,280,366080,591360,3.1818,1.6154,,1291,15750,0,ok,ok,tree16_bw200Gbps.topo,2,256,4160,4000000,pcm-sdk,/workspace/sim/pcm-sdk_zhiyi/pcm/build/bin/htsim_flow_app_atlahs -goal /tmp/scaleup_coll_footprint/inc_fat3tier_reduce_scatter_8_1.bin -nodes 2 -num_gpus_per_node 256 -topo /workspace/simulation-scripts/topo_files/tree16_bw200Gbps.topo -intranode_topo /workspace/simulation-scripts/topo_files/scaleup_3tier_256_4000Gbps.topo -intranode_linkspeed 4000000 -end 100000000 -sender_cc_only -intranode_queue_type lossless_input -link_crosses_csv /tmp/lc_8nyzrh43.csv -mtu 4160 -groups /tmp/scaleup_coll_footprint/inc_fat3tier_reduce_scatter_8_1.groups
fat3tier,scaleup_3tier_256_4000Gbps.topo,reduce_scatter,rdouble,8,32768,1,88,300,366080,740096,3.4091,2.0217,,1291,4031,0,ok,ok,tree16_bw200Gbps.topo,2,256,4160,4000000,pcm-sdk,/workspace/sim/pcm-sdk_zhiyi/pcm/build/bin/htsim_flow_app_atlahs -goal /tmp/scaleup_coll_footprint/inc_fat3tier_reduce_scatter_8_1.bin -nodes 2 -num_gpus_per_node 256 -topo /workspace/simulation-scripts/topo_files/tree16_bw200Gbps.topo -intranode_topo /workspace/simulation-scripts/topo_files/scaleup_3tier_256_4000Gbps.topo -intranode_linkspeed 4000000 -end 100000000 -sender_cc_only -intranode_queue_type lossless_input -link_crosses_csv /tmp/lc_8nyzrh43.csv -mtu 4160 -groups /tmp/scaleup_coll_footprint/inc_fat3tier_reduce_scatter_8_1.groups
fat3tier,scaleup_3tier_256_4000Gbps.topo,bcast,ring,8,32768,1,80,256,332800,540672,3.2000,1.6246,,1291,7349,0,ok,ok,tree16_bw200Gbps.topo,2,256,4160,4000000,pcm-sdk,/workspace/sim/pcm-sdk_zhiyi/pcm/build/bin/htsim_flow_app_atlahs -goal /tmp/scaleup_coll_footprint/inc_fat3tier_bcast_8_1.bin -nodes 2 -num_gpus_per_node 256 -topo /workspace/simulation-scripts/topo_files/tree16_bw200Gbps.topo -intranode_topo /workspace/simulation-scripts/topo_files/scaleup_3tier_256_4000Gbps.topo -intranode_linkspeed 4000000 -end 100000000 -sender_cc_only -intranode_queue_type lossless_input -link_crosses_csv /tmp/lc_pqdlya9m.csv -mtu 4160 -groups /tmp/scaleup_coll_footprint/inc_fat3tier_bcast_8_1.groups
fat3tier,scaleup_3tier_256_4000Gbps.topo,reduce,ring,8,32768,1,88,256,366080,540672,2.9091,1.4769,,1291,7349,0,ok,ok,tree16_bw200Gbps.topo,2,256,4160,4000000,pcm-sdk,/workspace/sim/pcm-sdk_zhiyi/pcm/build/bin/htsim_flow_app_atlahs -goal /tmp/scaleup_coll_footprint/inc_fat3tier_reduce_8_1.bin -nodes 2 -num_gpus_per_node 256 -topo /workspace/simulation-scripts/topo_files/tree16_bw200Gbps.topo -intranode_topo /workspace/simulation-scripts/topo_files/scaleup_3tier_256_4000Gbps.topo -intranode_linkspeed 4000000 -end 100000000 -sender_cc_only -intranode_queue_type lossless_input -link_crosses_csv /tmp/lc_4y_k7318.csv -mtu 4160 -groups /tmp/scaleup_coll_footprint/inc_fat3tier_reduce_8_1.groups
fat3tier,scaleup_3tier_256_4000Gbps.topo,allgather,ring,16,65536,1,320,1200,1331200,2534400,3.7500,1.9038,1.8750,1324,33636,0,ok,ok,tree16_bw200Gbps.topo,2,256,4160,4000000,pcm-sdk,/workspace/sim/pcm-sdk_zhiyi/pcm/build/bin/htsim_flow_app_atlahs -goal /tmp/scaleup_coll_footprint/inc_fat3tier_allgather_16_1.bin -nodes 2 -num_gpus_per_node 256 -topo /workspace/simulation-scripts/topo_files/tree16_bw200Gbps.topo -intranode_topo /workspace/simulation-scripts/topo_files/scaleup_3tier_256_4000Gbps.topo -intranode_linkspeed 4000000 -end 100000000 -sender_cc_only -intranode_queue_type lossless_input -link_crosses_csv /tmp/lc_v5d0azoi.csv -mtu 4160 -groups /tmp/scaleup_coll_footprint/inc_fat3tier_allgather_16_1.groups
fat3tier,scaleup_3tier_256_4000Gbps.topo,allgather,rdouble,16,65536,1,320,1308,1331200,3622656,4.0875,2.7213,1.8750,1324,6375,0,ok,ok,tree16_bw200Gbps.topo,2,256,4160,4000000,pcm-sdk,/workspace/sim/pcm-sdk_zhiyi/pcm/build/bin/htsim_flow_app_atlahs -goal /tmp/scaleup_coll_footprint/inc_fat3tier_allgather_16_1.bin -nodes 2 -num_gpus_per_node 256 -topo /workspace/simulation-scripts/topo_files/tree16_bw200Gbps.topo -intranode_topo /workspace/simulation-scripts/topo_files/scaleup_3tier_256_4000Gbps.topo -intranode_linkspeed 4000000 -end 100000000 -sender_cc_only -intranode_queue_type lossless_input -link_crosses_csv /tmp/lc_v5d0azoi.csv -mtu 4160 -groups /tmp/scaleup_coll_footprint/inc_fat3tier_allgather_16_1.groups
fat3tier,scaleup_3tier_256_4000Gbps.topo,allreduce,ring,16,65536,1,640,2400,2662400,5068800,3.7500,1.9038,,1358,67173,0,ok,ok,tree16_bw200Gbps.topo,2,256,4160,4000000,pcm-sdk,/workspace/sim/pcm-sdk_zhiyi/pcm/build/bin/htsim_flow_app_atlahs -goal /tmp/scaleup_coll_footprint/inc_fat3tier_allreduce_16_1.bin -nodes 2 -num_gpus_per_node 256 -topo /workspace/simulation-scripts/topo_files/tree16_bw200Gbps.topo -intranode_topo /workspace/simulation-scripts/topo_files/scaleup_3tier_256_4000Gbps.topo -intranode_linkspeed 4000000 -end 100000000 -sender_cc_only -intranode_queue_type lossless_input -link_crosses_csv /tmp/lc_5lkxpk6y.csv -mtu 4160 -groups /tmp/scaleup_coll_footprint/inc_fat3tier_allreduce_16_1.groups
fat3tier,scaleup_3tier_256_4000Gbps.topo,allreduce,rdouble,16,65536,1,640,2656,2662400,7247872,4.1500,2.7223,,1358,12616,0,ok,ok,tree16_bw200Gbps.topo,2,256,4160,4000000,pcm-sdk,/workspace/sim/pcm-sdk_zhiyi/pcm/build/bin/htsim_flow_app_atlahs -goal /tmp/scaleup_coll_footprint/inc_fat3tier_allreduce_16_1.bin -nodes 2 -num_gpus_per_node 256 -topo /workspace/simulation-scripts/topo_files/tree16_bw200Gbps.topo -intranode_topo /workspace/simulation-scripts/topo_files/scaleup_3tier_256_4000Gbps.topo -intranode_linkspeed 4000000 -end 100000000 -sender_cc_only -intranode_queue_type lossless_input -link_crosses_csv /tmp/lc_5lkxpk6y.csv -mtu 4160 -groups /tmp/scaleup_coll_footprint/inc_fat3tier_allreduce_16_1.groups
fat3tier,scaleup_3tier_256_4000Gbps.topo,reduce_scatter,ring,16,65536,1,336,1200,1397760,2534400,3.5714,1.8132,,1358,33636,0,ok,ok,tree16_bw200Gbps.topo,2,256,4160,4000000,pcm-sdk,/workspace/sim/pcm-sdk_zhiyi/pcm/build/bin/htsim_flow_app_atlahs -goal /tmp/scaleup_coll_footprint/inc_fat3tier_reduce_scatter_16_1.bin -nodes 2 -num_gpus_per_node 256 -topo /workspace/simulation-scripts/topo_files/tree16_bw200Gbps.topo -intranode_topo /workspace/simulation-scripts/topo_files/scaleup_3tier_256_4000Gbps.topo -intranode_linkspeed 4000000 -end 100000000 -sender_cc_only -intranode_queue_type lossless_input -link_crosses_csv /tmp/lc_kppbc2kq.csv -mtu 4160 -groups /tmp/scaleup_coll_footprint/inc_fat3tier_reduce_scatter_16_1.groups
fat3tier,scaleup_3tier_256_4000Gbps.topo,reduce_scatter,rdouble,16,65536,1,336,1312,1397760,3622912,3.9048,2.5919,,1358,6366,0,ok,ok,tree16_bw200Gbps.topo,2,256,4160,4000000,pcm-sdk,/workspace/sim/pcm-sdk_zhiyi/pcm/build/bin/htsim_flow_app_atlahs -goal /tmp/scaleup_coll_footprint/inc_fat3tier_reduce_scatter_16_1.bin -nodes 2 -num_gpus_per_node 256 -topo /workspace/simulation-scripts/topo_files/tree16_bw200Gbps.topo -intranode_topo /workspace/simulation-scripts/topo_files/scaleup_3tier_256_4000Gbps.topo -intranode_linkspeed 4000000 -end 100000000 -sender_cc_only -intranode_queue_type lossless_input -link_crosses_csv /tmp/lc_kppbc2kq.csv -mtu 4160 -groups /tmp/scaleup_coll_footprint/inc_fat3tier_reduce_scatter_16_1.groups
fat3tier,scaleup_3tier_256_4000Gbps.topo,bcast,ring,16,65536,1,320,1152,1331200,2433024,3.6000,1.8277,,1358,16846,0,ok,ok,tree16_bw200Gbps.topo,2,256,4160,4000000,pcm-sdk,/workspace/sim/pcm-sdk_zhiyi/pcm/build/bin/htsim_flow_app_atlahs -goal /tmp/scaleup_coll_footprint/inc_fat3tier_bcast_16_1.bin -nodes 2 -num_gpus_per_node 256 -topo /workspace/simulation-scripts/topo_files/tree16_bw200Gbps.topo -intranode_topo /workspace/simulation-scripts/topo_files/scaleup_3tier_256_4000Gbps.topo -intranode_linkspeed 4000000 -end 100000000 -sender_cc_only -intranode_queue_type lossless_input -link_crosses_csv /tmp/lc_hw9kxele.csv -mtu 4160 -groups /tmp/scaleup_coll_footprint/inc_fat3tier_bcast_16_1.groups
fat3tier,scaleup_3tier_256_4000Gbps.topo,reduce,ring,16,65536,1,336,1152,1397760,2433024,3.4286,1.7407,,1358,16846,0,ok,ok,tree16_bw200Gbps.topo,2,256,4160,4000000,pcm-sdk,/workspace/sim/pcm-sdk_zhiyi/pcm/build/bin/htsim_flow_app_atlahs -goal /tmp/scaleup_coll_footprint/inc_fat3tier_reduce_16_1.bin -nodes 2 -num_gpus_per_node 256 -topo /workspace/simulation-scripts/topo_files/tree16_bw200Gbps.topo -intranode_topo /workspace/simulation-scripts/topo_files/scaleup_3tier_256_4000Gbps.topo -intranode_linkspeed 4000000 -end 100000000 -sender_cc_only -intranode_queue_type lossless_input -link_crosses_csv /tmp/lc_tjfj0nt3.csv -mtu 4160 -groups /tmp/scaleup_coll_footprint/inc_fat3tier_reduce_16_1.groups
fat3tier,scaleup_3tier_256_4000Gbps.topo,allgather,ring,32,131072,1,1344,5208,5591040,10999296,3.8750,1.9673,1.9375,2074,113333,0,ok,ok,tree16_bw200Gbps.topo,2,256,4160,4000000,pcm-sdk,/workspace/sim/pcm-sdk_zhiyi/pcm/build/bin/htsim_flow_app_atlahs -goal /tmp/scaleup_coll_footprint/inc_fat3tier_allgather_32_1.bin -nodes 2 -num_gpus_per_node 256 -topo /workspace/simulation-scripts/topo_files/tree16_bw200Gbps.topo -intranode_topo /workspace/simulation-scripts/topo_files/scaleup_3tier_256_4000Gbps.topo -intranode_linkspeed 4000000 -end 100000000 -sender_cc_only -intranode_queue_type lossless_input -link_crosses_csv /tmp/lc_z_1kid1v.csv -mtu 4160 -groups /tmp/scaleup_coll_footprint/inc_fat3tier_allgather_32_1.groups
fat3tier,scaleup_3tier_256_4000Gbps.topo,allgather,rdouble,32,131072,1,1344,6758,5591040,20093312,5.0283,3.5938,1.9375,2074,10194,0,ok,ok,tree16_bw200Gbps.topo,2,256,4160,4000000,pcm-sdk,/workspace/sim/pcm-sdk_zhiyi/pcm/build/bin/htsim_flow_app_atlahs -goal /tmp/scaleup_coll_footprint/inc_fat3tier_allgather_32_1.bin -nodes 2 -num_gpus_per_node 256 -topo /workspace/simulation-scripts/topo_files/tree16_bw200Gbps.topo -intranode_topo /workspace/simulation-scripts/topo_files/scaleup_3tier_256_4000Gbps.topo -intranode_linkspeed 4000000 -end 100000000 -sender_cc_only -intranode_queue_type lossless_input -link_crosses_csv /tmp/lc_z_1kid1v.csv -mtu 4160 -groups /tmp/scaleup_coll_footprint/inc_fat3tier_allgather_32_1.groups
fat3tier,scaleup_3tier_256_4000Gbps.topo,allreduce,ring,32,131072,1,2688,10416,11182080,21998592,3.8750,1.9673,,2207,226566,0,ok,ok,tree16_bw200Gbps.topo,2,256,4160,4000000,pcm-sdk,/workspace/sim/pcm-sdk_zhiyi/pcm/build/bin/htsim_flow_app_atlahs -goal /tmp/scaleup_coll_footprint/inc_fat3tier_allreduce_32_1.bin -nodes 2 -num_gpus_per_node 256 -topo /workspace/simulation-scripts/topo_files/tree16_bw200Gbps.topo -intranode_topo /workspace/simulation-scripts/topo_files/scaleup_3tier_256_4000Gbps.topo -intranode_linkspeed 4000000 -end 100000000 -sender_cc_only -intranode_queue_type lossless_input -link_crosses_csv /tmp/lc_t0q1lp8u.csv -mtu 4160 -groups /tmp/scaleup_coll_footprint/inc_fat3tier_allreduce_32_1.groups
fat3tier,scaleup_3tier_256_4000Gbps.topo,allreduce,rdouble,32,131072,1,2688,13504,11182080,40185856,5.0238,3.5938,,2207,20348,0,ok,ok,tree16_bw200Gbps.topo,2,256,4160,4000000,pcm-sdk,/workspace/sim/pcm-sdk_zhiyi/pcm/build/bin/htsim_flow_app_atlahs -goal /tmp/scaleup_coll_footprint/inc_fat3tier_allreduce_32_1.bin -nodes 2 -num_gpus_per_node 256 -topo /workspace/simulation-scripts/topo_files/tree16_bw200Gbps.topo -intranode_topo /workspace/simulation-scripts/topo_files/scaleup_3tier_256_4000Gbps.topo -intranode_linkspeed 4000000 -end 100000000 -sender_cc_only -intranode_queue_type lossless_input -link_crosses_csv /tmp/lc_t0q1lp8u.csv -mtu 4160 -groups /tmp/scaleup_coll_footprint/inc_fat3tier_allreduce_32_1.groups
fat3tier,scaleup_3tier_256_4000Gbps.topo,reduce_scatter,ring,32,131072,1,1408,5208,5857280,10999296,3.6989,1.8779,,2216,113333,0,ok,ok,tree16_bw200Gbps.topo,2,256,4160,4000000,pcm-sdk,/workspace/sim/pcm-sdk_zhiyi/pcm/build/bin/htsim_flow_app_atlahs -goal /tmp/scaleup_coll_footprint/inc_fat3tier_reduce_scatter_32_1.bin -nodes 2 -num_gpus_per_node 256 -topo /workspace/simulation-scripts/topo_files/tree16_bw200Gbps.topo -intranode_topo /workspace/simulation-scripts/topo_files/scaleup_3tier_256_4000Gbps.topo -intranode_linkspeed 4000000 -end 100000000 -sender_cc_only -intranode_queue_type lossless_input -link_crosses_csv /tmp/lc_8j303iik.csv -mtu 4160 -groups /tmp/scaleup_coll_footprint/inc_fat3tier_reduce_scatter_32_1.groups
fat3tier,scaleup_3tier_256_4000Gbps.topo,reduce_scatter,rdouble,32,131072,1,1408,6726,5857280,20091264,4.7770,3.4301,,2216,10212,0,ok,ok,tree16_bw200Gbps.topo,2,256,4160,4000000,pcm-sdk,/workspace/sim/pcm-sdk_zhiyi/pcm/build/bin/htsim_flow_app_atlahs -goal /tmp/scaleup_coll_footprint/inc_fat3tier_reduce_scatter_32_1.bin -nodes 2 -num_gpus_per_node 256 -topo /workspace/simulation-scripts/topo_files/tree16_bw200Gbps.topo -intranode_topo /workspace/simulation-scripts/topo_files/scaleup_3tier_256_4000Gbps.topo -intranode_linkspeed 4000000 -end 100000000 -sender_cc_only -intranode_queue_type lossless_input -link_crosses_csv /tmp/lc_8j303iik.csv -mtu 4160 -groups /tmp/scaleup_coll_footprint/inc_fat3tier_reduce_scatter_32_1.groups
fat3tier,scaleup_3tier_256_4000Gbps.topo,bcast,ring,32,131072,1,1344,4992,5591040,10543104,3.7143,1.8857,,2207,37256,0,ok,ok,tree16_bw200Gbps.topo,2,256,4160,4000000,pcm-sdk,/workspace/sim/pcm-sdk_zhiyi/pcm/build/bin/htsim_flow_app_atlahs -goal /tmp/scaleup_coll_footprint/inc_fat3tier_bcast_32_1.bin -nodes 2 -num_gpus_per_node 256 -topo /workspace/simulation-scripts/topo_files/tree16_bw200Gbps.topo -intranode_topo /workspace/simulation-scripts/topo_files/scaleup_3tier_256_4000Gbps.topo -intranode_linkspeed 4000000 -end 100000000 -sender_cc_only -intranode_queue_type lossless_input -link_crosses_csv /tmp/lc_ie98m_qv.csv -mtu 4160 -groups /tmp/scaleup_coll_footprint/inc_fat3tier_bcast_32_1.groups
fat3tier,scaleup_3tier_256_4000Gbps.topo,reduce,ring,32,131072,1,1408,4992,5857280,10543104,3.5455,1.8000,,2207,37256,0,ok,ok,tree16_bw200Gbps.topo,2,256,4160,4000000,pcm-sdk,/workspace/sim/pcm-sdk_zhiyi/pcm/build/bin/htsim_flow_app_atlahs -goal /tmp/scaleup_coll_footprint/inc_fat3tier_reduce_32_1.bin -nodes 2 -num_gpus_per_node 256 -topo /workspace/simulation-scripts/topo_files/tree16_bw200Gbps.topo -intranode_topo /workspace/simulation-scripts/topo_files/scaleup_3tier_256_4000Gbps.topo -intranode_linkspeed 4000000 -end 100000000 -sender_cc_only -intranode_queue_type lossless_input -link_crosses_csv /tmp/lc_6e4fjvql.csv -mtu 4160 -groups /tmp/scaleup_coll_footprint/inc_fat3tier_reduce_32_1.groups
fat3tier,scaleup_3tier_256_4000Gbps.topo,allgather,ring,64,262144,1,5376,21168,22364160,44706816,3.9375,1.9990,1.9688,2340,230219,0,ok,ok,tree16_bw200Gbps.topo,2,256,4160,4000000,pcm-sdk,/workspace/sim/pcm-sdk_zhiyi/pcm/build/bin/htsim_flow_app_atlahs -goal /tmp/scaleup_coll_footprint/inc_fat3tier_allgather_64_1.bin -nodes 2 -num_gpus_per_node 256 -topo /workspace/simulation-scripts/topo_files/tree16_bw200Gbps.topo -intranode_topo /workspace/simulation-scripts/topo_files/scaleup_3tier_256_4000Gbps.topo -intranode_linkspeed 4000000 -end 100000000 -sender_cc_only -intranode_queue_type lossless_input -link_crosses_csv /tmp/lc_ez7vqmjj.csv -mtu 4160 -groups /tmp/scaleup_coll_footprint/inc_fat3tier_allgather_64_1.groups
fat3tier,scaleup_3tier_256_4000Gbps.topo,allgather,rdouble,64,262144,1,5376,29444,22364160,91537664,5.4769,4.0931,1.9688,2340,14212,0,ok,ok,tree16_bw200Gbps.topo,2,256,4160,4000000,pcm-sdk,/workspace/sim/pcm-sdk_zhiyi/pcm/build/bin/htsim_flow_app_atlahs -goal /tmp/scaleup_coll_footprint/inc_fat3tier_allgather_64_1.bin -nodes 2 -num_gpus_per_node 256 -topo /workspace/simulation-scripts/topo_files/tree16_bw200Gbps.topo -intranode_topo /workspace/simulation-scripts/topo_files/scaleup_3tier_256_4000Gbps.topo -intranode_linkspeed 4000000 -end 100000000 -sender_cc_only -intranode_queue_type lossless_input -link_crosses_csv /tmp/lc_ez7vqmjj.csv -mtu 4160 -groups /tmp/scaleup_coll_footprint/inc_fat3tier_allgather_64_1.groups
fat3tier,scaleup_3tier_256_4000Gbps.topo,allreduce,ring,64,262144,1,10752,42336,44728320,89413632,3.9375,1.9990,,2474,460338,0,ok,ok,tree16_bw200Gbps.topo,2,256,4160,4000000,pcm-sdk,/workspace/sim/pcm-sdk_zhiyi/pcm/build/bin/htsim_flow_app_atlahs -goal /tmp/scaleup_coll_footprint/inc_fat3tier_allreduce_64_1.bin -nodes 2 -num_gpus_per_node 256 -topo /workspace/simulation-scripts/topo_files/tree16_bw200Gbps.topo -intranode_topo /workspace/simulation-scripts/topo_files/scaleup_3tier_256_4000Gbps.topo -intranode_linkspeed 4000000 -end 100000000 -sender_cc_only -intranode_queue_type lossless_input -link_crosses_csv /tmp/lc_a3uz1nlt.csv -mtu 4160 -groups /tmp/scaleup_coll_footprint/inc_fat3tier_allreduce_64_1.groups
fat3tier,scaleup_3tier_256_4000Gbps.topo,allreduce,rdouble,64,262144,1,10752,58710,44728320,183063936,5.4604,4.0928,,2474,28333,0,ok,ok,tree16_bw200Gbps.topo,2,256,4160,4000000,pcm-sdk,/workspace/sim/pcm-sdk_zhiyi/pcm/build/bin/htsim_flow_app_atlahs -goal /tmp/scaleup_coll_footprint/inc_fat3tier_allreduce_64_1.bin -nodes 2 -num_gpus_per_node 256 -topo /workspace/simulation-scripts/topo_files/tree16_bw200Gbps.topo -intranode_topo /workspace/simulation-scripts/topo_files/scaleup_3tier_256_4000Gbps.topo -intranode_linkspeed 4000000 -end 100000000 -sender_cc_only -intranode_queue_type lossless_input -link_crosses_csv /tmp/lc_a3uz1nlt.csv -mtu 4160 -groups /tmp/scaleup_coll_footprint/inc_fat3tier_allreduce_64_1.groups
fat3tier,scaleup_3tier_256_4000Gbps.topo,reduce_scatter,ring,64,262144,1,5504,21168,22896640,44706816,3.8459,1.9525,,2482,230219,0,ok,ok,tree16_bw200Gbps.topo,2,256,4160,4000000,pcm-sdk,/workspace/sim/pcm-sdk_zhiyi/pcm/build/bin/htsim_flow_app_atlahs -goal /tmp/scaleup_coll_footprint/inc_fat3tier_reduce_scatter_64_1.bin -nodes 2 -num_gpus_per_node 256 -topo /workspace/simulation-scripts/topo_files/tree16_bw200Gbps.topo -intranode_topo /workspace/simulation-scripts/topo_files/scaleup_3tier_256_4000Gbps.topo -intranode_linkspeed 4000000 -end 100000000 -sender_cc_only -intranode_queue_type lossless_input -link_crosses_csv /tmp/lc_93nx0mod.csv -mtu 4160 -groups /tmp/scaleup_coll_footprint/inc_fat3tier_reduce_scatter_64_1.groups
fat3tier,scaleup_3tier_256_4000Gbps.topo,reduce_scatter,rdouble,64,262144,1,5504,29360,22896640,91532288,5.3343,3.9976,,2482,14228,0,ok,ok,tree16_bw200Gbps.topo,2,256,4160,4000000,pcm-sdk,/workspace/sim/pcm-sdk_zhiyi/pcm/build/bin/htsim_flow_app_atlahs -goal /tmp/scaleup_coll_footprint/inc_fat3tier_reduce_scatter_64_1.bin -nodes 2 -num_gpus_per_node 256 -topo /workspace/simulation-scripts/topo_files/tree16_bw200Gbps.topo -intranode_topo /workspace/simulation-scripts/topo_files/scaleup_3tier_256_4000Gbps.topo -intranode_linkspeed 4000000 -end 100000000 -sender_cc_only -intranode_queue_type lossless_input -link_crosses_csv /tmp/lc_93nx0mod.csv -mtu 4160 -groups /tmp/scaleup_coll_footprint/inc_fat3tier_reduce_scatter_64_1.groups
fat3tier,scaleup_3tier_256_4000Gbps.topo,bcast,ring,64,262144,1,5376,20736,22364160,43794432,3.8571,1.9582,,2474,78078,0,ok,ok,tree16_bw200Gbps.topo,2,256,4160,4000000,pcm-sdk,/workspace/sim/pcm-sdk_zhiyi/pcm/build/bin/htsim_flow_app_atlahs -goal /tmp/scaleup_coll_footprint/inc_fat3tier_bcast_64_1.bin -nodes 2 -num_gpus_per_node 256 -topo /workspace/simulation-scripts/topo_files/tree16_bw200Gbps.topo -intranode_topo /workspace/simulation-scripts/topo_files/scaleup_3tier_256_4000Gbps.topo -intranode_linkspeed 4000000 -end 100000000 -sender_cc_only -intranode_queue_type lossless_input -link_crosses_csv /tmp/lc_250990wl.csv -mtu 4160 -groups /tmp/scaleup_coll_footprint/inc_fat3tier_bcast_64_1.groups
fat3tier,scaleup_3tier_256_4000Gbps.topo,reduce,ring,64,262144,1,5504,20736,22896640,43794432,3.7674,1.9127,,2474,78078,0,ok,ok,tree16_bw200Gbps.topo,2,256,4160,4000000,pcm-sdk,/workspace/sim/pcm-sdk_zhiyi/pcm/build/bin/htsim_flow_app_atlahs -goal /tmp/scaleup_coll_footprint/inc_fat3tier_reduce_64_1.bin -nodes 2 -num_gpus_per_node 256 -topo /workspace/simulation-scripts/topo_files/tree16_bw200Gbps.topo -intranode_topo /workspace/simulation-scripts/topo_files/scaleup_3tier_256_4000Gbps.topo -intranode_linkspeed 4000000 -end 100000000 -sender_cc_only -intranode_queue_type lossless_input -link_crosses_csv /tmp/lc_pbol4fgk.csv -mtu 4160 -groups /tmp/scaleup_coll_footprint/inc_fat3tier_reduce_64_1.groups
fat3tier,scaleup_3tier_256_4000Gbps.topo,allgather,ring,128,524288,1,21504,85344,89456640,180246528,3.9688,2.0149,1.9844,2873,463991,0,ok,ok,tree16_bw200Gbps.topo,2,256,4160,4000000,pcm-sdk,/workspace/sim/pcm-sdk_zhiyi/pcm/build/bin/htsim_flow_app_atlahs -goal /tmp/scaleup_coll_footprint/inc_fat3tier_allgather_128_1.bin -nodes 2 -num_gpus_per_node 256 -topo /workspace/simulation-scripts/topo_files/tree16_bw200Gbps.topo -intranode_topo /workspace/simulation-scripts/topo_files/scaleup_3tier_256_4000Gbps.topo -intranode_linkspeed 4000000 -end 100000000 -sender_cc_only -intranode_queue_type lossless_input -link_crosses_csv /tmp/lc_7aoafanr.csv -mtu 4160 -groups /tmp/scaleup_coll_footprint/inc_fat3tier_allgather_128_1.groups
fat3tier,scaleup_3tier_256_4000Gbps.topo,allgather,rdouble,128,524288,1,21504,121540,89456640,388411648,5.6520,4.3419,1.9844,2873,18596,0,ok,ok,tree16_bw200Gbps.topo,2,256,4160,4000000,pcm-sdk,/workspace/sim/pcm-sdk_zhiyi/pcm/build/bin/htsim_flow_app_atlahs -goal /tmp/scaleup_coll_footprint/inc_fat3tier_allgather_128_1.bin -nodes 2 -num_gpus_per_node 256 -topo /workspace/simulation-scripts/topo_files/tree16_bw200Gbps.topo -intranode_topo /workspace/simulation-scripts/topo_files/scaleup_3tier_256_4000Gbps.topo -intranode_linkspeed 4000000 -end 100000000 -sender_cc_only -intranode_queue_type lossless_input -link_crosses_csv /tmp/lc_7aoafanr.csv -mtu 4160 -groups /tmp/scaleup_coll_footprint/inc_fat3tier_allgather_128_1.groups
fat3tier,scaleup_3tier_256_4000Gbps.topo,allreduce,ring,128,524288,1,43008,170688,178913280,360493056,3.9688,2.0149,,3006,927882,0,ok,ok,tree16_bw200Gbps.topo,2,256,4160,4000000,pcm-sdk,/workspace/sim/pcm-sdk_zhiyi/pcm/build/bin/htsim_flow_app_atlahs -goal /tmp/scaleup_coll_footprint/inc_fat3tier_allreduce_128_1.bin -nodes 2 -num_gpus_per_node 256 -topo /workspace/simulation-scripts/topo_files/tree16_bw200Gbps.topo -intranode_topo /workspace/simulation-scripts/topo_files/scaleup_3tier_256_4000Gbps.topo -intranode_linkspeed 4000000 -end 100000000 -sender_cc_only -intranode_queue_type lossless_input -link_crosses_csv /tmp/lc_m05pgs50.csv -mtu 4160 -groups /tmp/scaleup_coll_footprint/inc_fat3tier_allreduce_128_1.groups
fat3tier,scaleup_3tier_256_4000Gbps.topo,allreduce,rdouble,128,524288,1,43008,242506,178913280,776786560,5.6386,4.3417,,3006,37050,0,ok,ok,tree16_bw200Gbps.topo,2,256,4160,4000000,pcm-sdk,/workspace/sim/pcm-sdk_zhiyi/pcm/build/bin/htsim_flow_app_atlahs -goal /tmp/scaleup_coll_footprint/inc_fat3tier_allreduce_128_1.bin -nodes 2 -num_gpus_per_node 256 -topo /workspace/simulation-scripts/topo_files/tree16_bw200Gbps.topo -intranode_topo /workspace/simulation-scripts/topo_files/scaleup_3tier_256_4000Gbps.topo -intranode_linkspeed 4000000 -end 100000000 -sender_cc_only -intranode_queue_type lossless_input -link_crosses_csv /tmp/lc_m05pgs50.csv -mtu 4160 -groups /tmp/scaleup_coll_footprint/inc_fat3tier_allreduce_128_1.groups
fat3tier,scaleup_3tier_256_4000Gbps.topo,reduce_scatter,ring,128,524288,1,21760,85344,90521600,180246528,3.9221,1.9912,,3014,463991,0,ok,ok,tree16_bw200Gbps.topo,2,256,4160,4000000,pcm-sdk,/workspace/sim/pcm-sdk_zhiyi/pcm/build/bin/htsim_flow_app_atlahs -goal /tmp/scaleup_coll_footprint/inc_fat3tier_reduce_scatter_128_1.bin -nodes 2 -num_gpus_per_node 256 -topo /workspace/simulation-scripts/topo_files/tree16_bw200Gbps.topo -intranode_topo /workspace/simulation-scripts/topo_files/scaleup_3tier_256_4000Gbps.topo -intranode_linkspeed 4000000 -end 100000000 -sender_cc_only -intranode_queue_type lossless_input -link_crosses_csv /tmp/lc_1kwxxxbh.csv -mtu 4160 -groups /tmp/scaleup_coll_footprint/inc_fat3tier_reduce_scatter_128_1.groups
fat3tier,scaleup_3tier_256_4000Gbps.topo,reduce_scatter,rdouble,128,524288,1,21760,121142,90521600,388386176,5.5672,4.2905,,3014,18571,0,ok,ok,tree16_bw200Gbps.topo,2,256,4160,4000000,pcm-sdk,/workspace/sim/pcm-sdk_zhiyi/pcm/build/bin/htsim_flow_app_atlahs -goal /tmp/scaleup_coll_footprint/inc_fat3tier_reduce_scatter_128_1.bin -nodes 2 -num_gpus_per_node 256 -topo /workspace/simulation-scripts/topo_files/tree16_bw200Gbps.topo -intranode_topo /workspace/simulation-scripts/topo_files/scaleup_3tier_256_4000Gbps.topo -intranode_linkspeed 4000000 -end 100000000 -sender_cc_only -intranode_queue_type lossless_input -link_crosses_csv /tmp/lc_1kwxxxbh.csv -mtu 4160 -groups /tmp/scaleup_coll_footprint/inc_fat3tier_reduce_scatter_128_1.groups
fat3tier,scaleup_3tier_256_4000Gbps.topo,bcast,ring,128,524288,1,21504,84480,89456640,178421760,3.9286,1.9945,,3006,159986,0,ok,ok,tree16_bw200Gbps.topo,2,256,4160,4000000,pcm-sdk,/workspace/sim/pcm-sdk_zhiyi/pcm/build/bin/htsim_flow_app_atlahs -goal /tmp/scaleup_coll_footprint/inc_fat3tier_bcast_128_1.bin -nodes 2 -num_gpus_per_node 256 -topo /workspace/simulation-scripts/topo_files/tree16_bw200Gbps.topo -intranode_topo /workspace/simulation-scripts/topo_files/scaleup_3tier_256_4000Gbps.topo -intranode_linkspeed 4000000 -end 100000000 -sender_cc_only -intranode_queue_type lossless_input -link_crosses_csv /tmp/lc_lh62mok1.csv -mtu 4160 -groups /tmp/scaleup_coll_footprint/inc_fat3tier_bcast_128_1.groups
fat3tier,scaleup_3tier_256_4000Gbps.topo,reduce,ring,128,524288,1,21760,84480,90521600,178421760,3.8824,1.9710,,3006,159986,0,ok,ok,tree16_bw200Gbps.topo,2,256,4160,4000000,pcm-sdk,/workspace/sim/pcm-sdk_zhiyi/pcm/build/bin/htsim_flow_app_atlahs -goal /tmp/scaleup_coll_footprint/inc_fat3tier_reduce_128_1.bin -nodes 2 -num_gpus_per_node 256 -topo /workspace/simulation-scripts/topo_files/tree16_bw200Gbps.topo -intranode_topo /workspace/simulation-scripts/topo_files/scaleup_3tier_256_4000Gbps.topo -intranode_linkspeed 4000000 -end 100000000 -sender_cc_only -intranode_queue_type lossless_input -link_crosses_csv /tmp/lc_hf9x1ezl.csv -mtu 4160 -groups /tmp/scaleup_coll_footprint/inc_fat3tier_reduce_128_1.groups
fat3tier,scaleup_3tier_256_4000Gbps.topo,allgather,ring,256,1048576,1,86016,342720,357826560,723824640,3.9844,2.0228,1.9922,3938,931535,0,ok,ok,tree16_bw200Gbps.topo,2,256,4160,4000000,pcm-sdk,/workspace/sim/pcm-sdk_zhiyi/pcm/build/bin/htsim_flow_app_atlahs -goal /tmp/scaleup_coll_footprint/inc_fat3tier_allgather_256_1.bin -nodes 2 -num_gpus_per_node 256 -topo /workspace/simulation-scripts/topo_files/tree16_bw200Gbps.topo -intranode_topo /workspace/simulation-scripts/topo_files/scaleup_3tier_256_4000Gbps.topo -intranode_linkspeed 4000000 -end 100000000 -sender_cc_only -intranode_queue_type lossless_input -link_crosses_csv /tmp/lc_4i6kmwb3.csv -mtu 4160 -groups /tmp/scaleup_coll_footprint/inc_fat3tier_allgather_256_1.groups
fat3tier,scaleup_3tier_256_4000Gbps.topo,allgather,rdouble,256,1048576,1,86016,490786,357826560,1597982848,5.7058,4.4658,1.9922,3938,23680,0,ok,ok,tree16_bw200Gbps.topo,2,256,4160,4000000,pcm-sdk,/workspace/sim/pcm-sdk_zhiyi/pcm/build/bin/htsim_flow_app_atlahs -goal /tmp/scaleup_coll_footprint/inc_fat3tier_allgather_256_1.bin -nodes 2 -num_gpus_per_node 256 -topo /workspace/simulation-scripts/topo_files/tree16_bw200Gbps.topo -intranode_topo /workspace/simulation-scripts/topo_files/scaleup_3tier_256_4000Gbps.topo -intranode_linkspeed 4000000 -end 100000000 -sender_cc_only -intranode_queue_type lossless_input -link_crosses_csv /tmp/lc_4i6kmwb3.csv -mtu 4160 -groups /tmp/scaleup_coll_footprint/inc_fat3tier_allgather_256_1.groups
fat3tier,scaleup_3tier_256_4000Gbps.topo,allreduce,ring,256,1048576,1,172032,685440,715653120,1447649280,3.9844,2.0228,,4071,1862970,0,ok,ok,tree16_bw200Gbps.topo,2,256,4160,4000000,pcm-sdk,/workspace/sim/pcm-sdk_zhiyi/pcm/build/bin/htsim_flow_app_atlahs -goal /tmp/scaleup_coll_footprint/inc_fat3tier_allreduce_256_1.bin -nodes 2 -num_gpus_per_node 256 -topo /workspace/simulation-scripts/topo_files/tree16_bw200Gbps.topo -intranode_topo /workspace/simulation-scripts/topo_files/scaleup_3tier_256_4000Gbps.topo -intranode_linkspeed 4000000 -end 100000000 -sender_cc_only -intranode_queue_type lossless_input -link_crosses_csv /tmp/lc_7gok1k89.csv -mtu 4160 -groups /tmp/scaleup_coll_footprint/inc_fat3tier_allreduce_256_1.groups
fat3tier,scaleup_3tier_256_4000Gbps.topo,allreduce,rdouble,256,1048576,1,172032,981190,715653120,3195941248,5.7035,4.4658,,4071,47782,0,ok,ok,tree16_bw200Gbps.topo,2,256,4160,4000000,pcm-sdk,/workspace/sim/pcm-sdk_zhiyi/pcm/build/bin/htsim_flow_app_atlahs -goal /tmp/scaleup_coll_footprint/inc_fat3tier_allreduce_256_1.bin -nodes 2 -num_gpus_per_node 256 -topo /workspace/simulation-scripts/topo_files/tree16_bw200Gbps.topo -intranode_topo /workspace/simulation-scripts/topo_files/scaleup_3tier_256_4000Gbps.topo -intranode_linkspeed 4000000 -end 100000000 -sender_cc_only -intranode_queue_type lossless_input -link_crosses_csv /tmp/lc_7gok1k89.csv -mtu 4160 -groups /tmp/scaleup_coll_footprint/inc_fat3tier_allreduce_256_1.groups
fat3tier,scaleup_3tier_256_4000Gbps.topo,reduce_scatter,ring,256,1048576,1,86528,342720,359956480,723824640,3.9608,2.0109,,4079,931535,0,ok,ok,tree16_bw200Gbps.topo,2,256,4160,4000000,pcm-sdk,/workspace/sim/pcm-sdk_zhiyi/pcm/build/bin/htsim_flow_app_atlahs -goal /tmp/scaleup_coll_footprint/inc_fat3tier_reduce_scatter_256_1.bin -nodes 2 -num_gpus_per_node 256 -topo /workspace/simulation-scripts/topo_files/tree16_bw200Gbps.topo -intranode_topo /workspace/simulation-scripts/topo_files/scaleup_3tier_256_4000Gbps.topo -intranode_linkspeed 4000000 -end 100000000 -sender_cc_only -intranode_queue_type lossless_input -link_crosses_csv /tmp/lc_4qj9cysv.csv -mtu 4160 -groups /tmp/scaleup_coll_footprint/inc_fat3tier_reduce_scatter_256_1.groups
fat3tier,scaleup_3tier_256_4000Gbps.topo,reduce_scatter,rdouble,256,1048576,1,86528,490464,359956480,1597962240,5.6683,4.4393,,4079,23605,0,ok,ok,tree16_bw200Gbps.topo,2,256,4160,4000000,pcm-sdk,/workspace/sim/pcm-sdk_zhiyi/pcm/build/bin/htsim_flow_app_atlahs -goal /tmp/scaleup_coll_footprint/inc_fat3tier_reduce_scatter_256_1.bin -nodes 2 -num_gpus_per_node 256 -topo /workspace/simulation-scripts/topo_files/tree16_bw200Gbps.topo -intranode_topo /workspace/simulation-scripts/topo_files/scaleup_3tier_256_4000Gbps.topo -intranode_linkspeed 4000000 -end 100000000 -sender_cc_only -intranode_queue_type lossless_input -link_crosses_csv /tmp/lc_4qj9cysv.csv -mtu 4160 -groups /tmp/scaleup_coll_footprint/inc_fat3tier_reduce_scatter_256_1.groups
fat3tier,scaleup_3tier_256_4000Gbps.topo,bcast,ring,256,1048576,1,86016,340992,357826560,720175104,3.9643,2.0126,,4071,324409,0,ok,ok,tree16_bw200Gbps.topo,2,256,4160,4000000,pcm-sdk,/workspace/sim/pcm-sdk_zhiyi/pcm/build/bin/htsim_flow_app_atlahs -goal /tmp/scaleup_coll_footprint/inc_fat3tier_bcast_256_1.bin -nodes 2 -num_gpus_per_node 256 -topo /workspace/simulation-scripts/topo_files/tree16_bw200Gbps.topo -intranode_topo /workspace/simulation-scripts/topo_files/scaleup_3tier_256_4000Gbps.topo -intranode_linkspeed 4000000 -end 100000000 -sender_cc_only -intranode_queue_type lossless_input -link_crosses_csv /tmp/lc_3t68gx12.csv -mtu 4160 -groups /tmp/scaleup_coll_footprint/inc_fat3tier_bcast_256_1.groups
fat3tier,scaleup_3tier_256_4000Gbps.topo,reduce,ring,256,1048576,1,86528,340992,359956480,720175104,3.9408,2.0007,,4071,324349,0,ok,ok,tree16_bw200Gbps.topo,2,256,4160,4000000,pcm-sdk,/workspace/sim/pcm-sdk_zhiyi/pcm/build/bin/htsim_flow_app_atlahs -goal /tmp/scaleup_coll_footprint/inc_fat3tier_reduce_256_1.bin -nodes 2 -num_gpus_per_node 256 -topo /workspace/simulation-scripts/topo_files/tree16_bw200Gbps.topo -intranode_topo /workspace/simulation-scripts/topo_files/scaleup_3tier_256_4000Gbps.topo -intranode_linkspeed 4000000 -end 100000000 -sender_cc_only -intranode_queue_type lossless_input -link_crosses_csv /tmp/lc_plqspivb.csv -mtu 4160 -groups /tmp/scaleup_coll_footprint/inc_fat3tier_reduce_256_1.groups
paper_r32,scaleup_ft_radix32_1024_4000Gbps.topo,allgather,ring,2,8192,1,4,8,16640,16896,2.0000,1.0154,1.0000,516,918,0,ok,ok,tree16_bw200Gbps.topo,2,1024,4160,4000000,pcm-sdk,/workspace/sim/pcm-sdk_zhiyi/pcm/build/bin/htsim_flow_app_atlahs -goal /tmp/scaleup_coll_footprint/inc_paper_r32_allgather_2_1.bin -nodes 2 -num_gpus_per_node 1024 -topo /workspace/simulation-scripts/topo_files/tree16_bw200Gbps.topo -intranode_topo /workspace/simulation-scripts/topo_files/scaleup_ft_radix32_1024_4000Gbps.topo -intranode_linkspeed 4000000 -end 100000000 -sender_cc_only -intranode_queue_type lossless_input -link_crosses_csv /tmp/lc_vl0j85aa.csv -mtu 4160 -groups /tmp/scaleup_coll_footprint/inc_paper_r32_allgather_2_1.groups
paper_r32,scaleup_ft_radix32_1024_4000Gbps.topo,allgather,rdouble,2,8192,1,4,8,16640,16896,2.0000,1.0154,1.0000,516,918,0,ok,ok,tree16_bw200Gbps.topo,2,1024,4160,4000000,pcm-sdk,/workspace/sim/pcm-sdk_zhiyi/pcm/build/bin/htsim_flow_app_atlahs -goal /tmp/scaleup_coll_footprint/inc_paper_r32_allgather_2_1.bin -nodes 2 -num_gpus_per_node 1024 -topo /workspace/simulation-scripts/topo_files/tree16_bw200Gbps.topo -intranode_topo /workspace/simulation-scripts/topo_files/scaleup_ft_radix32_1024_4000Gbps.topo -intranode_linkspeed 4000000 -end 100000000 -sender_cc_only -intranode_queue_type lossless_input -link_crosses_csv /tmp/lc_vl0j85aa.csv -mtu 4160 -groups /tmp/scaleup_coll_footprint/inc_paper_r32_allgather_2_1.groups
paper_r32,scaleup_ft_radix32_1024_4000Gbps.topo,allreduce,ring,2,8192,1,8,16,33280,33792,2.0000,1.0154,,524,1737,0,ok,ok,tree16_bw200Gbps.topo,2,1024,4160,4000000,pcm-sdk,/workspace/sim/pcm-sdk_zhiyi/pcm/build/bin/htsim_flow_app_atlahs -goal /tmp/scaleup_coll_footprint/inc_paper_r32_allreduce_2_1.bin -nodes 2 -num_gpus_per_node 1024 -topo /workspace/simulation-scripts/topo_files/tree16_bw200Gbps.topo -intranode_topo /workspace/simulation-scripts/topo_files/scaleup_ft_radix32_1024_4000Gbps.topo -intranode_linkspeed 4000000 -end 100000000 -sender_cc_only -intranode_queue_type lossless_input -link_crosses_csv /tmp/lc_u07yg49j.csv -mtu 4160 -groups /tmp/scaleup_coll_footprint/inc_paper_r32_allreduce_2_1.groups
paper_r32,scaleup_ft_radix32_1024_4000Gbps.topo,allreduce,rdouble,2,8192,1,8,16,33280,33792,2.0000,1.0154,,524,1737,0,ok,ok,tree16_bw200Gbps.topo,2,1024,4160,4000000,pcm-sdk,/workspace/sim/pcm-sdk_zhiyi/pcm/build/bin/htsim_flow_app_atlahs -goal /tmp/scaleup_coll_footprint/inc_paper_r32_allreduce_2_1.bin -nodes 2 -num_gpus_per_node 1024 -topo /workspace/simulation-scripts/topo_files/tree16_bw200Gbps.topo -intranode_topo /workspace/simulation-scripts/topo_files/scaleup_ft_radix32_1024_4000Gbps.topo -intranode_linkspeed 4000000 -end 100000000 -sender_cc_only -intranode_queue_type lossless_input -link_crosses_csv /tmp/lc_u07yg49j.csv -mtu 4160 -groups /tmp/scaleup_coll_footprint/inc_paper_r32_allreduce_2_1.groups
paper_r32,scaleup_ft_radix32_1024_4000Gbps.topo,reduce_scatter,ring,2,8192,1,4,8,16640,16896,2.0000,1.0154,,516,918,0,ok,ok,tree16_bw200Gbps.topo,2,1024,4160,4000000,pcm-sdk,/workspace/sim/pcm-sdk_zhiyi/pcm/build/bin/htsim_flow_app_atlahs -goal /tmp/scaleup_coll_footprint/inc_paper_r32_reduce_scatter_2_1.bin -nodes 2 -num_gpus_per_node 1024 -topo /workspace/simulation-scripts/topo_files/tree16_bw200Gbps.topo -intranode_topo /workspace/simulation-scripts/topo_files/scaleup_ft_radix32_1024_4000Gbps.topo -intranode_linkspeed 4000000 -end 100000000 -sender_cc_only -intranode_queue_type lossless_input -link_crosses_csv /tmp/lc_h7fu4t64.csv -mtu 4160 -groups /tmp/scaleup_coll_footprint/inc_paper_r32_reduce_scatter_2_1.groups
paper_r32,scaleup_ft_radix32_1024_4000Gbps.topo,reduce_scatter,rdouble,2,8192,1,4,8,16640,16896,2.0000,1.0154,,516,918,0,ok,ok,tree16_bw200Gbps.topo,2,1024,4160,4000000,pcm-sdk,/workspace/sim/pcm-sdk_zhiyi/pcm/build/bin/htsim_flow_app_atlahs -goal /tmp/scaleup_coll_footprint/inc_paper_r32_reduce_scatter_2_1.bin -nodes 2 -num_gpus_per_node 1024 -topo /workspace/simulation-scripts/topo_files/tree16_bw200Gbps.topo -intranode_topo /workspace/simulation-scripts/topo_files/scaleup_ft_radix32_1024_4000Gbps.topo -intranode_linkspeed 4000000 -end 100000000 -sender_cc_only -intranode_queue_type lossless_input -link_crosses_csv /tmp/lc_h7fu4t64.csv -mtu 4160 -groups /tmp/scaleup_coll_footprint/inc_paper_r32_reduce_scatter_2_1.groups
paper_r32,scaleup_ft_radix32_1024_4000Gbps.topo,bcast,ring,2,8192,1,4,8,16640,16896,2.0000,1.0154,,524,934,0,ok,ok,tree16_bw200Gbps.topo,2,1024,4160,4000000,pcm-sdk,/workspace/sim/pcm-sdk_zhiyi/pcm/build/bin/htsim_flow_app_atlahs -goal /tmp/scaleup_coll_footprint/inc_paper_r32_bcast_2_1.bin -nodes 2 -num_gpus_per_node 1024 -topo /workspace/simulation-scripts/topo_files/tree16_bw200Gbps.topo -intranode_topo /workspace/simulation-scripts/topo_files/scaleup_ft_radix32_1024_4000Gbps.topo -intranode_linkspeed 4000000 -end 100000000 -sender_cc_only -intranode_queue_type lossless_input -link_crosses_csv /tmp/lc_uvas6l5d.csv -mtu 4160 -groups /tmp/scaleup_coll_footprint/inc_paper_r32_bcast_2_1.groups
paper_r32,scaleup_ft_radix32_1024_4000Gbps.topo,reduce,ring,2,8192,1,4,8,16640,16896,2.0000,1.0154,,524,934,0,ok,ok,tree16_bw200Gbps.topo,2,1024,4160,4000000,pcm-sdk,/workspace/sim/pcm-sdk_zhiyi/pcm/build/bin/htsim_flow_app_atlahs -goal /tmp/scaleup_coll_footprint/inc_paper_r32_reduce_2_1.bin -nodes 2 -num_gpus_per_node 1024 -topo /workspace/simulation-scripts/topo_files/tree16_bw200Gbps.topo -intranode_topo /workspace/simulation-scripts/topo_files/scaleup_ft_radix32_1024_4000Gbps.topo -intranode_linkspeed 4000000 -end 100000000 -sender_cc_only -intranode_queue_type lossless_input -link_crosses_csv /tmp/lc_zzzjo8em.csv -mtu 4160 -groups /tmp/scaleup_coll_footprint/inc_paper_r32_reduce_2_1.groups
paper_r32,scaleup_ft_radix32_1024_4000Gbps.topo,allgather,ring,4,16384,1,16,48,66560,101376,3.0000,1.5231,1.5000,533,2556,0,ok,ok,tree16_bw200Gbps.topo,2,1024,4160,4000000,pcm-sdk,/workspace/sim/pcm-sdk_zhiyi/pcm/build/bin/htsim_flow_app_atlahs -goal /tmp/scaleup_coll_footprint/inc_paper_r32_allgather_4_1.bin -nodes 2 -num_gpus_per_node 1024 -topo /workspace/simulation-scripts/topo_files/tree16_bw200Gbps.topo -intranode_topo /workspace/simulation-scripts/topo_files/scaleup_ft_radix32_1024_4000Gbps.topo -intranode_linkspeed 4000000 -end 100000000 -sender_cc_only -intranode_queue_type lossless_input -link_crosses_csv /tmp/lc_e58y10mx.csv -mtu 4160 -groups /tmp/scaleup_coll_footprint/inc_paper_r32_allgather_4_1.groups
paper_r32,scaleup_ft_radix32_1024_4000Gbps.topo,allgather,rdouble,4,16384,1,16,48,66560,101376,3.0000,1.5231,1.5000,533,1746,0,ok,ok,tree16_bw200Gbps.topo,2,1024,4160,4000000,pcm-sdk,/workspace/sim/pcm-sdk_zhiyi/pcm/build/bin/htsim_flow_app_atlahs -goal /tmp/scaleup_coll_footprint/inc_paper_r32_allgather_4_1.bin -nodes 2 -num_gpus_per_node 1024 -topo /workspace/simulation-scripts/topo_files/tree16_bw200Gbps.topo -intranode_topo /workspace/simulation-scripts/topo_files/scaleup_ft_radix32_1024_4000Gbps.topo -intranode_linkspeed 4000000 -end 100000000 -sender_cc_only -intranode_queue_type lossless_input -link_crosses_csv /tmp/lc_e58y10mx.csv -mtu 4160 -groups /tmp/scaleup_coll_footprint/inc_paper_r32_allgather_4_1.groups
paper_r32,scaleup_ft_radix32_1024_4000Gbps.topo,allreduce,ring,4,16384,1,32,96,133120,202752,3.0000,1.5231,,541,5013,0,ok,ok,tree16_bw200Gbps.topo,2,1024,4160,4000000,pcm-sdk,/workspace/sim/pcm-sdk_zhiyi/pcm/build/bin/htsim_flow_app_atlahs -goal /tmp/scaleup_coll_footprint/inc_paper_r32_allreduce_4_1.bin -nodes 2 -num_gpus_per_node 1024 -topo /workspace/simulation-scripts/topo_files/tree16_bw200Gbps.topo -intranode_topo /workspace/simulation-scripts/topo_files/scaleup_ft_radix32_1024_4000Gbps.topo -intranode_linkspeed 4000000 -end 100000000 -sender_cc_only -intranode_queue_type lossless_input -link_crosses_csv /tmp/lc_sshx7di1.csv -mtu 4160 -groups /tmp/scaleup_coll_footprint/inc_paper_r32_allreduce_4_1.groups
paper_r32,scaleup_ft_radix32_1024_4000Gbps.topo,allreduce,rdouble,4,16384,1,32,96,133120,202752,3.0000,1.5231,,541,3392,0,ok,ok,tree16_bw200Gbps.topo,2,1024,4160,4000000,pcm-sdk,/workspace/sim/pcm-sdk_zhiyi/pcm/build/bin/htsim_flow_app_atlahs -goal /tmp/scaleup_coll_footprint/inc_paper_r32_allreduce_4_1.bin -nodes 2 -num_gpus_per_node 1024 -topo /workspace/simulation-scripts/topo_files/tree16_bw200Gbps.topo -intranode_topo /workspace/simulation-scripts/topo_files/scaleup_ft_radix32_1024_4000Gbps.topo -intranode_linkspeed 4000000 -end 100000000 -sender_cc_only -intranode_queue_type lossless_input -link_crosses_csv /tmp/lc_sshx7di1.csv -mtu 4160 -groups /tmp/scaleup_coll_footprint/inc_paper_r32_allreduce_4_1.groups
paper_r32,scaleup_ft_radix32_1024_4000Gbps.topo,reduce_scatter,ring,4,16384,1,16,48,66560,101376,3.0000,1.5231,,533,2556,0,ok,ok,tree16_bw200Gbps.topo,2,1024,4160,4000000,pcm-sdk,/workspace/sim/pcm-sdk_zhiyi/pcm/build/bin/htsim_flow_app_atlahs -goal /tmp/scaleup_coll_footprint/inc_paper_r32_reduce_scatter_4_1.bin -nodes 2 -num_gpus_per_node 1024 -topo /workspace/simulation-scripts/topo_files/tree16_bw200Gbps.topo -intranode_topo /workspace/simulation-scripts/topo_files/scaleup_ft_radix32_1024_4000Gbps.topo -intranode_linkspeed 4000000 -end 100000000 -sender_cc_only -intranode_queue_type lossless_input -link_crosses_csv /tmp/lc_uok1qs3b.csv -mtu 4160 -groups /tmp/scaleup_coll_footprint/inc_paper_r32_reduce_scatter_4_1.groups
paper_r32,scaleup_ft_radix32_1024_4000Gbps.topo,reduce_scatter,rdouble,4,16384,1,16,48,66560,101376,3.0000,1.5231,,533,1746,0,ok,ok,tree16_bw200Gbps.topo,2,1024,4160,4000000,pcm-sdk,/workspace/sim/pcm-sdk_zhiyi/pcm/build/bin/htsim_flow_app_atlahs -goal /tmp/scaleup_coll_footprint/inc_paper_r32_reduce_scatter_4_1.bin -nodes 2 -num_gpus_per_node 1024 -topo /workspace/simulation-scripts/topo_files/tree16_bw200Gbps.topo -intranode_topo /workspace/simulation-scripts/topo_files/scaleup_ft_radix32_1024_4000Gbps.topo -intranode_linkspeed 4000000 -end 100000000 -sender_cc_only -intranode_queue_type lossless_input -link_crosses_csv /tmp/lc_uok1qs3b.csv -mtu 4160 -groups /tmp/scaleup_coll_footprint/inc_paper_r32_reduce_scatter_4_1.groups
paper_r32,scaleup_ft_radix32_1024_4000Gbps.topo,bcast,ring,4,16384,1,16,48,66560,101376,3.0000,1.5231,,541,2600,0,ok,ok,tree16_bw200Gbps.topo,2,1024,4160,4000000,pcm-sdk,/workspace/sim/pcm-sdk_zhiyi/pcm/build/bin/htsim_flow_app_atlahs -goal /tmp/scaleup_coll_footprint/inc_paper_r32_bcast_4_1.bin -nodes 2 -num_gpus_per_node 1024 -topo /workspace/simulation-scripts/topo_files/tree16_bw200Gbps.topo -intranode_topo /workspace/simulation-scripts/topo_files/scaleup_ft_radix32_1024_4000Gbps.topo -intranode_linkspeed 4000000 -end 100000000 -sender_cc_only -intranode_queue_type lossless_input -link_crosses_csv /tmp/lc_kmgrf5r5.csv -mtu 4160 -groups /tmp/scaleup_coll_footprint/inc_paper_r32_bcast_4_1.groups
paper_r32,scaleup_ft_radix32_1024_4000Gbps.topo,reduce,ring,4,16384,1,16,48,66560,101376,3.0000,1.5231,,541,2600,0,ok,ok,tree16_bw200Gbps.topo,2,1024,4160,4000000,pcm-sdk,/workspace/sim/pcm-sdk_zhiyi/pcm/build/bin/htsim_flow_app_atlahs -goal /tmp/scaleup_coll_footprint/inc_paper_r32_reduce_4_1.bin -nodes 2 -num_gpus_per_node 1024 -topo /workspace/simulation-scripts/topo_files/tree16_bw200Gbps.topo -intranode_topo /workspace/simulation-scripts/topo_files/scaleup_ft_radix32_1024_4000Gbps.topo -intranode_linkspeed 4000000 -end 100000000 -sender_cc_only -intranode_queue_type lossless_input -link_crosses_csv /tmp/lc_2acus3kq.csv -mtu 4160 -groups /tmp/scaleup_coll_footprint/inc_paper_r32_reduce_4_1.groups
paper_r32,scaleup_ft_radix32_1024_4000Gbps.topo,allgather,ring,8,32768,1,64,224,266240,473088,3.5000,1.7769,1.7500,566,5832,0,ok,ok,tree16_bw200Gbps.topo,2,1024,4160,4000000,pcm-sdk,/workspace/sim/pcm-sdk_zhiyi/pcm/build/bin/htsim_flow_app_atlahs -goal /tmp/scaleup_coll_footprint/inc_paper_r32_allgather_8_1.bin -nodes 2 -num_gpus_per_node 1024 -topo /workspace/simulation-scripts/topo_files/tree16_bw200Gbps.topo -intranode_topo /workspace/simulation-scripts/topo_files/scaleup_ft_radix32_1024_4000Gbps.topo -intranode_linkspeed 4000000 -end 100000000 -sender_cc_only -intranode_queue_type lossless_input -link_crosses_csv /tmp/lc_cd57ew0_.csv -mtu 4160 -groups /tmp/scaleup_coll_footprint/inc_paper_r32_allgather_8_1.groups
paper_r32,scaleup_ft_radix32_1024_4000Gbps.topo,allgather,rdouble,8,32768,1,64,192,266240,471040,3.0000,1.7692,1.7500,566,2589,0,ok,ok,tree16_bw200Gbps.topo,2,1024,4160,4000000,pcm-sdk,/workspace/sim/pcm-sdk_zhiyi/pcm/build/bin/htsim_flow_app_atlahs -goal /tmp/scaleup_coll_footprint/inc_paper_r32_allgather_8_1.bin -nodes 2 -num_gpus_per_node 1024 -topo /workspace/simulation-scripts/topo_files/tree16_bw200Gbps.topo -intranode_topo /workspace/simulation-scripts/topo_files/scaleup_ft_radix32_1024_4000Gbps.topo -intranode_linkspeed 4000000 -end 100000000 -sender_cc_only -intranode_queue_type lossless_input -link_crosses_csv /tmp/lc_cd57ew0_.csv -mtu 4160 -groups /tmp/scaleup_coll_footprint/inc_paper_r32_allgather_8_1.groups
paper_r32,scaleup_ft_radix32_1024_4000Gbps.topo,allreduce,ring,8,32768,1,128,448,532480,946176,3.5000,1.7769,,574,11564,0,ok,ok,tree16_bw200Gbps.topo,2,1024,4160,4000000,pcm-sdk,/workspace/sim/pcm-sdk_zhiyi/pcm/build/bin/htsim_flow_app_atlahs -goal /tmp/scaleup_coll_footprint/inc_paper_r32_allreduce_8_1.bin -nodes 2 -num_gpus_per_node 1024 -topo /workspace/simulation-scripts/topo_files/tree16_bw200Gbps.topo -intranode_topo /workspace/simulation-scripts/topo_files/scaleup_ft_radix32_1024_4000Gbps.topo -intranode_linkspeed 4000000 -end 100000000 -sender_cc_only -intranode_queue_type lossless_input -link_crosses_csv /tmp/lc_btggzd5f.csv -mtu 4160 -groups /tmp/scaleup_coll_footprint/inc_paper_r32_allreduce_8_1.groups
paper_r32,scaleup_ft_radix32_1024_4000Gbps.topo,allreduce,rdouble,8,32768,1,128,384,532480,942080,3.0000,1.7692,,574,5079,0,ok,ok,tree16_bw200Gbps.topo,2,1024,4160,4000000,pcm-sdk,/workspace/sim/pcm-sdk_zhiyi/pcm/build/bin/htsim_flow_app_atlahs -goal /tmp/scaleup_coll_footprint/inc_paper_r32_allreduce_8_1.bin -nodes 2 -num_gpus_per_node 1024 -topo /workspace/simulation-scripts/topo_files/tree16_bw200Gbps.topo -intranode_topo /workspace/simulation-scripts/topo_files/scaleup_ft_radix32_1024_4000Gbps.topo -intranode_linkspeed 4000000 -end 100000000 -sender_cc_only -intranode_queue_type lossless_input -link_crosses_csv /tmp/lc_btggzd5f.csv -mtu 4160 -groups /tmp/scaleup_coll_footprint/inc_paper_r32_allreduce_8_1.groups
paper_r32,scaleup_ft_radix32_1024_4000Gbps.topo,reduce_scatter,ring,8,32768,1,64,224,266240,473088,3.5000,1.7769,,566,5832,0,ok,ok,tree16_bw200Gbps.topo,2,1024,4160,4000000,pcm-sdk,/workspace/sim/pcm-sdk_zhiyi/pcm/build/bin/htsim_flow_app_atlahs -goal /tmp/scaleup_coll_footprint/inc_paper_r32_reduce_scatter_8_1.bin -nodes 2 -num_gpus_per_node 1024 -topo /workspace/simulation-scripts/topo_files/tree16_bw200Gbps.topo -intranode_topo /workspace/simulation-scripts/topo_files/scaleup_ft_radix32_1024_4000Gbps.topo -intranode_linkspeed 4000000 -end 100000000 -sender_cc_only -intranode_queue_type lossless_input -link_crosses_csv /tmp/lc_axem7oek.csv -mtu 4160 -groups /tmp/scaleup_coll_footprint/inc_paper_r32_reduce_scatter_8_1.groups
paper_r32,scaleup_ft_radix32_1024_4000Gbps.topo,reduce_scatter,rdouble,8,32768,1,64,192,266240,471040,3.0000,1.7692,,566,2589,0,ok,ok,tree16_bw200Gbps.topo,2,1024,4160,4000000,pcm-sdk,/workspace/sim/pcm-sdk_zhiyi/pcm/build/bin/htsim_flow_app_atlahs -goal /tmp/scaleup_coll_footprint/inc_paper_r32_reduce_scatter_8_1.bin -nodes 2 -num_gpus_per_node 1024 -topo /workspace/simulation-scripts/topo_files/tree16_bw200Gbps.topo -intranode_topo /workspace/simulation-scripts/topo_files/scaleup_ft_radix32_1024_4000Gbps.topo -intranode_linkspeed 4000000 -end 100000000 -sender_cc_only -intranode_queue_type lossless_input -link_crosses_csv /tmp/lc_axem7oek.csv -mtu 4160 -groups /tmp/scaleup_coll_footprint/inc_paper_r32_reduce_scatter_8_1.groups
paper_r32,scaleup_ft_radix32_1024_4000Gbps.topo,bcast,ring,8,32768,1,64,224,266240,473088,3.5000,1.7769,,574,5932,0,ok,ok,tree16_bw200Gbps.topo,2,1024,4160,4000000,pcm-sdk,/workspace/sim/pcm-sdk_zhiyi/pcm/build/bin/htsim_flow_app_atlahs -goal /tmp/scaleup_coll_footprint/inc_paper_r32_bcast_8_1.bin -nodes 2 -num_gpus_per_node 1024 -topo /workspace/simulation-scripts/topo_files/tree16_bw200Gbps.topo -intranode_topo /workspace/simulation-scripts/topo_files/scaleup_ft_radix32_1024_4000Gbps.topo -intranode_linkspeed 4000000 -end 100000000 -sender_cc_only -intranode_queue_type lossless_input -link_crosses_csv /tmp/lc_ill9qac4.csv -mtu 4160 -groups /tmp/scaleup_coll_footprint/inc_paper_r32_bcast_8_1.groups
paper_r32,scaleup_ft_radix32_1024_4000Gbps.topo,reduce,ring,8,32768,1,64,224,266240,473088,3.5000,1.7769,,574,5932,0,ok,ok,tree16_bw200Gbps.topo,2,1024,4160,4000000,pcm-sdk,/workspace/sim/pcm-sdk_zhiyi/pcm/build/bin/htsim_flow_app_atlahs -goal /tmp/scaleup_coll_footprint/inc_paper_r32_reduce_8_1.bin -nodes 2 -num_gpus_per_node 1024 -topo /workspace/simulation-scripts/topo_files/tree16_bw200Gbps.topo -intranode_topo /workspace/simulation-scripts/topo_files/scaleup_ft_radix32_1024_4000Gbps.topo -intranode_linkspeed 4000000 -end 100000000 -sender_cc_only -intranode_queue_type lossless_input -link_crosses_csv /tmp/lc_hqhyl_qn.csv -mtu 4160 -groups /tmp/scaleup_coll_footprint/inc_paper_r32_reduce_8_1.groups
paper_r32,scaleup_ft_radix32_1024_4000Gbps.topo,allgather,ring,16,65536,1,256,960,1064960,2027520,3.7500,1.9038,1.8750,633,12383,0,ok,ok,tree16_bw200Gbps.topo,2,1024,4160,4000000,pcm-sdk,/workspace/sim/pcm-sdk_zhiyi/pcm/build/bin/htsim_flow_app_atlahs -goal /tmp/scaleup_coll_footprint/inc_paper_r32_allgather_16_1.bin -nodes 2 -num_gpus_per_node 1024 -topo /workspace/simulation-scripts/topo_files/tree16_bw200Gbps.topo -intranode_topo /workspace/simulation-scripts/topo_files/scaleup_ft_radix32_1024_4000Gbps.topo -intranode_linkspeed 4000000 -end 100000000 -sender_cc_only -intranode_queue_type lossless_input -link_crosses_csv /tmp/lc_z5cg9qhr.csv -mtu 4160 -groups /tmp/scaleup_coll_footprint/inc_paper_r32_allgather_16_1.groups
paper_r32,scaleup_ft_radix32_1024_4000Gbps.topo,allgather,rdouble,16,65536,1,256,736,1064960,2013184,2.8750,1.8904,1.8750,633,3467,0,ok,ok,tree16_bw200Gbps.topo,2,1024,4160,4000000,pcm-sdk,/workspace/sim/pcm-sdk_zhiyi/pcm/build/bin/htsim_flow_app_atlahs -goal /tmp/scaleup_coll_footprint/inc_paper_r32_allgather_16_1.bin -nodes 2 -num_gpus_per_node 1024 -topo /workspace/simulation-scripts/topo_files/tree16_bw200Gbps.topo -intranode_topo /workspace/simulation-scripts/topo_files/scaleup_ft_radix32_1024_4000Gbps.topo -intranode_linkspeed 4000000 -end 100000000 -sender_cc_only -intranode_queue_type lossless_input -link_crosses_csv /tmp/lc_z5cg9qhr.csv -mtu 4160 -groups /tmp/scaleup_coll_footprint/inc_paper_r32_allgather_16_1.groups
paper_r32,scaleup_ft_radix32_1024_4000Gbps.topo,allreduce,ring,16,65536,1,512,1920,2129920,4055040,3.7500,1.9038,,641,24666,0,ok,ok,tree16_bw200Gbps.topo,2,1024,4160,4000000,pcm-sdk,/workspace/sim/pcm-sdk_zhiyi/pcm/build/bin/htsim_flow_app_atlahs -goal /tmp/scaleup_coll_footprint/inc_paper_r32_allreduce_16_1.bin -nodes 2 -num_gpus_per_node 1024 -topo /workspace/simulation-scripts/topo_files/tree16_bw200Gbps.topo -intranode_topo /workspace/simulation-scripts/topo_files/scaleup_ft_radix32_1024_4000Gbps.topo -intranode_linkspeed 4000000 -end 100000000 -sender_cc_only -intranode_queue_type lossless_input -link_crosses_csv /tmp/lc_ssuaczlv.csv -mtu 4160 -groups /tmp/scaleup_coll_footprint/inc_paper_r32_allreduce_16_1.groups
paper_r32,scaleup_ft_radix32_1024_4000Gbps.topo,allreduce,rdouble,16,65536,1,512,1472,2129920,4026368,2.8750,1.8904,,641,6834,0,ok,ok,tree16_bw200Gbps.topo,2,1024,4160,4000000,pcm-sdk,/workspace/sim/pcm-sdk_zhiyi/pcm/build/bin/htsim_flow_app_atlahs -goal /tmp/scaleup_coll_footprint/inc_paper_r32_allreduce_16_1.bin -nodes 2 -num_gpus_per_node 1024 -topo /workspace/simulation-scripts/topo_files/tree16_bw200Gbps.topo -intranode_topo /workspace/simulation-scripts/topo_files/scaleup_ft_radix32_1024_4000Gbps.topo -intranode_linkspeed 4000000 -end 100000000 -sender_cc_only -intranode_queue_type lossless_input -link_crosses_csv /tmp/lc_ssuaczlv.csv -mtu 4160 -groups /tmp/scaleup_coll_footprint/inc_paper_r32_allreduce_16_1.groups
paper_r32,scaleup_ft_radix32_1024_4000Gbps.topo,reduce_scatter,ring,16,65536,1,256,960,1064960,2027520,3.7500,1.9038,,633,12383,0,ok,ok,tree16_bw200Gbps.topo,2,1024,4160,4000000,pcm-sdk,/workspace/sim/pcm-sdk_zhiyi/pcm/build/bin/htsim_flow_app_atlahs -goal /tmp/scaleup_coll_footprint/inc_paper_r32_reduce_scatter_16_1.bin -nodes 2 -num_gpus_per_node 1024 -topo /workspace/simulation-scripts/topo_files/tree16_bw200Gbps.topo -intranode_topo /workspace/simulation-scripts/topo_files/scaleup_ft_radix32_1024_4000Gbps.topo -intranode_linkspeed 4000000 -end 100000000 -sender_cc_only -intranode_queue_type lossless_input -link_crosses_csv /tmp/lc_koxfog_b.csv -mtu 4160 -groups /tmp/scaleup_coll_footprint/inc_paper_r32_reduce_scatter_16_1.groups
paper_r32,scaleup_ft_radix32_1024_4000Gbps.topo,reduce_scatter,rdouble,16,65536,1,256,736,1064960,2013184,2.8750,1.8904,,633,3467,0,ok,ok,tree16_bw200Gbps.topo,2,1024,4160,4000000,pcm-sdk,/workspace/sim/pcm-sdk_zhiyi/pcm/build/bin/htsim_flow_app_atlahs -goal /tmp/scaleup_coll_footprint/inc_paper_r32_reduce_scatter_16_1.bin -nodes 2 -num_gpus_per_node 1024 -topo /workspace/simulation-scripts/topo_files/tree16_bw200Gbps.topo -intranode_topo /workspace/simulation-scripts/topo_files/scaleup_ft_radix32_1024_4000Gbps.topo -intranode_linkspeed 4000000 -end 100000000 -sender_cc_only -intranode_queue_type lossless_input -link_crosses_csv /tmp/lc_koxfog_b.csv -mtu 4160 -groups /tmp/scaleup_coll_footprint/inc_paper_r32_reduce_scatter_16_1.groups
paper_r32,scaleup_ft_radix32_1024_4000Gbps.topo,bcast,ring,16,65536,1,256,960,1064960,2027520,3.7500,1.9038,,641,12595,0,ok,ok,tree16_bw200Gbps.topo,2,1024,4160,4000000,pcm-sdk,/workspace/sim/pcm-sdk_zhiyi/pcm/build/bin/htsim_flow_app_atlahs -goal /tmp/scaleup_coll_footprint/inc_paper_r32_bcast_16_1.bin -nodes 2 -num_gpus_per_node 1024 -topo /workspace/simulation-scripts/topo_files/tree16_bw200Gbps.topo -intranode_topo /workspace/simulation-scripts/topo_files/scaleup_ft_radix32_1024_4000Gbps.topo -intranode_linkspeed 4000000 -end 100000000 -sender_cc_only -intranode_queue_type lossless_input -link_crosses_csv /tmp/lc_fdcvk5cj.csv -mtu 4160 -groups /tmp/scaleup_coll_footprint/inc_paper_r32_bcast_16_1.groups
paper_r32,scaleup_ft_radix32_1024_4000Gbps.topo,reduce,ring,16,65536,1,256,960,1064960,2027520,3.7500,1.9038,,641,12595,0,ok,ok,tree16_bw200Gbps.topo,2,1024,4160,4000000,pcm-sdk,/workspace/sim/pcm-sdk_zhiyi/pcm/build/bin/htsim_flow_app_atlahs -goal /tmp/scaleup_coll_footprint/inc_paper_r32_reduce_16_1.bin -nodes 2 -num_gpus_per_node 1024 -topo /workspace/simulation-scripts/topo_files/tree16_bw200Gbps.topo -intranode_topo /workspace/simulation-scripts/topo_files/scaleup_ft_radix32_1024_4000Gbps.topo -intranode_linkspeed 4000000 -end 100000000 -sender_cc_only -intranode_queue_type lossless_input -link_crosses_csv /tmp/lc_fuqair6w.csv -mtu 4160 -groups /tmp/scaleup_coll_footprint/inc_paper_r32_reduce_16_1.groups
paper_r32,scaleup_ft_radix32_1024_4000Gbps.topo,allgather,ring,32,131072,1,1088,4216,4526080,8904192,3.8750,1.9673,1.9375,1358,69409,0,ok,ok,tree16_bw200Gbps.topo,2,1024,4160,4000000,pcm-sdk,/workspace/sim/pcm-sdk_zhiyi/pcm/build/bin/htsim_flow_app_atlahs -goal /tmp/scaleup_coll_footprint/inc_paper_r32_allgather_32_1.bin -nodes 2 -num_gpus_per_node 1024 -topo /workspace/simulation-scripts/topo_files/tree16_bw200Gbps.topo -intranode_topo /workspace/simulation-scripts/topo_files/scaleup_ft_radix32_1024_4000Gbps.topo -intranode_linkspeed 4000000 -end 100000000 -sender_cc_only -intranode_queue_type lossless_input -link_crosses_csv /tmp/lc_fxdf0ewa.csv -mtu 4160 -groups /tmp/scaleup_coll_footprint/inc_paper_r32_allgather_32_1.groups
paper_r32,scaleup_ft_radix32_1024_4000Gbps.topo,allgather,rdouble,32,131072,1,1088,4212,4526080,12590336,3.8713,2.7817,1.9375,1358,5910,0,ok,ok,tree16_bw200Gbps.topo,2,1024,4160,4000000,pcm-sdk,/workspace/sim/pcm-sdk_zhiyi/pcm/build/bin/htsim_flow_app_atlahs -goal /tmp/scaleup_coll_footprint/inc_paper_r32_allgather_32_1.bin -nodes 2 -num_gpus_per_node 1024 -topo /workspace/simulation-scripts/topo_files/tree16_bw200Gbps.topo -intranode_topo /workspace/simulation-scripts/topo_files/scaleup_ft_radix32_1024_4000Gbps.topo -intranode_linkspeed 4000000 -end 100000000 -sender_cc_only -intranode_queue_type lossless_input -link_crosses_csv /tmp/lc_fxdf0ewa.csv -mtu 4160 -groups /tmp/scaleup_coll_footprint/inc_paper_r32_allgather_32_1.groups
paper_r32,scaleup_ft_radix32_1024_4000Gbps.topo,allreduce,ring,32,131072,1,2176,8432,9052160,17808384,3.8750,1.9673,,1491,138719,0,ok,ok,tree16_bw200Gbps.topo,2,1024,4160,4000000,pcm-sdk,/workspace/sim/pcm-sdk_zhiyi/pcm/build/bin/htsim_flow_app_atlahs -goal /tmp/scaleup_coll_footprint/inc_paper_r32_allreduce_32_1.bin -nodes 2 -num_gpus_per_node 1024 -topo /workspace/simulation-scripts/topo_files/tree16_bw200Gbps.topo -intranode_topo /workspace/simulation-scripts/topo_files/scaleup_ft_radix32_1024_4000Gbps.topo -intranode_linkspeed 4000000 -end 100000000 -sender_cc_only -intranode_queue_type lossless_input -link_crosses_csv /tmp/lc_4s40p878.csv -mtu 4160 -groups /tmp/scaleup_coll_footprint/inc_paper_r32_allreduce_32_1.groups
paper_r32,scaleup_ft_radix32_1024_4000Gbps.topo,allreduce,rdouble,32,131072,1,2176,8448,9052160,25182208,3.8824,2.7819,,1491,11696,0,ok,ok,tree16_bw200Gbps.topo,2,1024,4160,4000000,pcm-sdk,/workspace/sim/pcm-sdk_zhiyi/pcm/build/bin/htsim_flow_app_atlahs -goal /tmp/scaleup_coll_footprint/inc_paper_r32_allreduce_32_1.bin -nodes 2 -num_gpus_per_node 1024 -topo /workspace/simulation-scripts/topo_files/tree16_bw200Gbps.topo -intranode_topo /workspace/simulation-scripts/topo_files/scaleup_ft_radix32_1024_4000Gbps.topo -intranode_linkspeed 4000000 -end 100000000 -sender_cc_only -intranode_queue_type lossless_input -link_crosses_csv /tmp/lc_4s40p878.csv -mtu 4160 -groups /tmp/scaleup_coll_footprint/inc_paper_r32_allreduce_32_1.groups
paper_r32,scaleup_ft_radix32_1024_4000Gbps.topo,reduce_scatter,ring,32,131072,1,1120,4216,4659200,8904192,3.7643,1.9111,,1491,69409,0,ok,ok,tree16_bw200Gbps.topo,2,1024,4160,4000000,pcm-sdk,/workspace/sim/pcm-sdk_zhiyi/pcm/build/bin/htsim_flow_app_atlahs -goal /tmp/scaleup_coll_footprint/inc_paper_r32_reduce_scatter_32_1.bin -nodes 2 -num_gpus_per_node 1024 -topo /workspace/simulation-scripts/topo_files/tree16_bw200Gbps.topo -intranode_topo /workspace/simulation-scripts/topo_files/scaleup_ft_radix32_1024_4000Gbps.topo -intranode_linkspeed 4000000 -end 100000000 -sender_cc_only -intranode_queue_type lossless_input -link_crosses_csv /tmp/lc_xzrj94_h.csv -mtu 4160 -groups /tmp/scaleup_coll_footprint/inc_paper_r32_reduce_scatter_32_1.groups
paper_r32,scaleup_ft_radix32_1024_4000Gbps.topo,reduce_scatter,rdouble,32,131072,1,1120,4228,4659200,12591360,3.7750,2.7025,,1491,5901,0,ok,ok,tree16_bw200Gbps.topo,2,1024,4160,4000000,pcm-sdk,/workspace/sim/pcm-sdk_zhiyi/pcm/build/bin/htsim_flow_app_atlahs -goal /tmp/scaleup_coll_footprint/inc_paper_r32_reduce_scatter_32_1.bin -nodes 2 -num_gpus_per_node 1024 -topo /workspace/simulation-scripts/topo_files/tree16_bw200Gbps.topo -intranode_topo /workspace/simulation-scripts/topo_files/scaleup_ft_radix32_1024_4000Gbps.topo -intranode_linkspeed 4000000 -end 100000000 -sender_cc_only -intranode_queue_type lossless_input -link_crosses_csv /tmp/lc_xzrj94_h.csv -mtu 4160 -groups /tmp/scaleup_coll_footprint/inc_paper_r32_reduce_scatter_32_1.groups
paper_r32,scaleup_ft_radix32_1024_4000Gbps.topo,bcast,ring,32,131072,1,1088,4096,4526080,8650752,3.7647,1.9113,,1491,27338,0,ok,ok,tree16_bw200Gbps.topo,2,1024,4160,4000000,pcm-sdk,/workspace/sim/pcm-sdk_zhiyi/pcm/build/bin/htsim_flow_app_atlahs -goal /tmp/scaleup_coll_footprint/inc_paper_r32_bcast_32_1.bin -nodes 2 -num_gpus_per_node 1024 -topo /workspace/simulation-scripts/topo_files/tree16_bw200Gbps.topo -intranode_topo /workspace/simulation-scripts/topo_files/scaleup_ft_radix32_1024_4000Gbps.topo -intranode_linkspeed 4000000 -end 100000000 -sender_cc_only -intranode_queue_type lossless_input -link_crosses_csv /tmp/lc_9ophnkjx.csv -mtu 4160 -groups /tmp/scaleup_coll_footprint/inc_paper_r32_bcast_32_1.groups
paper_r32,scaleup_ft_radix32_1024_4000Gbps.topo,reduce,ring,32,131072,1,1120,4096,4659200,8650752,3.6571,1.8567,,1491,27338,0,ok,ok,tree16_bw200Gbps.topo,2,1024,4160,4000000,pcm-sdk,/workspace/sim/pcm-sdk_zhiyi/pcm/build/bin/htsim_flow_app_atlahs -goal /tmp/scaleup_coll_footprint/inc_paper_r32_reduce_32_1.bin -nodes 2 -num_gpus_per_node 1024 -topo /workspace/simulation-scripts/topo_files/tree16_bw200Gbps.topo -intranode_topo /workspace/simulation-scripts/topo_files/scaleup_ft_radix32_1024_4000Gbps.topo -intranode_linkspeed 4000000 -end 100000000 -sender_cc_only -intranode_queue_type lossless_input -link_crosses_csv /tmp/lc_zxzzs9ob.csv -mtu 4160 -groups /tmp/scaleup_coll_footprint/inc_paper_r32_reduce_32_1.groups
paper_r32,scaleup_ft_radix32_1024_4000Gbps.topo,allgather,ring,64,262144,1,4352,17136,18104320,36191232,3.9375,1.9990,1.9688,1624,140954,0,ok,ok,tree16_bw200Gbps.topo,2,1024,4160,4000000,pcm-sdk,/workspace/sim/pcm-sdk_zhiyi/pcm/build/bin/htsim_flow_app_atlahs -goal /tmp/scaleup_coll_footprint/inc_paper_r32_allgather_64_1.bin -nodes 2 -num_gpus_per_node 1024 -topo /workspace/simulation-scripts/topo_files/tree16_bw200Gbps.topo -intranode_topo /workspace/simulation-scripts/topo_files/scaleup_ft_radix32_1024_4000Gbps.topo -intranode_linkspeed 4000000 -end 100000000 -sender_cc_only -intranode_queue_type lossless_input -link_crosses_csv /tmp/lc_ie_9pl23.csv -mtu 4160 -groups /tmp/scaleup_coll_footprint/inc_paper_r32_allgather_64_1.groups
paper_r32,scaleup_ft_radix32_1024_4000Gbps.topo,allgather,rdouble,64,262144,1,4352,19000,18104320,59411968,4.3658,3.2816,1.9688,1624,8479,0,ok,ok,tree16_bw200Gbps.topo,2,1024,4160,4000000,pcm-sdk,/workspace/sim/pcm-sdk_zhiyi/pcm/build/bin/htsim_flow_app_atlahs -goal /tmp/scaleup_coll_footprint/inc_paper_r32_allgather_64_1.bin -nodes 2 -num_gpus_per_node 1024 -topo /workspace/simulation-scripts/topo_files/tree16_bw200Gbps.topo -intranode_topo /workspace/simulation-scripts/topo_files/scaleup_ft_radix32_1024_4000Gbps.topo -intranode_linkspeed 4000000 -end 100000000 -sender_cc_only -intranode_queue_type lossless_input -link_crosses_csv /tmp/lc_ie_9pl23.csv -mtu 4160 -groups /tmp/scaleup_coll_footprint/inc_paper_r32_allgather_64_1.groups
paper_r32,scaleup_ft_radix32_1024_4000Gbps.topo,allreduce,ring,64,262144,1,8704,34272,36208640,72382464,3.9375,1.9990,,1757,281809,0,ok,ok,tree16_bw200Gbps.topo,2,1024,4160,4000000,pcm-sdk,/workspace/sim/pcm-sdk_zhiyi/pcm/build/bin/htsim_flow_app_atlahs -goal /tmp/scaleup_coll_footprint/inc_paper_r32_allreduce_64_1.bin -nodes 2 -num_gpus_per_node 1024 -topo /workspace/simulation-scripts/topo_files/tree16_bw200Gbps.topo -intranode_topo /workspace/simulation-scripts/topo_files/scaleup_ft_radix32_1024_4000Gbps.topo -intranode_linkspeed 4000000 -end 100000000 -sender_cc_only -intranode_queue_type lossless_input -link_crosses_csv /tmp/lc_nxo24u_m.csv -mtu 4160 -groups /tmp/scaleup_coll_footprint/inc_paper_r32_allreduce_64_1.groups
paper_r32,scaleup_ft_radix32_1024_4000Gbps.topo,allreduce,rdouble,64,262144,1,8704,38064,36208640,118828032,4.3732,3.2818,,1757,16842,0,ok,ok,tree16_bw200Gbps.topo,2,1024,4160,4000000,pcm-sdk,/workspace/sim/pcm-sdk_zhiyi/pcm/build/bin/htsim_flow_app_atlahs -goal /tmp/scaleup_coll_footprint/inc_paper_r32_allreduce_64_1.bin -nodes 2 -num_gpus_per_node 1024 -topo /workspace/simulation-scripts/topo_files/tree16_bw200Gbps.topo -intranode_topo /workspace/simulation-scripts/topo_files/scaleup_ft_radix32_1024_4000Gbps.topo -intranode_linkspeed 4000000 -end 100000000 -sender_cc_only -intranode_queue_type lossless_input -link_crosses_csv /tmp/lc_nxo24u_m.csv -mtu 4160 -groups /tmp/scaleup_coll_footprint/inc_paper_r32_allreduce_64_1.groups
paper_r32,scaleup_ft_radix32_1024_4000Gbps.topo,reduce_scatter,ring,64,262144,1,4416,17136,18370560,36191232,3.8804,1.9701,,1757,140954,0,ok,ok,tree16_bw200Gbps.topo,2,1024,4160,4000000,pcm-sdk,/workspace/sim/pcm-sdk_zhiyi/pcm/build/bin/htsim_flow_app_atlahs -goal /tmp/scaleup_coll_footprint/inc_paper_r32_reduce_scatter_64_1.bin -nodes 2 -num_gpus_per_node 1024 -topo /workspace/simulation-scripts/topo_files/tree16_bw200Gbps.topo -intranode_topo /workspace/simulation-scripts/topo_files/scaleup_ft_radix32_1024_4000Gbps.topo -intranode_linkspeed 4000000 -end 100000000 -sender_cc_only -intranode_queue_type lossless_input -link_crosses_csv /tmp/lc_zgl67bge.csv -mtu 4160 -groups /tmp/scaleup_coll_footprint/inc_paper_r32_reduce_scatter_64_1.groups
paper_r32,scaleup_ft_radix32_1024_4000Gbps.topo,reduce_scatter,rdouble,64,262144,1,4416,19052,18370560,59415296,4.3143,3.2343,,1757,8462,0,ok,ok,tree16_bw200Gbps.topo,2,1024,4160,4000000,pcm-sdk,/workspace/sim/pcm-sdk_zhiyi/pcm/build/bin/htsim_flow_app_atlahs -goal /tmp/scaleup_coll_footprint/inc_paper_r32_reduce_scatter_64_1.bin -nodes 2 -num_gpus_per_node 1024 -topo /workspace/simulation-scripts/topo_files/tree16_bw200Gbps.topo -intranode_topo /workspace/simulation-scripts/topo_files/scaleup_ft_radix32_1024_4000Gbps.topo -intranode_linkspeed 4000000 -end 100000000 -sender_cc_only -intranode_queue_type lossless_input -link_crosses_csv /tmp/lc_zgl67bge.csv -mtu 4160 -groups /tmp/scaleup_coll_footprint/inc_paper_r32_reduce_scatter_64_1.groups
paper_r32,scaleup_ft_radix32_1024_4000Gbps.topo,bcast,ring,64,262144,1,4352,16896,18104320,35684352,3.8824,1.9710,,1757,56825,0,ok,ok,tree16_bw200Gbps.topo,2,1024,4160,4000000,pcm-sdk,/workspace/sim/pcm-sdk_zhiyi/pcm/build/bin/htsim_flow_app_atlahs -goal /tmp/scaleup_coll_footprint/inc_paper_r32_bcast_64_1.bin -nodes 2 -num_gpus_per_node 1024 -topo /workspace/simulation-scripts/topo_files/tree16_bw200Gbps.topo -intranode_topo /workspace/simulation-scripts/topo_files/scaleup_ft_radix32_1024_4000Gbps.topo -intranode_linkspeed 4000000 -end 100000000 -sender_cc_only -intranode_queue_type lossless_input -link_crosses_csv /tmp/lc_k225rsdu.csv -mtu 4160 -groups /tmp/scaleup_coll_footprint/inc_paper_r32_bcast_64_1.groups
paper_r32,scaleup_ft_radix32_1024_4000Gbps.topo,reduce,ring,64,262144,1,4416,16896,18370560,35684352,3.8261,1.9425,,1757,56825,0,ok,ok,tree16_bw200Gbps.topo,2,1024,4160,4000000,pcm-sdk,/workspace/sim/pcm-sdk_zhiyi/pcm/build/bin/htsim_flow_app_atlahs -goal /tmp/scaleup_coll_footprint/inc_paper_r32_reduce_64_1.bin -nodes 2 -num_gpus_per_node 1024 -topo /workspace/simulation-scripts/topo_files/tree16_bw200Gbps.topo -intranode_topo /workspace/simulation-scripts/topo_files/scaleup_ft_radix32_1024_4000Gbps.topo -intranode_linkspeed 4000000 -end 100000000 -sender_cc_only -intranode_queue_type lossless_input -link_crosses_csv /tmp/lc_gvfgpj90.csv -mtu 4160 -groups /tmp/scaleup_coll_footprint/inc_paper_r32_reduce_64_1.groups
paper_r32,scaleup_ft_radix32_1024_4000Gbps.topo,allgather,ring,128,524288,1,17408,69088,72417280,145913856,3.9688,2.0149,1.9844,2156,284045,0,ok,ok,tree16_bw200Gbps.topo,2,1024,4160,4000000,pcm-sdk,/workspace/sim/pcm-sdk_zhiyi/pcm/build/bin/htsim_flow_app_atlahs -goal /tmp/scaleup_coll_footprint/inc_paper_r32_allgather_128_1.bin -nodes 2 -num_gpus_per_node 1024 -topo /workspace/simulation-scripts/topo_files/tree16_bw200Gbps.topo -intranode_topo /workspace/simulation-scripts/topo_files/scaleup_ft_radix32_1024_4000Gbps.topo -intranode_linkspeed 4000000 -end 100000000 -sender_cc_only -intranode_queue_type lossless_input -link_crosses_csv /tmp/lc_jjaevsrp.csv -mtu 4160 -groups /tmp/scaleup_coll_footprint/inc_paper_r32_allgather_128_1.groups
paper_r32,scaleup_ft_radix32_1024_4000Gbps.topo,allgather,rdouble,128,524288,1,17408,79852,72417280,255720192,4.5871,3.5312,1.9844,2156,11397,0,ok,ok,tree16_bw200Gbps.topo,2,1024,4160,4000000,pcm-sdk,/workspace/sim/pcm-sdk_zhiyi/pcm/build/bin/htsim_flow_app_atlahs -goal /tmp/scaleup_coll_footprint/inc_paper_r32_allgather_128_1.bin -nodes 2 -num_gpus_per_node 1024 -topo /workspace/simulation-scripts/topo_files/tree16_bw200Gbps.topo -intranode_topo /workspace/simulation-scripts/topo_files/scaleup_ft_radix32_1024_4000Gbps.topo -intranode_linkspeed 4000000 -end 100000000 -sender_cc_only -intranode_queue_type lossless_input -link_crosses_csv /tmp/lc_jjaevsrp.csv -mtu 4160 -groups /tmp/scaleup_coll_footprint/inc_paper_r32_allgather_128_1.groups
paper_r32,scaleup_ft_radix32_1024_4000Gbps.topo,allreduce,ring,128,524288,1,34816,138176,144834560,291827712,3.9688,2.0149,,2289,567991,0,ok,ok,tree16_bw200Gbps.topo,2,1024,4160,4000000,pcm-sdk,/workspace/sim/pcm-sdk_zhiyi/pcm/build/bin/htsim_flow_app_atlahs -goal /tmp/scaleup_coll_footprint/inc_paper_r32_allreduce_128_1.bin -nodes 2 -num_gpus_per_node 1024 -topo /workspace/simulation-scripts/topo_files/tree16_bw200Gbps.topo -intranode_topo /workspace/simulation-scripts/topo_files/scaleup_ft_radix32_1024_4000Gbps.topo -intranode_linkspeed 4000000 -end 100000000 -sender_cc_only -intranode_queue_type lossless_input -link_crosses_csv /tmp/lc_qunxs0d8.csv -mtu 4160 -groups /tmp/scaleup_coll_footprint/inc_paper_r32_allreduce_128_1.groups
paper_r32,scaleup_ft_radix32_1024_4000Gbps.topo,allreduce,rdouble,128,524288,1,34816,159608,144834560,511434240,4.5843,3.5312,,2289,22644,0,ok,ok,tree16_bw200Gbps.topo,2,1024,4160,4000000,pcm-sdk,/workspace/sim/pcm-sdk_zhiyi/pcm/build/bin/htsim_flow_app_atlahs -goal /tmp/scaleup_coll_footprint/inc_paper_r32_allreduce_128_1.bin -nodes 2 -num_gpus_per_node 1024 -topo /workspace/simulation-scripts/topo_files/tree16_bw200Gbps.topo -intranode_topo /workspace/simulation-scripts/topo_files/scaleup_ft_radix32_1024_4000Gbps.topo -intranode_linkspeed 4000000 -end 100000000 -sender_cc_only -intranode_queue_type lossless_input -link_crosses_csv /tmp/lc_qunxs0d8.csv -mtu 4160 -groups /tmp/scaleup_coll_footprint/inc_paper_r32_allreduce_128_1.groups
paper_r32,scaleup_ft_radix32_1024_4000Gbps.topo,reduce_scatter,ring,128,524288,1,17536,69088,72949760,145913856,3.9398,2.0002,,2289,284045,0,ok,ok,tree16_bw200Gbps.topo,2,1024,4160,4000000,pcm-sdk,/workspace/sim/pcm-sdk_zhiyi/pcm/build/bin/htsim_flow_app_atlahs -goal /tmp/scaleup_coll_footprint/inc_paper_r32_reduce_scatter_128_1.bin -nodes 2 -num_gpus_per_node 1024 -topo /workspace/simulation-scripts/topo_files/tree16_bw200Gbps.topo -intranode_topo /workspace/simulation-scripts/topo_files/scaleup_ft_radix32_1024_4000Gbps.topo -intranode_linkspeed 4000000 -end 100000000 -sender_cc_only -intranode_queue_type lossless_input -link_crosses_csv /tmp/lc_eyhubct8.csv -mtu 4160 -groups /tmp/scaleup_coll_footprint/inc_paper_r32_reduce_scatter_128_1.groups
paper_r32,scaleup_ft_radix32_1024_4000Gbps.topo,reduce_scatter,rdouble,128,524288,1,17536,79816,72949760,255717888,4.5516,3.5054,,2289,11362,0,ok,ok,tree16_bw200Gbps.topo,2,1024,4160,4000000,pcm-sdk,/workspace/sim/pcm-sdk_zhiyi/pcm/build/bin/htsim_flow_app_atlahs -goal /tmp/scaleup_coll_footprint/inc_paper_r32_reduce_scatter_128_1.bin -nodes 2 -num_gpus_per_node 1024 -topo /workspace/simulation-scripts/topo_files/tree16_bw200Gbps.topo -intranode_topo /workspace/simulation-scripts/topo_files/scaleup_ft_radix32_1024_4000Gbps.topo -intranode_linkspeed 4000000 -end 100000000 -sender_cc_only -intranode_queue_type lossless_input -link_crosses_csv /tmp/lc_eyhubct8.csv -mtu 4160 -groups /tmp/scaleup_coll_footprint/inc_paper_r32_reduce_scatter_128_1.groups
paper_r32,scaleup_ft_radix32_1024_4000Gbps.topo,bcast,ring,128,524288,1,17408,68608,72417280,144900096,3.9412,2.0009,,2289,116194,0,ok,ok,tree16_bw200Gbps.topo,2,1024,4160,4000000,pcm-sdk,/workspace/sim/pcm-sdk_zhiyi/pcm/build/bin/htsim_flow_app_atlahs -goal /tmp/scaleup_coll_footprint/inc_paper_r32_bcast_128_1.bin -nodes 2 -num_gpus_per_node 1024 -topo /workspace/simulation-scripts/topo_files/tree16_bw200Gbps.topo -intranode_topo /workspace/simulation-scripts/topo_files/scaleup_ft_radix32_1024_4000Gbps.topo -intranode_linkspeed 4000000 -end 100000000 -sender_cc_only -intranode_queue_type lossless_input -link_crosses_csv /tmp/lc_sy9w1yjl.csv -mtu 4160 -groups /tmp/scaleup_coll_footprint/inc_paper_r32_bcast_128_1.groups
paper_r32,scaleup_ft_radix32_1024_4000Gbps.topo,reduce,ring,128,524288,1,17536,68608,72949760,144900096,3.9124,1.9863,,2289,116194,0,ok,ok,tree16_bw200Gbps.topo,2,1024,4160,4000000,pcm-sdk,/workspace/sim/pcm-sdk_zhiyi/pcm/build/bin/htsim_flow_app_atlahs -goal /tmp/scaleup_coll_footprint/inc_paper_r32_reduce_128_1.bin -nodes 2 -num_gpus_per_node 1024 -topo /workspace/simulation-scripts/topo_files/tree16_bw200Gbps.topo -intranode_topo /workspace/simulation-scripts/topo_files/scaleup_ft_radix32_1024_4000Gbps.topo -intranode_linkspeed 4000000 -end 100000000 -sender_cc_only -intranode_queue_type lossless_input -link_crosses_csv /tmp/lc_q47h7v4m.csv -mtu 4160 -groups /tmp/scaleup_coll_footprint/inc_paper_r32_reduce_128_1.groups
paper_r32,scaleup_ft_radix32_1024_4000Gbps.topo,allgather,ring,256,1048576,1,69632,277440,289669120,585953280,3.9844,2.0228,1.9922,3221,570226,0,ok,ok,tree16_bw200Gbps.topo,2,1024,4160,4000000,pcm-sdk,/workspace/sim/pcm-sdk_zhiyi/pcm/build/bin/htsim_flow_app_atlahs -goal /tmp/scaleup_coll_footprint/inc_paper_r32_allgather_256_1.bin -nodes 2 -num_gpus_per_node 1024 -topo /workspace/simulation-scripts/topo_files/tree16_bw200Gbps.topo -intranode_topo /workspace/simulation-scripts/topo_files/scaleup_ft_radix32_1024_4000Gbps.topo -intranode_linkspeed 4000000 -end 100000000 -sender_cc_only -intranode_queue_type lossless_input -link_crosses_csv /tmp/lc_2vpdf4vo.csv -mtu 4160 -groups /tmp/scaleup_coll_footprint/inc_paper_r32_allgather_256_1.groups
paper_r32,scaleup_ft_radix32_1024_4000Gbps.topo,allgather,rdouble,256,1048576,1,69632,325064,289669120,1058894336,4.6683,3.6555,1.9922,3221,14955,0,ok,ok,tree16_bw200Gbps.topo,2,1024,4160,4000000,pcm-sdk,/workspace/sim/pcm-sdk_zhiyi/pcm/build/bin/htsim_flow_app_atlahs -goal /tmp/scaleup_coll_footprint/inc_paper_r32_allgather_256_1.bin -nodes 2 -num_gpus_per_node 1024 -topo /workspace/simulation-scripts/topo_files/tree16_bw200Gbps.topo -intranode_topo /workspace/simulation-scripts/topo_files/scaleup_ft_radix32_1024_4000Gbps.topo -intranode_linkspeed 4000000 -end 100000000 -sender_cc_only -intranode_queue_type lossless_input -link_crosses_csv /tmp/lc_2vpdf4vo.csv -mtu 4160 -groups /tmp/scaleup_coll_footprint/inc_paper_r32_allgather_256_1.groups
paper_r32,scaleup_ft_radix32_1024_4000Gbps.topo,allreduce,ring,256,1048576,1,139264,554880,579338240,1171906560,3.9844,2.0228,,3354,1140353,0,ok,ok,tree16_bw200Gbps.topo,2,1024,4160,4000000,pcm-sdk,/workspace/sim/pcm-sdk_zhiyi/pcm/build/bin/htsim_flow_app_atlahs -goal /tmp/scaleup_coll_footprint/inc_paper_r32_allreduce_256_1.bin -nodes 2 -num_gpus_per_node 1024 -topo /workspace/simulation-scripts/topo_files/tree16_bw200Gbps.topo -intranode_topo /workspace/simulation-scripts/topo_files/scaleup_ft_radix32_1024_4000Gbps.topo -intranode_linkspeed 4000000 -end 100000000 -sender_cc_only -intranode_queue_type lossless_input -link_crosses_csv /tmp/lc_3qeyk1qb.csv -mtu 4160 -groups /tmp/scaleup_coll_footprint/inc_paper_r32_allreduce_256_1.groups
paper_r32,scaleup_ft_radix32_1024_4000Gbps.topo,allreduce,rdouble,256,1048576,1,139264,649936,579338240,2117776384,4.6669,3.6555,,3354,29767,0,ok,ok,tree16_bw200Gbps.topo,2,1024,4160,4000000,pcm-sdk,/workspace/sim/pcm-sdk_zhiyi/pcm/build/bin/htsim_flow_app_atlahs -goal /tmp/scaleup_coll_footprint/inc_paper_r32_allreduce_256_1.bin -nodes 2 -num_gpus_per_node 1024 -topo /workspace/simulation-scripts/topo_files/tree16_bw200Gbps.topo -intranode_topo /workspace/simulation-scripts/topo_files/scaleup_ft_radix32_1024_4000Gbps.topo -intranode_linkspeed 4000000 -end 100000000 -sender_cc_only -intranode_queue_type lossless_input -link_crosses_csv /tmp/lc_3qeyk1qb.csv -mtu 4160 -groups /tmp/scaleup_coll_footprint/inc_paper_r32_allreduce_256_1.groups
paper_r32,scaleup_ft_radix32_1024_4000Gbps.topo,reduce_scatter,ring,256,1048576,1,69888,277440,290734080,585953280,3.9698,2.0154,,3354,570226,0,ok,ok,tree16_bw200Gbps.topo,2,1024,4160,4000000,pcm-sdk,/workspace/sim/pcm-sdk_zhiyi/pcm/build/bin/htsim_flow_app_atlahs -goal /tmp/scaleup_coll_footprint/inc_paper_r32_reduce_scatter_256_1.bin -nodes 2 -num_gpus_per_node 1024 -topo /workspace/simulation-scripts/topo_files/tree16_bw200Gbps.topo -intranode_topo /workspace/simulation-scripts/topo_files/scaleup_ft_radix32_1024_4000Gbps.topo -intranode_linkspeed 4000000 -end 100000000 -sender_cc_only -intranode_queue_type lossless_input -link_crosses_csv /tmp/lc_jm1z2jei.csv -mtu 4160 -groups /tmp/scaleup_coll_footprint/inc_paper_r32_reduce_scatter_256_1.groups
paper_r32,scaleup_ft_radix32_1024_4000Gbps.topo,reduce_scatter,rdouble,256,1048576,1,69888,324900,290734080,1058883840,4.6489,3.6421,,3354,14928,0,ok,ok,tree16_bw200Gbps.topo,2,1024,4160,4000000,pcm-sdk,/workspace/sim/pcm-sdk_zhiyi/pcm/build/bin/htsim_flow_app_atlahs -goal /tmp/scaleup_coll_footprint/inc_paper_r32_reduce_scatter_256_1.bin -nodes 2 -num_gpus_per_node 1024 -topo /workspace/simulation-scripts/topo_files/tree16_bw200Gbps.topo -intranode_topo /workspace/simulation-scripts/topo_files/scaleup_ft_radix32_1024_4000Gbps.topo -intranode_linkspeed 4000000 -end 100000000 -sender_cc_only -intranode_queue_type lossless_input -link_crosses_csv /tmp/lc_jm1z2jei.csv -mtu 4160 -groups /tmp/scaleup_coll_footprint/inc_paper_r32_reduce_scatter_256_1.groups
paper_r32,scaleup_ft_radix32_1024_4000Gbps.topo,bcast,ring,256,1048576,1,69632,276480,289669120,583925760,3.9706,2.0158,,3354,234801,0,ok,ok,tree16_bw200Gbps.topo,2,1024,4160,4000000,pcm-sdk,/workspace/sim/pcm-sdk_zhiyi/pcm/build/bin/htsim_flow_app_atlahs -goal /tmp/scaleup_coll_footprint/inc_paper_r32_bcast_256_1.bin -nodes 2 -num_gpus_per_node 1024 -topo /workspace/simulation-scripts/topo_files/tree16_bw200Gbps.topo -intranode_topo /workspace/simulation-scripts/topo_files/scaleup_ft_radix32_1024_4000Gbps.topo -intranode_linkspeed 4000000 -end 100000000 -sender_cc_only -intranode_queue_type lossless_input -link_crosses_csv /tmp/lc_co9bzstb.csv -mtu 4160 -groups /tmp/scaleup_coll_footprint/inc_paper_r32_bcast_256_1.groups
paper_r32,scaleup_ft_radix32_1024_4000Gbps.topo,reduce,ring,256,1048576,1,69888,276480,290734080,583925760,3.9560,2.0085,,3354,234801,0,ok,ok,tree16_bw200Gbps.topo,2,1024,4160,4000000,pcm-sdk,/workspace/sim/pcm-sdk_zhiyi/pcm/build/bin/htsim_flow_app_atlahs -goal /tmp/scaleup_coll_footprint/inc_paper_r32_reduce_256_1.bin -nodes 2 -num_gpus_per_node 1024 -topo /workspace/simulation-scripts/topo_files/tree16_bw200Gbps.topo -intranode_topo /workspace/simulation-scripts/topo_files/scaleup_ft_radix32_1024_4000Gbps.topo -intranode_linkspeed 4000000 -end 100000000 -sender_cc_only -intranode_queue_type lossless_input -link_crosses_csv /tmp/lc_s7onoat5.csv -mtu 4160 -groups /tmp/scaleup_coll_footprint/inc_paper_r32_reduce_256_1.groups
paper_r32,scaleup_ft_radix32_1024_4000Gbps.topo,allgather,ring,512,2097152,1,279552,1116024,1162936320,2357042688,3.9922,2.0268,1.9961,5351,1866632,0,ok,ok,tree16_bw200Gbps.topo,2,1024,4160,4000000,pcm-sdk,/workspace/sim/pcm-sdk_zhiyi/pcm/build/bin/htsim_flow_app_atlahs -goal /tmp/scaleup_coll_footprint/inc_paper_r32_allgather_512_1.bin -nodes 2 -num_gpus_per_node 1024 -topo /workspace/simulation-scripts/topo_files/tree16_bw200Gbps.topo -intranode_topo /workspace/simulation-scripts/topo_files/scaleup_ft_radix32_1024_4000Gbps.topo -intranode_linkspeed 4000000 -end 100000000 -sender_cc_only -intranode_queue_type lossless_input -link_crosses_csv /tmp/lc_wduv8kn8.csv -mtu 4160 -groups /tmp/scaleup_coll_footprint/inc_paper_r32_allgather_512_1.groups
paper_r32,scaleup_ft_radix32_1024_4000Gbps.topo,allgather,rdouble,512,2097152,1,279552,1637544,1162936320,5402208768,5.8577,4.6453,1.9961,5351,21556,0,ok,ok,tree16_bw200Gbps.topo,2,1024,4160,4000000,pcm-sdk,/workspace/sim/pcm-sdk_zhiyi/pcm/build/bin/htsim_flow_app_atlahs -goal /tmp/scaleup_coll_footprint/inc_paper_r32_allgather_512_1.bin -nodes 2 -num_gpus_per_node 1024 -topo /workspace/simulation-scripts/topo_files/tree16_bw200Gbps.topo -intranode_topo /workspace/simulation-scripts/topo_files/scaleup_ft_radix32_1024_4000Gbps.topo -intranode_linkspeed 4000000 -end 100000000 -sender_cc_only -intranode_queue_type lossless_input -link_crosses_csv /tmp/lc_wduv8kn8.csv -mtu 4160 -groups /tmp/scaleup_coll_footprint/inc_paper_r32_allgather_512_1.groups
paper_r32,scaleup_ft_radix32_1024_4000Gbps.topo,allreduce,ring,512,2097152,1,559104,,2325872640,,,,,6201,,0,ok,rc=-9,tree16_bw200Gbps.topo,2,1024,4160,4000000,pcm-sdk,/workspace/sim/pcm-sdk_zhiyi/pcm/build/bin/htsim_flow_app_atlahs -goal /tmp/scaleup_coll_footprint/inc_paper_r32_allreduce_512_1.bin -nodes 2 -num_gpus_per_node 1024 -topo /workspace/simulation-scripts/topo_files/tree16_bw200Gbps.topo -intranode_topo /workspace/simulation-scripts/topo_files/scaleup_ft_radix32_1024_4000Gbps.topo -intranode_linkspeed 4000000 -end 100000000 -sender_cc_only -intranode_queue_type lossless_input -link_crosses_csv /tmp/lc_7nx4pnko.csv -mtu 4160 -groups /tmp/scaleup_coll_footprint/inc_paper_r32_allreduce_512_1.groups
paper_r32,scaleup_ft_radix32_1024_4000Gbps.topo,allreduce,rdouble,512,2097152,1,559104,3274574,2325872640,10804384640,5.8568,4.6453,,6201,42780,0,ok,ok,tree16_bw200Gbps.topo,2,1024,4160,4000000,pcm-sdk,/workspace/sim/pcm-sdk_zhiyi/pcm/build/bin/htsim_flow_app_atlahs -goal /tmp/scaleup_coll_footprint/inc_paper_r32_allreduce_512_1.bin -nodes 2 -num_gpus_per_node 1024 -topo /workspace/simulation-scripts/topo_files/tree16_bw200Gbps.topo -intranode_topo /workspace/simulation-scripts/topo_files/scaleup_ft_radix32_1024_4000Gbps.topo -intranode_linkspeed 4000000 -end 100000000 -sender_cc_only -intranode_queue_type lossless_input -link_crosses_csv /tmp/lc_7nx4pnko.csv -mtu 4160 -groups /tmp/scaleup_coll_footprint/inc_paper_r32_allreduce_512_1.groups
paper_r32,scaleup_ft_radix32_1024_4000Gbps.topo,reduce_scatter,ring,512,2097152,1,280576,1116024,1167196160,2357042688,3.9776,2.0194,,6201,1866632,0,ok,ok,tree16_bw200Gbps.topo,2,1024,4160,4000000,pcm-sdk,/workspace/sim/pcm-sdk_zhiyi/pcm/build/bin/htsim_flow_app_atlahs -goal /tmp/scaleup_coll_footprint/inc_paper_r32_reduce_scatter_512_1.bin -nodes 2 -num_gpus_per_node 1024 -topo /workspace/simulation-scripts/topo_files/tree16_bw200Gbps.topo -intranode_topo /workspace/simulation-scripts/topo_files/scaleup_ft_radix32_1024_4000Gbps.topo -intranode_linkspeed 4000000 -end 100000000 -sender_cc_only -intranode_queue_type lossless_input -link_crosses_csv /tmp/lc_2pke9o37.csv -mtu 4160 -groups /tmp/scaleup_coll_footprint/inc_paper_r32_reduce_scatter_512_1.groups
paper_r32,scaleup_ft_radix32_1024_4000Gbps.topo,reduce_scatter,rdouble,512,2097152,1,280576,1637048,1167196160,5402177024,5.8346,4.6283,,6201,21392,0,ok,ok,tree16_bw200Gbps.topo,2,1024,4160,4000000,pcm-sdk,/workspace/sim/pcm-sdk_zhiyi/pcm/build/bin/htsim_flow_app_atlahs -goal /tmp/scaleup_coll_footprint/inc_paper_r32_reduce_scatter_512_1.bin -nodes 2 -num_gpus_per_node 1024 -topo /workspace/simulation-scripts/topo_files/tree16_bw200Gbps.topo -intranode_topo /workspace/simulation-scripts/topo_files/scaleup_ft_radix32_1024_4000Gbps.topo -intranode_linkspeed 4000000 -end 100000000 -sender_cc_only -intranode_queue_type lossless_input -link_crosses_csv /tmp/lc_2pke9o37.csv -mtu 4160 -groups /tmp/scaleup_coll_footprint/inc_paper_r32_reduce_scatter_512_1.groups
paper_r32,scaleup_ft_radix32_1024_4000Gbps.topo,bcast,ring,512,2097152,1,279552,1112064,1162936320,2348679168,3.9780,2.0196,,6201,474950,0,ok,ok,tree16_bw200Gbps.topo,2,1024,4160,4000000,pcm-sdk,/workspace/sim/pcm-sdk_zhiyi/pcm/build/bin/htsim_flow_app_atlahs -goal /tmp/scaleup_coll_footprint/inc_paper_r32_bcast_512_1.bin -nodes 2 -num_gpus_per_node 1024 -topo /workspace/simulation-scripts/topo_files/tree16_bw200Gbps.topo -intranode_topo /workspace/simulation-scripts/topo_files/scaleup_ft_radix32_1024_4000Gbps.topo -intranode_linkspeed 4000000 -end 100000000 -sender_cc_only -intranode_queue_type lossless_input -link_crosses_csv /tmp/lc_rmh2ldb2.csv -mtu 4160 -groups /tmp/scaleup_coll_footprint/inc_paper_r32_bcast_512_1.groups
paper_r32,scaleup_ft_radix32_1024_4000Gbps.topo,reduce,ring,512,2097152,1,280576,1112064,1167196160,2348679168,3.9635,2.0122,,6201,474923,0,ok,ok,tree16_bw200Gbps.topo,2,1024,4160,4000000,pcm-sdk,/workspace/sim/pcm-sdk_zhiyi/pcm/build/bin/htsim_flow_app_atlahs -goal /tmp/scaleup_coll_footprint/inc_paper_r32_reduce_512_1.bin -nodes 2 -num_gpus_per_node 1024 -topo /workspace/simulation-scripts/topo_files/tree16_bw200Gbps.topo -intranode_topo /workspace/simulation-scripts/topo_files/scaleup_ft_radix32_1024_4000Gbps.topo -intranode_linkspeed 4000000 -end 100000000 -sender_cc_only -intranode_queue_type lossless_input -link_crosses_csv /tmp/lc_3unc8bg0.csv -mtu 4160 -groups /tmp/scaleup_coll_footprint/inc_paper_r32_reduce_512_1.groups
paper_r32,scaleup_ft_radix32_1024_4000Gbps.topo,allgather,ring,1024,4194304,1,1118208,,4651745280,,,,1.9980,9611,,0,ok,rc=-9,tree16_bw200Gbps.topo,2,1024,4160,4000000,pcm-sdk,/workspace/sim/pcm-sdk_zhiyi/pcm/build/bin/htsim_flow_app_atlahs -goal /tmp/scaleup_coll_footprint/inc_paper_r32_allgather_1024_1.bin -nodes 2 -num_gpus_per_node 1024 -topo /workspace/simulation-scripts/topo_files/tree16_bw200Gbps.topo -intranode_topo /workspace/simulation-scripts/topo_files/scaleup_ft_radix32_1024_4000Gbps.topo -intranode_linkspeed 4000000 -end 100000000 -sender_cc_only -intranode_queue_type lossless_input -link_crosses_csv /tmp/lc_22p2cgcs.csv -mtu 4160 -groups /tmp/scaleup_coll_footprint/inc_paper_r32_allgather_1024_1.groups
paper_r32,scaleup_ft_radix32_1024_4000Gbps.topo,allgather,rdouble,1024,4194304,1,1118208,7216214,4651745280,23941551488,6.4534,5.1468,1.9980,9611,31029,0,ok,ok,tree16_bw200Gbps.topo,2,1024,4160,4000000,pcm-sdk,/workspace/sim/pcm-sdk_zhiyi/pcm/build/bin/htsim_flow_app_atlahs -goal /tmp/scaleup_coll_footprint/inc_paper_r32_allgather_1024_1.bin -nodes 2 -num_gpus_per_node 1024 -topo /workspace/simulation-scripts/topo_files/tree16_bw200Gbps.topo -intranode_topo /workspace/simulation-scripts/topo_files/scaleup_ft_radix32_1024_4000Gbps.topo -intranode_linkspeed 4000000 -end 100000000 -sender_cc_only -intranode_queue_type lossless_input -link_crosses_csv /tmp/lc_22p2cgcs.csv -mtu 4160 -groups /tmp/scaleup_coll_footprint/inc_paper_r32_allgather_1024_1.groups
paper_r32,scaleup_ft_radix32_1024_4000Gbps.topo,allreduce,ring,1024,4194304,1,2236416,,9303490560,,,,,10461,,0,ok,rc=-9,tree16_bw200Gbps.topo,2,1024,4160,4000000,pcm-sdk,/workspace/sim/pcm-sdk_zhiyi/pcm/build/bin/htsim_flow_app_atlahs -goal /tmp/scaleup_coll_footprint/inc_paper_r32_allreduce_1024_1.bin -nodes 2 -num_gpus_per_node 1024 -topo /workspace/simulation-scripts/topo_files/tree16_bw200Gbps.topo -intranode_topo /workspace/simulation-scripts/topo_files/scaleup_ft_radix32_1024_4000Gbps.topo -intranode_linkspeed 4000000 -end 100000000 -sender_cc_only -intranode_queue_type lossless_input -link_crosses_csv /tmp/lc_b4pve3ib.csv -mtu 4160 -groups /tmp/scaleup_coll_footprint/inc_paper_r32_allreduce_1024_1.groups
paper_r32,scaleup_ft_radix32_1024_4000Gbps.topo,allreduce,rdouble,1024,4194304,1,2236416,14431378,9303490560,47883035776,6.4529,5.1468,,10461,68223,0,ok,ok,tree16_bw200Gbps.topo,2,1024,4160,4000000,pcm-sdk,/workspace/sim/pcm-sdk_zhiyi/pcm/build/bin/htsim_flow_app_atlahs -goal /tmp/scaleup_coll_footprint/inc_paper_r32_allreduce_1024_1.bin -nodes 2 -num_gpus_per_node 1024 -topo /workspace/simulation-scripts/topo_files/tree16_bw200Gbps.topo -intranode_topo /workspace/simulation-scripts/topo_files/scaleup_ft_radix32_1024_4000Gbps.topo -intranode_linkspeed 4000000 -end 100000000 -sender_cc_only -intranode_queue_type lossless_input -link_crosses_csv /tmp/lc_b4pve3ib.csv -mtu 4160 -groups /tmp/scaleup_coll_footprint/inc_paper_r32_allreduce_1024_1.groups
paper_r32,scaleup_ft_radix32_1024_4000Gbps.topo,reduce_scatter,ring,1024,4194304,1,1120256,,4660264960,,,,,10461,,0,ok,rc=-9,tree16_bw200Gbps.topo,2,1024,4160,4000000,pcm-sdk,/workspace/sim/pcm-sdk_zhiyi/pcm/build/bin/htsim_flow_app_atlahs -goal /tmp/scaleup_coll_footprint/inc_paper_r32_reduce_scatter_1024_1.bin -nodes 2 -num_gpus_per_node 1024 -topo /workspace/simulation-scripts/topo_files/tree16_bw200Gbps.topo -intranode_topo /workspace/simulation-scripts/topo_files/scaleup_ft_radix32_1024_4000Gbps.topo -intranode_linkspeed 4000000 -end 100000000 -sender_cc_only -intranode_queue_type lossless_input -link_crosses_csv /tmp/lc_f3uqo_ae.csv -mtu 4160 -groups /tmp/scaleup_coll_footprint/inc_paper_r32_reduce_scatter_1024_1.groups
paper_r32,scaleup_ft_radix32_1024_4000Gbps.topo,reduce_scatter,rdouble,1024,4194304,1,1120256,7214996,4660264960,23941473536,6.4405,5.1374,,10461,33508,0,ok,ok,tree16_bw200Gbps.topo,2,1024,4160,4000000,pcm-sdk,/workspace/sim/pcm-sdk_zhiyi/pcm/build/bin/htsim_flow_app_atlahs -goal /tmp/scaleup_coll_footprint/inc_paper_r32_reduce_scatter_1024_1.bin -nodes 2 -num_gpus_per_node 1024 -topo /workspace/simulation-scripts/topo_files/tree16_bw200Gbps.topo -intranode_topo /workspace/simulation-scripts/topo_files/scaleup_ft_radix32_1024_4000Gbps.topo -intranode_linkspeed 4000000 -end 100000000 -sender_cc_only -intranode_queue_type lossless_input -link_crosses_csv /tmp/lc_f3uqo_ae.csv -mtu 4160 -groups /tmp/scaleup_coll_footprint/inc_paper_r32_reduce_scatter_1024_1.groups
paper_r32,scaleup_ft_radix32_1024_4000Gbps.topo,bcast,ring,1024,4194304,1,1118208,,4651745280,,,,,10461,,0,ok,rc=-9,tree16_bw200Gbps.topo,2,1024,4160,4000000,pcm-sdk,/workspace/sim/pcm-sdk_zhiyi/pcm/build/bin/htsim_flow_app_atlahs -goal /tmp/scaleup_coll_footprint/inc_paper_r32_bcast_1024_1.bin -nodes 2 -num_gpus_per_node 1024 -topo /workspace/simulation-scripts/topo_files/tree16_bw200Gbps.topo -intranode_topo /workspace/simulation-scripts/topo_files/scaleup_ft_radix32_1024_4000Gbps.topo -intranode_linkspeed 4000000 -end 100000000 -sender_cc_only -intranode_queue_type lossless_input -link_crosses_csv /tmp/lc_8wbeyvox.csv -mtu 4160 -groups /tmp/scaleup_coll_footprint/inc_paper_r32_bcast_1024_1.groups
paper_r32,scaleup_ft_radix32_1024_4000Gbps.topo,reduce,ring,1024,4194304,1,1120256,,4660264960,,,,,10461,,0,ok,rc=-9,tree16_bw200Gbps.topo,2,1024,4160,4000000,pcm-sdk,/workspace/sim/pcm-sdk_zhiyi/pcm/build/bin/htsim_flow_app_atlahs -goal /tmp/scaleup_coll_footprint/inc_paper_r32_reduce_1024_1.bin -nodes 2 -num_gpus_per_node 1024 -topo /workspace/simulation-scripts/topo_files/tree16_bw200Gbps.topo -intranode_topo /workspace/simulation-scripts/topo_files/scaleup_ft_radix32_1024_4000Gbps.topo -intranode_linkspeed 4000000 -end 100000000 -sender_cc_only -intranode_queue_type lossless_input -link_crosses_csv /tmp/lc_5xarwu25.csv -mtu 4160 -groups /tmp/scaleup_coll_footprint/inc_paper_r32_reduce_1024_1.groups
